-- phpMyAdmin SQL Dump
-- version 4.8.3
-- https://www.phpmyadmin.net/
--
-- Host: 127.0.0.1
-- Generation Time: Mar 12, 2019 at 06:39 AM
-- Server version: 10.1.36-MariaDB
-- PHP Version: 7.2.11

SET SQL_MODE = "NO_AUTO_VALUE_ON_ZERO";
SET AUTOCOMMIT = 0;
START TRANSACTION;
SET time_zone = "+00:00";


/*!40101 SET @OLD_CHARACTER_SET_CLIENT=@@CHARACTER_SET_CLIENT */;
/*!40101 SET @OLD_CHARACTER_SET_RESULTS=@@CHARACTER_SET_RESULTS */;
/*!40101 SET @OLD_COLLATION_CONNECTION=@@COLLATION_CONNECTION */;
/*!40101 SET NAMES utf8mb4 */;

--
-- Database: `try`
--

-- --------------------------------------------------------

--
-- Table structure for table `admin`
--

CREATE TABLE `admin` (
  `id` int(11) NOT NULL,
  `name` varchar(256) NOT NULL,
  `password` varchar(256) NOT NULL,
  `dept_id` int(11) NOT NULL
) ENGINE=InnoDB DEFAULT CHARSET=latin1;

--
-- Dumping data for table `admin`
--

INSERT INTO `admin` (`id`, `name`, `password`, `dept_id`) VALUES
(1, 'admin', '1234', 1),
(3, 'eee', '1234', 5),
(4, 'ece', '1234', 2),
(5, 'mech', '1234', 3),
(6, 'civil', '1234', 4),
(7, 'mba', '1234', 6),
(8, 'freshers', '1234', 7);

-- --------------------------------------------------------

--
-- Table structure for table `classes`
--

CREATE TABLE `classes` (
  `id` int(11) NOT NULL,
  `department_id` int(11) NOT NULL,
  `name` varchar(256) NOT NULL,
  `sem` int(11) NOT NULL,
  `sec` char(1) NOT NULL,
  `batch` int(4) NOT NULL,
  `isActive` tinyint(1) NOT NULL
) ENGINE=InnoDB DEFAULT CHARSET=latin1;

--
-- Dumping data for table `classes`
--

INSERT INTO `classes` (`id`, `department_id`, `name`, `sem`, `sec`, `batch`, `isActive`) VALUES
(1, 6, '1st-YEAR-MBA', 2, 'A', 2018, 1),
(2, 6, '2nd-YEAR-MBA', 4, 'A', 2017, 1),
(3, 3, '2nd-YEAR-A-SEC', 4, 'A', 2017, 1),
(4, 3, '2nd-YEAR-B-SEC', 4, 'B', 2017, 1),
(5, 3, '2nd-YEAR-C-SEC', 4, 'C', 2017, 1),
(6, 3, '3rd-YEAR-A-SEC', 6, 'A', 2016, 1),
(7, 3, '3rd-YEAR-B-SEC', 6, 'B', 2016, 1),
(8, 3, '3rd-YEAR-C-SEC', 6, 'C', 2016, 1),
(9, 3, '4th-YEAR-A-SEC', 8, 'A', 2015, 1),
(10, 3, '4th-YEAR-B-SEC', 8, 'B', 2015, 1),
(11, 3, '4th-YEAR-C-SEC', 8, 'C', 2015, 1),
(12, 4, '2nd-YEAR-A-SEC', 4, 'A', 2017, 1),
(13, 4, '3rd-YEAR-A-SEC', 6, 'A', 2016, 1),
(14, 4, '4th-YEAR-A-SEC', 8, 'A', 2015, 1),
(15, 4, '4th-YEAR-B-SEC', 8, 'B', 2015, 1),
(16, 5, '2nd-YEAR-A-SEC', 4, 'A', 2017, 1),
(17, 5, '3rd-YEAR-A-SEC', 6, 'A', 2016, 1),
(18, 5, '4th-YEAR-A-SEC', 8, 'A', 2015, 1),
(19, 2, '2nd-YEAR-A-SEC', 4, 'A', 2017, 1),
(20, 2, '3rd-YEAR-A-SEC', 6, 'A', 2016, 1),
(21, 2, '4th-YEAR-A-SEC', 8, 'A', 2015, 1),
(22, 1, '2nd-YEAR-A-SEC', 4, 'A', 2017, 1),
(23, 1, '3rd-YEAR-A-SEC', 6, 'A', 2016, 1),
(24, 1, '4th-YEAR-A-SEC', 8, 'A', 2015, 1),
(25, 3, '1st-YEAR-ME-MFE', 2, 'A', 2018, 1),
(26, 3, '2nd-YEAR-ME-MFE', 4, 'A', 2017, 1),
(27, 4, '1st-YEAR-ME-STE', 2, 'A', 2018, 1),
(28, 4, '2nd-YEAR-ME-STE', 4, 'A', 2017, 1),
(29, 5, '1st-YEAR-ME-PED', 2, 'A', 2018, 1),
(30, 5, '2nd-YEAR-ME-PED', 4, 'A', 2017, 1),
(31, 2, '1st-YEAR-ME-VLSI', 2, 'A', 2018, 1),
(32, 2, '2nd-YEAR-ME-VLSI', 4, 'A', 2017, 1),
(33, 1, '1st-YEAR-ME', 2, 'A', 2018, 1),
(34, 1, '2nd-YEAR-ME', 4, 'A', 2017, 1),
(35, 7, '1st-YEAR-A-SEC', 2, 'A', 2018, 1),
(36, 7, '1st-YEAR-B-SEC', 2, 'B', 2018, 1),
(37, 7, '1st-YEAR-C-SEC', 2, 'C', 2018, 1),
(38, 7, '1st-YEAR-D-SEC', 2, 'D', 2018, 1),
(39, 7, '1st-YEAR-E-SEC', 2, 'E', 2018, 1);

-- --------------------------------------------------------

--
-- Table structure for table `departments`
--

CREATE TABLE `departments` (
  `id` int(11) NOT NULL,
  `name` varchar(256) NOT NULL,
  `short` char(10) NOT NULL
) ENGINE=InnoDB DEFAULT CHARSET=latin1;

--
-- Dumping data for table `departments`
--

INSERT INTO `departments` (`id`, `name`, `short`) VALUES
(1, 'COMPUTER SCIENCE AND ENGINEERING', 'CSE'),
(2, 'ELECTRONICS COMMUNICATION & ENGINEERING', 'ECE'),
(3, 'MECHANICAL ENGINEERING', 'MECH'),
(4, 'CIVIL ENGINEERING', 'CIVIL'),
(5, 'ELECTRICAL AND ELECTRONICS ENGINEERING', 'EEE'),
(6, 'MASTER OF BUSINESS ADMINISTRATION', 'MBA'),
(7, 'S&H', 'S&H');

-- --------------------------------------------------------

--
-- Table structure for table `developer`
--

CREATE TABLE `developer` (
  `id` int(11) NOT NULL,
  `username` varchar(256) NOT NULL,
  `password` varchar(256) NOT NULL
) ENGINE=InnoDB DEFAULT CHARSET=latin1;

--
-- Dumping data for table `developer`
--

INSERT INTO `developer` (`id`, `username`, `password`) VALUES
(2, 'pradeep', '1234');

-- --------------------------------------------------------

--
-- Table structure for table `faculties`
--

CREATE TABLE `faculties` (
  `id` int(11) NOT NULL,
  `department_id` int(11) NOT NULL,
  `employee_number` varchar(8) NOT NULL,
  `name` varchar(256) NOT NULL,
  `password` varchar(256) NOT NULL
) ENGINE=InnoDB DEFAULT CHARSET=latin1;

--
-- Dumping data for table `faculties`
--

INSERT INTO `faculties` (`id`, `department_id`, `employee_number`, `name`, `password`) VALUES
(1, 7, 'E0002', 'Dr.N.RAMESHBABU', '1234'),
(2, 7, 'E1002', 'SYED ZAHIRULLAH.S', '1234'),
(3, 7, 'E0403', 'SHAHULHAMEED.M', '1234'),
(4, 7, 'E1068', 'RAVICHANDRAN.C', '1234'),
(5, 7, 'E1100', 'MALCOLMMARSHALL.C', '1234'),
(6, 7, 'E1106', 'SIVAKUMAR.S', '1234'),
(7, 7, 'E1005', 'Dr.A.ABBASALI', '1234'),
(8, 7, 'E1090', 'BARTHIVEL.R', '1234'),
(9, 7, 'E1115', 'Dr.V.RETHINAGIRI', '1234'),
(10, 7, 'E1116', 'FAZILAPARVEEN.K', '1234'),
(11, 7, 'E1118', 'DEVADOSS.A', '1234'),
(12, 7, 'E1036', 'VELVIZHIR', '1234'),
(13, 7, 'E1049', 'MANIKANDAN.R', '1234'),
(14, 7, 'E1073', 'MOHAMEDMEERA.N', '1234'),
(15, 7, 'E1084', 'ANITHA.R', '1234'),
(16, 7, 'E1094', 'SURESHKUMAR.S', '1234'),
(17, 7, 'E1095', 'MALATHI.S', '1234'),
(18, 7, 'E1102', 'AZHAGENDRAN.N', '1234'),
(19, 7, 'E1103', 'SIVALINGAM.A', '1234'),
(20, 7, 'E1104', 'SYED FAZULLAH.S', '1234'),
(21, 7, 'E1109', 'PRABHU.G', '1234'),
(22, 7, 'E1120', 'PRABHU.R', '1234'),
(23, 7, 'E1050', 'JEEVANANTHAN.C', '1234'),
(24, 7, 'E1078', 'BEENA.P.V', '1234'),
(25, 7, 'E1085', 'USHA.S', '1234'),
(26, 7, 'E1107', 'PRABHAKARAN.M', '1234'),
(27, 7, 'E1123', 'JOHAIRABEEVI.S', '1234'),
(28, 7, 'E1122', 'RAJASEKARAN.M', '1234'),
(29, 7, 'E1124', 'ALAGUMURUGAN.K', '1234'),
(30, 4, 'E7130', 'Dr.R.SARAVANAN', '1234'),
(31, 4, 'E7056', 'BELINJUDE.A', '1234'),
(32, 4, 'E7035', 'SWAMINATHAN.P', '1234'),
(33, 4, 'E7039', 'SEKAR.B', '1234'),
(34, 4, 'E7059', 'MANIKANDAN.S', '1234'),
(35, 4, 'E7067', 'VIMALBALAJI.T.K', '1234'),
(36, 4, 'E7106', 'ARUNSAHAYARAJ.S', '1234'),
(37, 4, 'E7108', 'BALAVIGNESH.U', '1234'),
(38, 4, 'E7109', 'JEGANRAJ.M', '1234'),
(39, 4, 'E7111', 'ELANGOVAN.R', '1234'),
(40, 4, 'E7113', 'SANTHOSHKUMAR.E', '1234'),
(41, 4, 'E7030', 'KARTHIKEYAN.S', '1234'),
(42, 4, 'E7065', 'JOSHUASAKUNTH.J', '1234'),
(43, 4, 'E7107', 'SURESH.S', '1234'),
(44, 3, 'E2245', 'Dr.T.KARTHIKEYAN', '1234'),
(45, 3, 'E2246', 'Dr.D.SARAVANAN', '1234'),
(46, 3, 'E2108', 'ROSELINE.S', '1234'),
(47, 3, 'E2243', 'Dr.C.AHILAN', '1234'),
(48, 3, 'E2080', 'RAMESHK', '1234'),
(49, 3, 'E2117', 'DHANDAYUTHABANI.M', '1234'),
(50, 3, 'E2119', 'PRABAKARAN.T', '1234'),
(51, 3, 'E2083', 'RAMKUMAR.T', '1234'),
(52, 3, 'E2091', 'KIRUBAKARAN.M', '1234'),
(53, 3, 'E2103', 'KUMARADEVAN.S', '1234'),
(54, 3, 'E2128', 'PANDIANATHAN.A', '1234'),
(55, 3, 'E2121', 'DHAMODARAN.K', '1234'),
(56, 3, 'E2100', 'PRADEEP.P', '1234'),
(57, 3, 'E2134', 'NARENDHIRA.L.S', '1234'),
(58, 3, 'E2138', 'VISVAM.M', '1234'),
(59, 3, 'E2141', 'SENTHILKUMAR.S', '1234'),
(60, 3, 'E2194', 'GOWTHAMAN.M', '1234'),
(61, 3, 'E2195', 'MANIKANDAN.D', '1234'),
(62, 3, 'E2198', 'SANKARADOSS.R', '1234'),
(63, 3, 'E2226', 'VIVEKANANTHAN.M', '1234'),
(64, 3, 'E2234', 'SENTHILKUMAR.D', '1234'),
(65, 3, 'E2230', 'SUNDARAVADIVEL.K', '1234'),
(66, 3, 'E2232', 'RAJASEKAR.K', '1234'),
(67, 3, 'E2227', 'PANDIARAJ.V', '1234'),
(68, 3, 'E2228', 'DEVARAJ.I', '1234'),
(69, 3, 'E2235', 'MANIKANDAN.E', '1234'),
(70, 3, 'E2244', 'JEYANTHAN.A', '1234'),
(71, 3, 'E2242', 'PANNEERSELVAM.K', '1234'),
(72, 5, 'E3140', 'Dr.U.SURESHKUMAR', '1234'),
(73, 5, 'E3072', 'TAMILSELVAN.D', '1234'),
(74, 5, 'E3080', 'ARUNKUMARAN.K', '1234'),
(75, 5, 'E3091', 'SAMAYASANJEEVI.S', '1234'),
(76, 5, 'E3092', 'MUTHUKUMARAN.E', '1234'),
(77, 5, 'E3094', 'RAJASEKAR.S', '1234'),
(78, 5, 'E3097', 'PANDIARAJAN.S', '1234'),
(79, 5, 'E3102', 'GURUMOORTHY.G', '1234'),
(80, 5, 'E3119', 'JAYARAJ.D', '1234'),
(81, 5, 'E3118', 'MUTHUSELVI.B', '1234'),
(82, 5, 'E3136', 'MANOHAR.P', '1234'),
(83, 5, 'E3137', 'SUGARAJ', '1234'),
(84, 5, 'E3138', 'ABIRAMI.A', '1234'),
(85, 5, 'E3139', 'KARTHICK.G', '1234'),
(86, 2, 'E4127', 'Dr.X.SUSANCHRISTINA', '1234'),
(87, 2, 'E4174', 'Dr.A.SURESHKUMAR', '1234'),
(88, 2, 'E4128', 'JAVID.K', '1234'),
(89, 2, 'E4107', 'KARTHIKA.G', '1234'),
(90, 2, 'E4118', 'REKHA.D', '1234'),
(91, 2, 'E4121', 'LATHA.N', '1234'),
(92, 2, 'E4122', 'VIJAYALAKSHMI.R', '1234'),
(93, 2, 'E4169', 'CHANDNI', '1234'),
(94, 2, 'E4171', 'VANITHA.T.V', '1234'),
(95, 2, 'E4070', 'DELPHINEMARY.P', '1234'),
(96, 2, 'E4172', 'SATHIYAVATHI.V', '1234'),
(97, 2, 'E4173', 'SARAVANAN.M', '1234'),
(98, 1, 'E5182', 'Dr.V.CHANDRASEKAR', '1234'),
(99, 1, 'E6022', 'Dr.K.GEETHA', '1234'),
(100, 1, 'E5155', 'VENKATESAN.R', '1234'),
(101, 1, 'E5133', 'PRADEEP.R', '1234'),
(102, 1, 'E5136', 'BARVEEN.A', '1234'),
(103, 1, 'E5134', 'MOHAMEDFAIZAL.M.K', '1234'),
(104, 1, 'E5143', 'RAMA.B', '1234'),
(105, 1, 'E5159', 'JOSHUA ISSAC.A', '1234'),
(106, 1, 'E5524', 'MEGALA.G', '1234'),
(107, 1, 'E5178', 'MANIKANDAN.S', '1234'),
(108, 1, 'E5121', 'SHANMUGAPRIYA.S', '1234'),
(109, 1, 'E6024', 'NALINAKEERTHANA.G', '1234'),
(110, 1, 'E6026', 'CHRISTOPHER.P', '1234'),
(111, 1, 'E5140', 'MANIKANDAN.P', '1234'),
(112, 1, 'E5186', 'RAMESH.P', '1234'),
(113, 1, 'E5187', 'DEEPA.R', '1234'),
(114, 1, 'E5183', 'THENMOZHI.P', '1234'),
(115, 6, 'E8025', 'Dr.P.MOHANRAJ', '1234'),
(116, 6, 'E8018', 'SATHISHKUMAR.G', '1234'),
(117, 6, 'E8021', 'SUBHA.C', '1234'),
(118, 6, 'E8022', 'SUREKHA.C.R', '1234'),
(119, 3, 'E0001', 'M.Y.ABDUL JALEEL', '1234'),
(120, 5, 'E3141', 'M.VIJAYASARATHY', '1234');

-- --------------------------------------------------------

--
-- Table structure for table `feedbacks`
--

CREATE TABLE `feedbacks` (
  `id` int(11) NOT NULL,
  `student_id` int(11) NOT NULL,
  `sa_id` int(11) NOT NULL,
  `q1` int(1) NOT NULL,
  `q2` int(1) NOT NULL,
  `q3` int(1) NOT NULL,
  `q4` int(1) NOT NULL,
  `q5` int(1) NOT NULL,
  `q6` int(1) NOT NULL,
  `q7` int(1) NOT NULL,
  `q8` int(1) NOT NULL,
  `q9` int(1) NOT NULL,
  `q10` int(1) NOT NULL,
  `sum` int(4) NOT NULL,
  `phase` int(1) NOT NULL
) ENGINE=InnoDB DEFAULT CHARSET=latin1;

--
-- Dumping data for table `feedbacks`
--

INSERT INTO `feedbacks` (`id`, `student_id`, `sa_id`, `q1`, `q2`, `q3`, `q4`, `q5`, `q6`, `q7`, `q8`, `q9`, `q10`, `sum`, `phase`) VALUES
(1, 1147, 70, 6, 10, 8, 8, 10, 10, 8, 8, 6, 6, 80, 1),
(2, 1264, 18, 6, 8, 10, 8, 6, 6, 8, 10, 6, 10, 78, 1),
(3, 1264, 19, 10, 8, 8, 8, 8, 8, 10, 6, 6, 8, 80, 1),
(4, 1264, 20, 10, 10, 10, 10, 8, 6, 10, 6, 10, 10, 90, 1),
(5, 1264, 21, 10, 8, 8, 6, 6, 8, 10, 6, 8, 8, 78, 1),
(6, 1264, 253, 8, 8, 8, 6, 8, 8, 8, 8, 6, 6, 74, 1),
(7, 1236, 18, 8, 6, 8, 8, 8, 8, 8, 8, 6, 6, 74, 1),
(8, 1245, 18, 2, 2, 6, 2, 2, 2, 6, 2, 2, 2, 28, 1),
(9, 1234, 18, 4, 4, 6, 6, 4, 2, 6, 2, 2, 8, 44, 1),
(10, 1242, 18, 8, 6, 8, 10, 6, 8, 8, 6, 8, 8, 76, 1),
(11, 1245, 19, 8, 10, 8, 10, 10, 10, 10, 6, 10, 10, 92, 1),
(12, 1229, 18, 6, 4, 4, 6, 4, 4, 8, 4, 6, 10, 56, 1),
(13, 1272, 18, 10, 8, 10, 10, 10, 10, 10, 10, 8, 10, 96, 1),
(14, 1236, 19, 10, 8, 8, 10, 10, 10, 10, 8, 10, 10, 94, 1),
(15, 1234, 19, 8, 8, 6, 8, 8, 8, 8, 8, 6, 10, 78, 1),
(16, 1242, 19, 10, 8, 10, 10, 10, 8, 10, 10, 10, 8, 94, 1),
(17, 1248, 18, 8, 8, 10, 10, 10, 8, 10, 10, 10, 10, 94, 1),
(18, 1245, 20, 10, 10, 10, 10, 6, 4, 10, 10, 6, 8, 84, 1),
(19, 1229, 19, 10, 8, 8, 8, 8, 8, 8, 6, 10, 10, 84, 1),
(20, 1236, 20, 10, 8, 8, 10, 8, 8, 10, 8, 10, 10, 90, 1),
(21, 1270, 18, 8, 8, 8, 8, 8, 8, 10, 8, 8, 10, 84, 1),
(22, 1224, 18, 6, 4, 8, 10, 4, 4, 4, 4, 10, 2, 56, 1),
(23, 1234, 20, 8, 6, 6, 10, 8, 6, 8, 8, 8, 10, 78, 1),
(24, 1272, 19, 10, 10, 8, 10, 10, 10, 10, 10, 8, 10, 96, 1),
(25, 1245, 21, 10, 10, 10, 10, 10, 10, 10, 10, 10, 10, 100, 1),
(26, 1279, 18, 8, 8, 8, 10, 8, 8, 10, 8, 8, 10, 86, 1),
(27, 1242, 20, 10, 10, 8, 10, 8, 8, 10, 8, 8, 10, 90, 1),
(28, 1248, 19, 10, 10, 10, 10, 10, 10, 8, 10, 10, 10, 98, 1),
(29, 1229, 20, 6, 6, 8, 6, 8, 8, 8, 8, 6, 8, 72, 1),
(30, 1259, 18, 6, 6, 6, 6, 6, 8, 10, 6, 8, 10, 72, 1),
(31, 1223, 18, 10, 10, 10, 8, 10, 10, 8, 10, 8, 10, 94, 1),
(32, 1267, 18, 8, 8, 10, 8, 10, 8, 8, 8, 10, 8, 86, 1),
(33, 1253, 18, 6, 6, 8, 8, 8, 6, 10, 8, 6, 8, 74, 1),
(34, 1229, 21, 10, 10, 10, 10, 10, 10, 10, 10, 10, 10, 100, 1),
(35, 1257, 21, 10, 10, 10, 10, 10, 10, 10, 10, 10, 10, 100, 1),
(36, 1272, 20, 10, 8, 10, 10, 10, 10, 10, 10, 10, 10, 98, 1),
(37, 1255, 19, 8, 8, 10, 10, 8, 8, 10, 8, 8, 10, 88, 1),
(38, 1279, 19, 8, 10, 10, 10, 8, 10, 10, 8, 8, 10, 92, 1),
(39, 1270, 19, 10, 10, 10, 10, 10, 10, 10, 10, 10, 10, 100, 1),
(40, 1245, 253, 6, 2, 2, 2, 6, 4, 2, 6, 8, 4, 42, 1),
(41, 1223, 19, 8, 8, 8, 10, 10, 8, 10, 8, 10, 8, 88, 1),
(42, 1258, 20, 10, 8, 8, 10, 8, 10, 10, 4, 10, 10, 88, 1),
(43, 1248, 20, 8, 8, 8, 8, 8, 8, 8, 8, 8, 8, 80, 1),
(44, 1236, 21, 10, 10, 8, 8, 10, 10, 8, 8, 10, 10, 92, 1),
(45, 1242, 21, 10, 8, 8, 10, 8, 8, 8, 10, 10, 8, 88, 1),
(46, 1234, 21, 10, 10, 10, 10, 10, 10, 10, 10, 10, 10, 100, 1),
(47, 1248, 21, 10, 10, 10, 10, 10, 10, 10, 10, 10, 10, 100, 1),
(48, 1251, 19, 10, 10, 10, 10, 10, 10, 8, 10, 8, 10, 96, 1),
(49, 1243, 18, 6, 4, 6, 4, 4, 4, 4, 4, 4, 6, 46, 1),
(50, 1224, 21, 10, 8, 10, 8, 10, 10, 10, 10, 10, 10, 96, 1),
(51, 1270, 20, 10, 10, 10, 10, 10, 10, 10, 10, 10, 10, 100, 1),
(52, 1234, 253, 8, 8, 8, 6, 8, 8, 8, 8, 8, 8, 78, 1),
(53, 1229, 253, 8, 8, 6, 10, 10, 10, 8, 10, 8, 10, 88, 1),
(54, 1272, 21, 10, 10, 10, 10, 10, 10, 10, 10, 10, 10, 100, 1),
(55, 1279, 20, 10, 10, 10, 10, 10, 10, 10, 10, 10, 10, 100, 1),
(56, 1252, 18, 4, 8, 6, 10, 6, 8, 10, 6, 6, 10, 74, 1),
(57, 1223, 20, 10, 6, 10, 8, 10, 10, 10, 10, 6, 10, 90, 1),
(58, 1267, 19, 10, 8, 10, 8, 10, 8, 8, 6, 8, 10, 86, 1),
(59, 1259, 19, 10, 10, 10, 10, 10, 10, 10, 10, 10, 10, 100, 1),
(60, 1233, 19, 8, 10, 10, 8, 10, 10, 10, 10, 10, 10, 96, 1),
(61, 1258, 18, 6, 6, 8, 10, 4, 8, 10, 8, 6, 6, 72, 1),
(62, 1229, 18, 6, 8, 6, 4, 8, 6, 8, 4, 8, 10, 68, 2),
(63, 1253, 19, 8, 8, 10, 8, 10, 10, 10, 8, 8, 8, 88, 1),
(64, 1243, 19, 6, 8, 10, 6, 6, 8, 6, 6, 8, 6, 70, 1),
(65, 1255, 18, 8, 8, 10, 8, 8, 8, 10, 8, 10, 8, 86, 1),
(66, 1267, 20, 8, 8, 8, 8, 8, 8, 8, 6, 8, 10, 80, 1),
(67, 1279, 21, 10, 10, 10, 10, 10, 10, 10, 10, 10, 10, 100, 1),
(68, 1224, 20, 10, 8, 6, 10, 8, 6, 10, 6, 8, 10, 82, 1),
(69, 1251, 18, 8, 8, 10, 10, 10, 8, 8, 8, 8, 8, 86, 1),
(70, 1243, 21, 10, 10, 10, 10, 10, 10, 10, 10, 10, 10, 100, 1),
(71, 1269, 18, 4, 8, 10, 10, 10, 6, 10, 10, 6, 6, 80, 1),
(72, 1229, 19, 8, 8, 10, 10, 8, 10, 8, 10, 10, 10, 92, 2),
(73, 1273, 18, 6, 4, 6, 8, 6, 4, 6, 6, 4, 6, 56, 1),
(74, 1272, 253, 10, 10, 10, 8, 10, 10, 10, 10, 6, 10, 94, 1),
(75, 1256, 18, 8, 8, 10, 8, 8, 6, 8, 6, 8, 8, 78, 1),
(76, 1234, 18, 4, 4, 2, 4, 2, 4, 2, 4, 2, 8, 36, 2),
(77, 1267, 21, 8, 8, 8, 10, 8, 10, 8, 10, 10, 8, 88, 1),
(78, 1270, 21, 10, 10, 10, 8, 8, 10, 10, 8, 10, 10, 94, 1),
(79, 1259, 20, 8, 10, 10, 10, 8, 8, 10, 8, 6, 10, 88, 1),
(80, 1279, 253, 10, 10, 10, 10, 10, 10, 10, 10, 8, 8, 96, 1),
(81, 1255, 20, 10, 10, 10, 10, 8, 8, 10, 10, 10, 10, 96, 1),
(82, 1229, 20, 8, 8, 6, 8, 10, 8, 6, 8, 10, 10, 82, 2),
(83, 1252, 19, 10, 10, 10, 10, 10, 10, 10, 10, 10, 10, 100, 1),
(84, 1243, 20, 6, 8, 6, 8, 6, 6, 6, 6, 8, 6, 66, 1),
(85, 1251, 20, 10, 10, 10, 10, 10, 8, 8, 10, 10, 10, 96, 1),
(86, 1242, 253, 8, 8, 8, 10, 8, 8, 8, 10, 10, 8, 86, 1),
(87, 1280, 18, 10, 8, 8, 6, 8, 4, 8, 8, 6, 8, 74, 1),
(88, 1265, 18, 8, 8, 10, 8, 8, 4, 6, 4, 6, 8, 70, 1),
(89, 1223, 21, 10, 10, 10, 10, 10, 10, 10, 10, 10, 10, 100, 1),
(90, 1248, 253, 8, 8, 10, 8, 10, 8, 10, 8, 10, 8, 88, 1),
(91, 1257, 18, 6, 8, 10, 10, 10, 10, 10, 8, 6, 6, 84, 1),
(92, 1253, 20, 10, 8, 8, 8, 10, 8, 8, 10, 10, 8, 88, 1),
(93, 1229, 21, 10, 10, 10, 10, 10, 10, 10, 10, 10, 10, 100, 2),
(94, 1267, 253, 8, 8, 8, 8, 10, 10, 10, 10, 10, 8, 90, 1),
(95, 1227, 18, 10, 10, 10, 10, 10, 10, 10, 10, 10, 8, 98, 1),
(96, 1224, 19, 10, 10, 8, 8, 10, 10, 10, 6, 4, 6, 82, 1),
(97, 1223, 253, 10, 10, 10, 10, 10, 10, 10, 10, 10, 10, 100, 1),
(98, 1255, 21, 10, 10, 10, 10, 10, 10, 10, 8, 10, 10, 98, 1),
(99, 1258, 19, 6, 8, 8, 10, 2, 6, 10, 8, 2, 4, 64, 1),
(100, 1266, 18, 4, 4, 6, 4, 4, 4, 6, 4, 4, 4, 44, 1),
(101, 1256, 21, 8, 8, 10, 10, 8, 10, 8, 8, 10, 10, 90, 1),
(102, 1243, 253, 8, 6, 6, 4, 4, 6, 4, 6, 8, 4, 56, 1),
(103, 1251, 21, 10, 10, 10, 10, 10, 10, 10, 8, 10, 10, 98, 1),
(104, 1229, 253, 10, 8, 8, 8, 10, 8, 8, 8, 8, 8, 84, 2),
(105, 1270, 253, 8, 10, 8, 10, 10, 10, 8, 8, 10, 10, 92, 1),
(106, 1257, 20, 10, 10, 10, 10, 10, 10, 10, 10, 10, 10, 100, 1),
(107, 1232, 18, 4, 2, 4, 2, 2, 4, 8, 2, 2, 2, 32, 1),
(108, 1234, 19, 8, 8, 6, 8, 8, 8, 10, 8, 8, 10, 82, 2),
(109, 1258, 21, 10, 10, 10, 10, 10, 10, 10, 10, 10, 10, 100, 1),
(110, 1233, 20, 10, 10, 10, 10, 10, 10, 8, 10, 10, 10, 98, 1),
(111, 1236, 253, 8, 6, 6, 6, 6, 8, 6, 6, 4, 6, 62, 1),
(112, 1273, 19, 10, 8, 8, 8, 8, 8, 6, 8, 8, 8, 80, 1),
(113, 1225, 18, 8, 8, 10, 8, 10, 8, 10, 10, 8, 6, 86, 1),
(114, 1259, 21, 10, 10, 10, 8, 10, 10, 10, 8, 10, 10, 96, 1),
(115, 1252, 20, 10, 10, 8, 10, 10, 10, 10, 10, 10, 10, 98, 1),
(116, 1256, 19, 8, 8, 8, 10, 8, 8, 8, 8, 8, 8, 82, 1),
(117, 1269, 19, 10, 10, 10, 10, 10, 10, 10, 10, 10, 10, 100, 1),
(118, 1241, 18, 4, 2, 6, 4, 4, 4, 4, 2, 6, 4, 40, 1),
(119, 1224, 253, 8, 8, 6, 10, 6, 10, 4, 10, 4, 4, 70, 1),
(120, 1242, 18, 8, 8, 8, 10, 6, 8, 8, 8, 8, 8, 80, 2),
(121, 1232, 19, 8, 8, 8, 8, 6, 8, 8, 4, 6, 8, 72, 1),
(122, 1266, 19, 8, 8, 8, 10, 6, 8, 8, 8, 8, 8, 80, 1),
(123, 1253, 21, 8, 10, 10, 8, 10, 10, 8, 6, 10, 10, 90, 1),
(124, 1255, 253, 8, 10, 10, 8, 10, 10, 8, 10, 6, 8, 88, 1),
(125, 1257, 19, 10, 10, 10, 10, 10, 10, 10, 10, 10, 10, 100, 1),
(126, 1227, 19, 10, 8, 10, 8, 10, 8, 10, 8, 10, 8, 90, 1),
(127, 1236, 18, 6, 8, 8, 6, 6, 8, 8, 6, 6, 6, 68, 2),
(128, 1248, 18, 8, 8, 10, 8, 10, 8, 10, 8, 10, 8, 88, 2),
(129, 1256, 20, 8, 8, 8, 10, 8, 8, 10, 8, 8, 10, 86, 1),
(130, 1252, 21, 10, 10, 10, 10, 10, 10, 10, 10, 10, 10, 100, 1),
(131, 1251, 253, 8, 8, 10, 10, 10, 10, 8, 10, 6, 10, 90, 1),
(132, 1258, 253, 10, 10, 4, 10, 10, 6, 10, 6, 10, 8, 84, 1),
(133, 1242, 19, 8, 8, 8, 10, 8, 10, 10, 10, 10, 8, 90, 2),
(134, 1259, 253, 6, 10, 10, 10, 8, 10, 10, 10, 8, 10, 92, 1),
(135, 1227, 253, 10, 10, 10, 10, 10, 10, 10, 10, 10, 10, 100, 1),
(136, 1273, 20, 10, 8, 8, 8, 8, 8, 8, 8, 10, 10, 86, 1),
(137, 1232, 20, 8, 8, 8, 10, 8, 8, 10, 6, 8, 10, 84, 1),
(138, 1270, 18, 10, 8, 10, 8, 10, 8, 10, 10, 10, 10, 94, 2),
(139, 1269, 20, 10, 6, 10, 10, 10, 8, 10, 10, 10, 10, 94, 1),
(140, 1272, 18, 10, 10, 8, 10, 10, 10, 10, 10, 8, 10, 96, 2),
(141, 1266, 20, 8, 8, 6, 8, 8, 6, 8, 8, 8, 8, 76, 1),
(142, 1236, 19, 8, 10, 10, 10, 10, 10, 8, 8, 10, 10, 94, 2),
(143, 1234, 20, 6, 6, 6, 10, 8, 6, 8, 8, 6, 10, 74, 2),
(144, 1224, 21, 10, 8, 10, 8, 10, 10, 10, 10, 10, 10, 96, 2),
(145, 1233, 21, 10, 10, 10, 10, 10, 10, 10, 8, 10, 10, 98, 1),
(146, 1234, 21, 10, 10, 10, 10, 10, 10, 10, 10, 10, 10, 100, 2),
(147, 1272, 19, 10, 10, 10, 10, 10, 10, 10, 10, 10, 10, 100, 2),
(148, 1242, 20, 8, 8, 10, 10, 10, 8, 10, 8, 8, 8, 88, 2),
(149, 1273, 21, 10, 10, 10, 10, 10, 10, 10, 10, 10, 10, 100, 1),
(150, 1265, 19, 10, 10, 10, 10, 10, 8, 10, 10, 10, 10, 98, 1),
(151, 1232, 21, 10, 10, 10, 10, 10, 10, 10, 10, 10, 10, 100, 1),
(152, 1243, 18, 6, 6, 6, 4, 6, 6, 4, 6, 6, 4, 54, 2),
(153, 1272, 20, 10, 10, 10, 10, 10, 10, 10, 10, 10, 10, 100, 2),
(154, 1270, 19, 10, 10, 10, 10, 10, 10, 10, 10, 10, 10, 100, 2),
(155, 1236, 20, 8, 8, 8, 10, 8, 8, 10, 8, 10, 10, 88, 2),
(156, 1234, 253, 8, 8, 8, 6, 8, 8, 8, 8, 8, 8, 78, 2),
(157, 1256, 253, 10, 8, 8, 10, 10, 10, 8, 10, 6, 8, 88, 1),
(158, 1241, 19, 10, 8, 8, 10, 8, 8, 6, 6, 8, 10, 82, 1),
(159, 1257, 253, 8, 6, 8, 8, 8, 6, 8, 8, 8, 8, 76, 1),
(160, 1225, 19, 8, 10, 10, 10, 10, 10, 10, 8, 10, 8, 94, 1),
(161, 1227, 21, 10, 10, 10, 10, 10, 10, 10, 10, 10, 10, 100, 1),
(162, 1232, 253, 10, 10, 10, 10, 10, 10, 10, 10, 10, 10, 100, 1),
(163, 1252, 253, 10, 8, 6, 8, 8, 10, 10, 8, 6, 8, 82, 1),
(164, 1224, 19, 10, 8, 10, 8, 6, 10, 6, 8, 6, 8, 80, 2),
(165, 1272, 21, 10, 10, 10, 10, 10, 10, 10, 10, 10, 10, 100, 2),
(166, 1266, 21, 10, 10, 10, 8, 10, 10, 8, 10, 8, 8, 92, 1),
(167, 1242, 21, 8, 8, 8, 8, 8, 10, 10, 8, 10, 10, 88, 2),
(168, 1243, 19, 8, 6, 6, 6, 6, 6, 6, 6, 6, 6, 62, 2),
(169, 1269, 21, 8, 10, 10, 10, 10, 8, 10, 8, 8, 10, 92, 1),
(170, 1248, 19, 8, 10, 8, 10, 8, 8, 10, 10, 4, 10, 86, 2),
(171, 1259, 18, 6, 6, 6, 6, 6, 6, 10, 6, 6, 10, 68, 2),
(172, 1236, 21, 8, 8, 10, 8, 10, 8, 8, 8, 10, 8, 86, 2),
(173, 1270, 20, 10, 10, 10, 10, 8, 10, 10, 8, 10, 10, 96, 2),
(174, 1253, 253, 10, 8, 10, 8, 10, 10, 8, 8, 4, 8, 84, 1),
(175, 1272, 253, 10, 10, 10, 8, 10, 10, 10, 10, 10, 10, 98, 2),
(176, 1243, 20, 8, 6, 8, 6, 6, 6, 6, 6, 6, 6, 64, 2),
(177, 1273, 253, 8, 6, 8, 8, 6, 8, 8, 6, 6, 8, 72, 1),
(178, 1233, 18, 8, 6, 8, 8, 8, 6, 6, 8, 6, 8, 72, 1),
(179, 1242, 253, 8, 8, 10, 10, 10, 10, 8, 10, 8, 10, 92, 2),
(180, 1255, 18, 8, 10, 10, 8, 10, 8, 10, 8, 8, 8, 88, 2),
(181, 1225, 20, 10, 10, 10, 10, 10, 10, 10, 10, 10, 10, 100, 1),
(182, 1224, 20, 10, 8, 6, 10, 8, 10, 6, 6, 10, 10, 84, 2),
(183, 1243, 21, 10, 10, 10, 10, 10, 10, 10, 10, 10, 10, 100, 2),
(184, 1236, 253, 6, 6, 6, 6, 6, 6, 6, 6, 4, 4, 56, 2),
(185, 1266, 253, 6, 4, 6, 8, 10, 8, 4, 10, 4, 4, 64, 1),
(186, 1270, 21, 10, 10, 10, 10, 10, 10, 10, 8, 8, 10, 96, 2),
(187, 1260, 18, 8, 6, 8, 8, 10, 8, 8, 6, 6, 8, 76, 1),
(188, 1259, 19, 10, 10, 10, 10, 10, 10, 10, 10, 10, 10, 100, 2),
(189, 1233, 253, 6, 8, 8, 8, 10, 10, 6, 10, 10, 10, 86, 1),
(190, 1251, 18, 10, 10, 10, 10, 10, 8, 8, 8, 8, 8, 90, 2),
(191, 1280, 19, 10, 8, 8, 6, 10, 10, 10, 8, 10, 8, 88, 1),
(192, 1241, 20, 10, 10, 8, 8, 10, 10, 6, 6, 8, 10, 86, 1),
(193, 1255, 19, 10, 10, 10, 10, 10, 10, 8, 8, 10, 10, 96, 2),
(194, 1224, 18, 6, 8, 6, 6, 6, 8, 8, 6, 8, 6, 68, 2),
(195, 1225, 21, 10, 10, 10, 10, 10, 10, 10, 10, 10, 10, 100, 1),
(196, 1269, 253, 10, 10, 10, 10, 10, 10, 8, 4, 4, 10, 86, 1),
(197, 1251, 19, 10, 10, 10, 10, 10, 10, 8, 8, 10, 10, 96, 2),
(198, 1243, 253, 6, 6, 6, 6, 4, 8, 4, 4, 6, 4, 54, 2),
(199, 1255, 20, 10, 10, 10, 10, 8, 10, 10, 8, 10, 10, 96, 2),
(200, 1227, 20, 10, 6, 10, 6, 10, 8, 10, 8, 10, 10, 88, 1),
(201, 1259, 20, 8, 10, 10, 8, 8, 6, 10, 6, 6, 10, 82, 2),
(202, 1270, 253, 10, 8, 10, 10, 10, 10, 10, 10, 10, 10, 98, 2),
(203, 1248, 20, 8, 6, 10, 8, 8, 10, 6, 10, 8, 10, 84, 2),
(204, 1265, 20, 10, 8, 8, 10, 10, 8, 10, 10, 10, 10, 94, 1),
(205, 1224, 253, 6, 10, 10, 6, 10, 6, 6, 10, 6, 6, 76, 2),
(206, 1256, 18, 8, 8, 10, 10, 8, 8, 8, 8, 8, 8, 84, 2),
(207, 1255, 21, 10, 10, 10, 10, 10, 10, 10, 8, 10, 10, 98, 2),
(208, 1260, 19, 10, 8, 6, 8, 8, 10, 8, 8, 10, 10, 86, 1),
(209, 1241, 21, 10, 10, 8, 10, 8, 10, 6, 8, 8, 10, 88, 1),
(210, 1253, 18, 8, 8, 10, 8, 6, 8, 10, 8, 6, 6, 78, 2),
(211, 1257, 21, 10, 10, 10, 10, 10, 10, 10, 10, 10, 10, 100, 2),
(212, 1259, 21, 10, 10, 10, 10, 10, 10, 10, 10, 10, 10, 100, 2),
(213, 1251, 20, 10, 10, 10, 10, 10, 10, 8, 8, 10, 10, 96, 2),
(214, 1273, 18, 6, 6, 8, 8, 6, 6, 6, 6, 6, 8, 66, 2),
(215, 1251, 21, 10, 10, 10, 10, 10, 10, 8, 10, 8, 10, 96, 2),
(216, 1255, 253, 8, 10, 10, 8, 10, 10, 6, 10, 8, 8, 88, 2),
(217, 1257, 20, 10, 10, 10, 10, 10, 10, 10, 10, 10, 10, 100, 2),
(218, 1260, 20, 10, 10, 8, 8, 10, 8, 6, 6, 8, 10, 84, 1),
(219, 1241, 253, 6, 4, 6, 6, 4, 6, 4, 6, 4, 6, 52, 1),
(220, 1256, 19, 8, 8, 10, 8, 8, 8, 8, 8, 8, 10, 84, 2),
(221, 1257, 19, 10, 10, 10, 10, 10, 10, 10, 10, 10, 10, 100, 2),
(222, 1259, 253, 6, 8, 10, 10, 8, 10, 10, 10, 10, 10, 92, 2),
(223, 1251, 253, 8, 8, 10, 10, 10, 10, 6, 10, 6, 10, 88, 2),
(224, 1273, 19, 10, 8, 8, 8, 8, 8, 8, 8, 8, 10, 84, 2),
(225, 1269, 18, 4, 10, 10, 10, 8, 6, 10, 10, 4, 10, 82, 2),
(226, 1233, 18, 8, 8, 10, 8, 8, 8, 8, 8, 6, 8, 80, 2),
(227, 1256, 20, 8, 8, 8, 8, 10, 8, 10, 8, 8, 10, 86, 2),
(228, 1273, 20, 10, 8, 8, 8, 8, 8, 8, 8, 8, 10, 84, 2),
(229, 1248, 21, 8, 10, 10, 10, 10, 10, 8, 8, 10, 10, 94, 2),
(230, 1257, 18, 8, 8, 8, 10, 10, 10, 10, 10, 10, 10, 94, 2),
(231, 1260, 21, 10, 10, 10, 8, 10, 10, 8, 6, 6, 8, 86, 1),
(232, 1280, 20, 10, 8, 6, 8, 10, 10, 8, 6, 4, 8, 78, 1),
(233, 1269, 19, 10, 10, 10, 10, 10, 10, 10, 10, 10, 10, 100, 2),
(234, 1273, 21, 10, 10, 10, 10, 10, 10, 10, 10, 10, 10, 100, 2),
(235, 1225, 18, 8, 10, 10, 8, 10, 8, 10, 8, 8, 10, 90, 2),
(236, 1253, 19, 10, 8, 10, 8, 10, 8, 8, 8, 8, 10, 88, 2),
(237, 1256, 21, 8, 8, 10, 10, 10, 10, 8, 10, 10, 10, 94, 2),
(238, 1273, 253, 8, 8, 8, 8, 8, 8, 8, 8, 8, 8, 80, 2),
(239, 1265, 21, 10, 10, 10, 10, 8, 10, 8, 10, 8, 10, 94, 1),
(240, 1257, 253, 8, 8, 8, 10, 10, 10, 6, 10, 8, 10, 88, 2),
(241, 1248, 253, 8, 8, 8, 8, 8, 8, 8, 8, 8, 8, 80, 2),
(242, 1260, 253, 10, 10, 10, 8, 8, 10, 6, 6, 8, 10, 86, 1),
(243, 1233, 19, 10, 10, 10, 10, 10, 10, 8, 10, 10, 10, 98, 2),
(244, 1253, 20, 10, 10, 8, 8, 10, 8, 8, 10, 10, 10, 92, 2),
(245, 1233, 20, 10, 10, 10, 10, 10, 10, 10, 10, 10, 10, 100, 2),
(246, 1256, 253, 8, 8, 8, 8, 10, 10, 8, 10, 8, 8, 86, 2),
(247, 1225, 19, 10, 10, 10, 10, 10, 10, 10, 10, 10, 10, 100, 2),
(248, 1269, 253, 8, 10, 10, 10, 10, 10, 10, 6, 6, 10, 90, 2),
(249, 1233, 21, 10, 10, 10, 10, 10, 10, 10, 8, 10, 10, 98, 2),
(250, 1280, 21, 10, 8, 8, 8, 8, 10, 10, 8, 10, 8, 88, 1),
(251, 1233, 253, 8, 8, 8, 8, 8, 8, 8, 8, 8, 10, 82, 2),
(252, 1252, 18, 8, 8, 8, 10, 8, 10, 8, 10, 10, 8, 88, 2),
(253, 1225, 20, 10, 10, 10, 10, 10, 10, 10, 10, 10, 10, 100, 2),
(254, 1223, 18, 6, 8, 6, 6, 8, 6, 8, 8, 8, 8, 72, 2),
(255, 1252, 19, 10, 10, 10, 10, 10, 10, 10, 10, 10, 10, 100, 2),
(256, 1280, 253, 8, 8, 8, 10, 8, 8, 8, 8, 8, 8, 82, 1),
(257, 1241, 18, 4, 4, 4, 6, 4, 4, 4, 6, 6, 6, 48, 2),
(258, 1260, 18, 10, 8, 8, 6, 8, 8, 8, 4, 8, 8, 76, 2),
(259, 1223, 19, 6, 8, 8, 8, 6, 8, 6, 6, 8, 6, 70, 2),
(260, 1253, 21, 10, 8, 10, 8, 10, 10, 8, 8, 10, 10, 92, 2),
(261, 1225, 21, 10, 10, 10, 10, 10, 10, 10, 10, 10, 10, 100, 2),
(262, 1252, 20, 10, 10, 8, 10, 10, 10, 10, 10, 8, 10, 96, 2),
(263, 1223, 20, 6, 8, 8, 8, 6, 8, 6, 6, 8, 6, 70, 2),
(264, 1241, 19, 10, 8, 8, 10, 6, 8, 6, 8, 6, 10, 80, 2),
(265, 1232, 18, 4, 4, 4, 4, 2, 4, 8, 2, 2, 2, 36, 2),
(266, 1227, 253, 10, 10, 10, 10, 10, 10, 10, 10, 10, 10, 100, 2),
(267, 1266, 18, 4, 4, 6, 6, 4, 4, 4, 6, 4, 4, 46, 2),
(268, 1280, 18, 10, 8, 8, 8, 10, 6, 8, 6, 8, 8, 80, 2),
(269, 1263, 18, 8, 10, 10, 8, 8, 8, 6, 6, 6, 6, 76, 1),
(270, 1269, 20, 10, 6, 10, 10, 10, 10, 10, 10, 10, 10, 96, 2),
(271, 1253, 253, 10, 8, 10, 8, 10, 10, 10, 10, 8, 10, 94, 2),
(272, 1252, 21, 10, 8, 10, 10, 10, 10, 8, 10, 8, 10, 94, 2),
(273, 1228, 18, 8, 8, 10, 10, 8, 10, 8, 8, 8, 10, 88, 1),
(274, 1227, 21, 10, 8, 10, 8, 10, 8, 8, 8, 8, 10, 88, 2),
(275, 1260, 19, 10, 8, 8, 8, 8, 10, 8, 6, 8, 10, 84, 2),
(276, 1223, 21, 8, 6, 8, 6, 10, 10, 8, 10, 8, 8, 82, 2),
(277, 1280, 19, 8, 8, 6, 8, 8, 8, 6, 6, 8, 8, 74, 2),
(278, 1225, 253, 8, 8, 10, 8, 8, 10, 8, 10, 6, 8, 84, 2),
(279, 1232, 19, 6, 8, 8, 8, 8, 8, 8, 4, 8, 8, 74, 2),
(280, 1258, 18, 10, 10, 8, 6, 6, 6, 8, 4, 6, 8, 72, 2),
(281, 1266, 19, 8, 8, 8, 8, 8, 8, 8, 8, 8, 8, 80, 2),
(282, 1241, 20, 8, 8, 6, 10, 6, 6, 6, 6, 8, 10, 74, 2),
(283, 1227, 20, 8, 8, 6, 8, 6, 8, 8, 6, 4, 8, 70, 2),
(284, 1280, 20, 6, 8, 6, 8, 6, 8, 8, 8, 6, 8, 72, 2),
(285, 1252, 253, 8, 8, 10, 6, 8, 10, 8, 6, 10, 8, 82, 2),
(286, 1258, 19, 8, 8, 6, 8, 8, 8, 10, 8, 8, 10, 82, 2),
(287, 1232, 20, 8, 8, 8, 8, 8, 8, 8, 4, 8, 8, 76, 2),
(288, 1260, 20, 10, 8, 8, 8, 8, 8, 6, 6, 8, 10, 80, 2),
(289, 1222, 18, 6, 8, 8, 8, 8, 6, 8, 8, 8, 8, 76, 1),
(290, 1280, 21, 8, 6, 8, 6, 8, 8, 6, 10, 8, 6, 74, 2),
(291, 1227, 18, 10, 10, 10, 10, 10, 10, 10, 10, 10, 10, 100, 2),
(292, 1258, 20, 10, 10, 10, 8, 8, 6, 8, 8, 8, 10, 86, 2),
(293, 1241, 21, 10, 10, 8, 8, 8, 10, 6, 8, 10, 10, 88, 2),
(294, 1269, 21, 6, 10, 10, 10, 10, 8, 10, 8, 8, 10, 90, 2),
(295, 1266, 20, 8, 8, 6, 8, 6, 8, 8, 8, 8, 8, 76, 2),
(296, 1232, 21, 10, 10, 10, 10, 10, 10, 10, 6, 10, 10, 96, 2),
(297, 1258, 21, 8, 10, 8, 8, 10, 10, 8, 10, 10, 8, 90, 2),
(298, 1280, 253, 8, 6, 8, 8, 10, 10, 10, 10, 10, 10, 90, 2),
(299, 1223, 253, 8, 6, 6, 6, 8, 8, 6, 6, 4, 6, 64, 2),
(300, 1279, 18, 8, 8, 8, 8, 8, 8, 8, 8, 8, 10, 82, 2),
(301, 1227, 19, 10, 6, 10, 8, 4, 8, 6, 6, 6, 8, 72, 2),
(302, 1266, 21, 10, 10, 10, 8, 10, 10, 8, 8, 8, 8, 90, 2),
(303, 1241, 253, 6, 6, 4, 6, 6, 6, 4, 4, 4, 6, 52, 2),
(304, 1260, 21, 10, 8, 10, 8, 10, 10, 8, 6, 8, 10, 88, 2),
(305, 1232, 253, 10, 10, 10, 10, 10, 10, 10, 6, 10, 10, 96, 2),
(306, 1279, 19, 10, 10, 10, 10, 10, 10, 10, 10, 10, 10, 100, 2),
(307, 1258, 253, 10, 8, 6, 8, 8, 8, 8, 8, 8, 8, 80, 2),
(308, 1267, 18, 6, 6, 8, 6, 8, 6, 6, 4, 8, 6, 64, 2),
(309, 1228, 19, 10, 10, 10, 10, 10, 10, 10, 10, 10, 10, 100, 1),
(310, 1279, 20, 10, 10, 10, 10, 10, 10, 10, 10, 10, 10, 100, 2),
(311, 1265, 253, 10, 10, 8, 8, 8, 10, 8, 8, 6, 8, 84, 1),
(312, 1266, 253, 4, 4, 6, 4, 6, 4, 4, 4, 4, 4, 44, 2),
(313, 1260, 253, 10, 10, 10, 8, 10, 10, 8, 8, 6, 8, 88, 2),
(314, 1279, 21, 10, 10, 10, 10, 10, 10, 10, 10, 10, 10, 100, 2),
(315, 1263, 19, 8, 10, 8, 8, 10, 10, 6, 6, 6, 10, 82, 1),
(316, 1267, 19, 8, 8, 8, 8, 8, 8, 6, 8, 8, 10, 80, 2),
(317, 1222, 19, 8, 8, 8, 8, 8, 10, 10, 8, 10, 8, 86, 1),
(318, 1279, 253, 10, 10, 10, 10, 10, 10, 10, 10, 10, 10, 100, 2),
(319, 1267, 20, 8, 8, 8, 8, 8, 8, 8, 8, 8, 8, 80, 2),
(320, 1263, 20, 10, 8, 8, 10, 10, 8, 10, 8, 6, 10, 88, 1),
(321, 1225, 253, 8, 10, 10, 8, 8, 10, 8, 8, 8, 8, 86, 1),
(322, 1228, 20, 10, 10, 10, 10, 10, 8, 8, 10, 8, 10, 94, 1),
(323, 1267, 21, 8, 8, 10, 8, 10, 10, 10, 8, 10, 8, 90, 2),
(324, 1222, 20, 8, 8, 10, 10, 8, 10, 10, 8, 8, 10, 90, 1),
(325, 1264, 18, 8, 10, 8, 10, 10, 10, 8, 10, 8, 10, 92, 2),
(326, 1265, 18, 8, 8, 8, 10, 10, 8, 8, 8, 10, 8, 86, 2),
(327, 1263, 21, 10, 8, 10, 10, 8, 10, 8, 6, 10, 10, 90, 1),
(328, 1264, 19, 8, 10, 10, 10, 8, 10, 8, 10, 10, 10, 94, 2),
(329, 1264, 20, 10, 8, 8, 8, 8, 8, 8, 8, 10, 10, 86, 2),
(330, 1222, 21, 8, 10, 10, 8, 10, 8, 8, 8, 8, 8, 86, 1),
(331, 1264, 21, 8, 8, 10, 8, 8, 8, 8, 8, 10, 10, 86, 2),
(332, 1228, 21, 10, 10, 10, 10, 10, 10, 10, 10, 8, 10, 98, 1),
(333, 1265, 19, 10, 10, 10, 10, 10, 10, 10, 10, 10, 10, 100, 2),
(334, 1263, 253, 6, 8, 8, 8, 10, 10, 8, 6, 6, 6, 76, 1),
(335, 1267, 253, 8, 8, 8, 8, 8, 8, 8, 8, 8, 8, 80, 2),
(336, 1264, 253, 8, 8, 8, 8, 8, 8, 8, 8, 8, 10, 82, 2),
(337, 1228, 253, 8, 8, 10, 10, 8, 10, 8, 10, 8, 8, 88, 1),
(338, 1265, 20, 10, 8, 8, 10, 10, 10, 10, 10, 8, 10, 94, 2),
(339, 1222, 253, 8, 8, 6, 6, 8, 10, 10, 8, 10, 8, 82, 1),
(340, 1265, 21, 10, 10, 8, 8, 10, 10, 8, 10, 8, 10, 92, 2),
(341, 1263, 18, 8, 10, 10, 8, 8, 8, 10, 8, 6, 8, 84, 2),
(342, 1265, 253, 8, 8, 8, 10, 8, 8, 8, 10, 8, 8, 84, 2),
(343, 1263, 19, 10, 10, 10, 8, 10, 10, 8, 8, 8, 8, 90, 2),
(344, 1263, 20, 10, 8, 6, 8, 10, 10, 10, 8, 10, 10, 90, 2),
(345, 1228, 18, 8, 10, 8, 8, 8, 8, 10, 8, 8, 8, 84, 2),
(346, 1228, 19, 10, 10, 10, 10, 10, 10, 10, 10, 10, 10, 100, 2),
(347, 1222, 18, 8, 8, 8, 8, 8, 10, 8, 8, 8, 8, 82, 2),
(348, 1228, 20, 10, 8, 10, 10, 8, 8, 10, 8, 8, 10, 90, 2),
(349, 1263, 21, 10, 10, 10, 8, 8, 10, 8, 8, 10, 10, 92, 2),
(350, 1245, 18, 10, 10, 10, 10, 10, 10, 10, 10, 10, 10, 100, 2),
(351, 1228, 21, 10, 10, 10, 10, 10, 10, 10, 10, 10, 10, 100, 2),
(352, 1222, 19, 8, 8, 10, 10, 10, 10, 10, 10, 10, 10, 96, 2),
(353, 1245, 19, 10, 10, 10, 10, 10, 10, 10, 10, 10, 10, 100, 2),
(354, 1228, 253, 8, 8, 8, 10, 10, 10, 10, 10, 10, 10, 94, 2),
(355, 1245, 20, 10, 10, 10, 10, 10, 10, 10, 10, 10, 10, 100, 2),
(356, 1263, 253, 8, 6, 8, 8, 8, 8, 6, 6, 8, 8, 74, 2),
(357, 1245, 21, 10, 10, 10, 10, 10, 10, 10, 10, 10, 10, 100, 2),
(358, 1222, 20, 8, 8, 10, 10, 10, 10, 10, 10, 8, 8, 92, 2),
(359, 1245, 253, 10, 10, 10, 10, 10, 10, 10, 10, 10, 10, 100, 2),
(360, 1222, 21, 10, 8, 10, 8, 10, 8, 8, 10, 8, 10, 90, 2),
(361, 1222, 253, 8, 10, 8, 10, 10, 8, 10, 8, 10, 8, 90, 2),
(362, 1149, 69, 10, 10, 10, 10, 10, 10, 10, 10, 10, 10, 100, 2),
(363, 1149, 67, 8, 10, 8, 10, 10, 8, 10, 8, 8, 10, 90, 2),
(364, 1202, 67, 8, 8, 8, 10, 10, 10, 10, 10, 10, 10, 94, 1),
(365, 1202, 68, 8, 8, 8, 8, 10, 10, 10, 10, 10, 10, 92, 1),
(366, 1149, 68, 6, 6, 4, 8, 10, 6, 8, 10, 6, 6, 70, 2),
(367, 1202, 69, 10, 10, 10, 10, 10, 10, 10, 10, 10, 10, 100, 1),
(368, 1149, 70, 8, 8, 8, 8, 10, 10, 8, 8, 8, 8, 84, 2),
(369, 1202, 70, 10, 10, 10, 10, 10, 10, 10, 10, 10, 10, 100, 1),
(370, 1202, 71, 6, 8, 8, 8, 8, 8, 8, 8, 8, 8, 78, 1),
(371, 1202, 72, 10, 10, 10, 10, 10, 10, 10, 10, 10, 10, 100, 1),
(372, 1149, 71, 6, 6, 6, 6, 6, 6, 6, 4, 6, 8, 60, 2),
(373, 1162, 67, 10, 8, 10, 10, 10, 8, 10, 10, 6, 10, 92, 1),
(374, 1202, 73, 10, 10, 10, 10, 10, 10, 10, 10, 10, 10, 100, 1),
(375, 1202, 74, 10, 10, 10, 10, 10, 10, 10, 10, 10, 10, 100, 1),
(376, 1162, 68, 8, 10, 10, 8, 6, 8, 10, 10, 10, 10, 90, 1),
(377, 1162, 69, 10, 10, 10, 10, 10, 10, 10, 10, 10, 10, 100, 1),
(378, 1193, 69, 10, 10, 8, 10, 10, 10, 8, 10, 10, 10, 96, 1),
(379, 1149, 72, 6, 6, 6, 6, 8, 6, 6, 6, 6, 4, 60, 2),
(380, 1202, 75, 10, 10, 10, 10, 10, 10, 10, 10, 10, 10, 100, 1),
(381, 1149, 73, 10, 10, 10, 10, 10, 10, 10, 6, 6, 6, 88, 2),
(382, 1149, 74, 10, 10, 10, 10, 10, 10, 10, 10, 10, 10, 100, 2),
(383, 1213, 67, 8, 8, 10, 6, 8, 8, 10, 8, 6, 6, 78, 1),
(384, 1162, 70, 10, 10, 10, 10, 8, 6, 10, 10, 10, 10, 94, 1),
(385, 1177, 67, 10, 10, 10, 10, 10, 8, 10, 8, 8, 8, 92, 1),
(386, 1154, 67, 10, 10, 8, 10, 10, 10, 8, 8, 10, 10, 94, 1),
(387, 1211, 67, 8, 10, 8, 8, 8, 8, 6, 6, 8, 10, 80, 1),
(388, 1213, 68, 8, 8, 6, 6, 8, 8, 8, 6, 8, 10, 76, 1),
(389, 1149, 75, 6, 2, 10, 6, 4, 10, 2, 4, 4, 10, 58, 2),
(390, 1193, 67, 10, 10, 10, 10, 10, 10, 8, 8, 8, 10, 94, 1),
(391, 1202, 67, 8, 8, 8, 8, 8, 8, 10, 10, 10, 10, 88, 2),
(392, 1213, 69, 10, 10, 10, 10, 10, 10, 10, 10, 10, 10, 100, 1),
(393, 1194, 67, 8, 10, 8, 8, 8, 8, 8, 6, 8, 8, 80, 1),
(394, 1202, 68, 10, 10, 10, 10, 10, 10, 10, 10, 10, 10, 100, 2),
(395, 1213, 70, 8, 8, 8, 8, 8, 6, 8, 8, 6, 8, 76, 1),
(396, 1202, 69, 10, 10, 10, 10, 10, 10, 10, 10, 10, 10, 100, 2),
(397, 1200, 67, 10, 10, 10, 10, 8, 8, 10, 8, 10, 10, 94, 1),
(398, 1154, 68, 4, 4, 4, 4, 2, 2, 2, 2, 2, 4, 30, 1),
(399, 1211, 68, 8, 8, 6, 6, 6, 6, 6, 8, 8, 8, 70, 1),
(400, 1213, 71, 8, 8, 8, 10, 8, 8, 6, 8, 6, 8, 78, 1),
(401, 1162, 71, 6, 6, 8, 10, 6, 6, 8, 8, 2, 8, 68, 1),
(402, 1213, 72, 10, 10, 10, 10, 10, 10, 10, 10, 10, 10, 100, 1),
(403, 1178, 67, 8, 10, 8, 8, 8, 8, 8, 8, 8, 8, 82, 1),
(404, 1177, 68, 8, 6, 4, 4, 6, 4, 4, 4, 2, 4, 46, 1),
(405, 1202, 70, 10, 10, 10, 10, 10, 10, 10, 10, 10, 10, 100, 2),
(406, 1162, 72, 10, 10, 10, 10, 10, 8, 10, 10, 10, 10, 98, 1),
(407, 1154, 69, 10, 8, 10, 8, 10, 10, 10, 10, 10, 10, 96, 1),
(408, 1213, 73, 10, 10, 10, 10, 8, 10, 6, 8, 6, 6, 84, 1),
(409, 1177, 69, 10, 10, 10, 10, 10, 10, 10, 10, 10, 6, 96, 1),
(410, 1194, 68, 6, 6, 6, 6, 4, 6, 6, 4, 4, 4, 52, 1),
(411, 1193, 68, 8, 8, 8, 8, 10, 6, 8, 6, 8, 8, 78, 1),
(412, 1219, 69, 10, 10, 10, 10, 10, 10, 10, 10, 10, 10, 100, 1),
(413, 1213, 74, 10, 10, 10, 10, 10, 10, 10, 10, 10, 10, 100, 1),
(414, 1200, 69, 10, 8, 8, 10, 8, 8, 10, 10, 10, 8, 90, 1),
(415, 1211, 69, 10, 8, 8, 8, 10, 8, 10, 10, 10, 8, 90, 1),
(416, 1202, 71, 8, 8, 8, 8, 8, 8, 8, 8, 8, 8, 80, 2),
(417, 1209, 67, 10, 10, 8, 10, 10, 10, 8, 8, 10, 10, 94, 1),
(418, 1195, 67, 10, 10, 10, 10, 10, 10, 10, 10, 10, 10, 100, 1),
(419, 1201, 67, 8, 8, 8, 8, 8, 8, 8, 8, 8, 8, 80, 1),
(420, 1213, 75, 6, 6, 8, 6, 8, 8, 6, 6, 2, 2, 58, 1),
(421, 1202, 72, 10, 10, 10, 10, 10, 10, 10, 10, 10, 10, 100, 2),
(422, 1154, 70, 8, 6, 10, 10, 10, 8, 6, 6, 10, 8, 82, 1),
(423, 1194, 69, 10, 10, 10, 8, 10, 8, 10, 10, 8, 10, 94, 1),
(424, 1177, 70, 8, 6, 4, 6, 6, 6, 6, 4, 4, 6, 56, 1),
(425, 1178, 68, 6, 8, 6, 10, 6, 6, 6, 6, 4, 6, 64, 1),
(426, 1211, 70, 8, 6, 8, 8, 6, 6, 8, 6, 8, 10, 74, 1),
(427, 1200, 68, 10, 8, 6, 10, 8, 8, 10, 6, 8, 8, 82, 1),
(428, 1202, 73, 10, 10, 10, 10, 10, 10, 10, 10, 10, 10, 100, 2),
(429, 1181, 67, 8, 10, 8, 10, 8, 10, 10, 8, 8, 6, 86, 1),
(430, 1162, 73, 10, 10, 10, 10, 10, 10, 10, 10, 10, 10, 100, 1),
(431, 1165, 67, 10, 10, 8, 10, 10, 10, 10, 10, 8, 10, 96, 1),
(432, 1177, 71, 6, 4, 4, 4, 4, 4, 4, 6, 4, 6, 46, 1),
(433, 1193, 70, 10, 10, 8, 8, 6, 10, 8, 6, 6, 8, 80, 1),
(434, 1154, 71, 6, 4, 8, 6, 6, 6, 6, 6, 4, 2, 54, 1),
(435, 1202, 74, 10, 10, 10, 10, 10, 10, 10, 10, 10, 10, 100, 2),
(436, 1181, 68, 8, 8, 8, 10, 8, 10, 8, 8, 10, 10, 88, 1),
(437, 1211, 71, 6, 8, 8, 6, 8, 6, 8, 8, 6, 8, 72, 1),
(438, 1194, 70, 6, 6, 4, 6, 4, 6, 6, 6, 6, 6, 56, 1),
(439, 1202, 75, 10, 10, 10, 10, 10, 10, 10, 10, 10, 10, 100, 2),
(440, 1181, 69, 10, 10, 10, 10, 10, 10, 10, 10, 10, 10, 100, 1),
(441, 1219, 67, 10, 10, 10, 10, 10, 10, 8, 8, 10, 10, 96, 1),
(442, 1162, 74, 10, 10, 10, 10, 10, 10, 10, 10, 10, 10, 100, 1),
(443, 1201, 68, 8, 8, 8, 6, 6, 8, 8, 8, 8, 8, 76, 1),
(444, 1178, 69, 10, 10, 8, 8, 10, 8, 6, 10, 10, 10, 90, 1),
(445, 1213, 67, 8, 6, 8, 6, 6, 6, 6, 8, 6, 6, 66, 2),
(446, 1177, 72, 10, 10, 10, 10, 10, 8, 8, 10, 10, 10, 96, 1),
(447, 1154, 72, 10, 10, 10, 10, 10, 10, 10, 10, 10, 10, 100, 1),
(448, 1200, 70, 10, 10, 10, 8, 10, 10, 10, 10, 10, 10, 98, 1),
(449, 1194, 71, 6, 4, 6, 4, 6, 4, 6, 4, 6, 4, 50, 1),
(450, 1195, 68, 10, 10, 10, 10, 10, 10, 10, 10, 10, 10, 100, 1),
(451, 1181, 70, 8, 8, 8, 8, 10, 8, 10, 8, 10, 8, 86, 1),
(452, 1211, 72, 8, 8, 6, 8, 8, 6, 6, 6, 8, 8, 72, 1),
(453, 1213, 68, 4, 6, 4, 8, 8, 8, 6, 6, 6, 6, 62, 2),
(454, 1177, 73, 10, 10, 10, 10, 10, 10, 10, 10, 10, 10, 100, 1),
(455, 1200, 71, 2, 2, 2, 2, 2, 2, 2, 2, 2, 2, 20, 1),
(456, 1154, 73, 6, 4, 6, 8, 6, 6, 4, 4, 2, 6, 52, 1),
(457, 1213, 69, 8, 8, 8, 8, 8, 6, 8, 8, 8, 8, 78, 2),
(458, 1194, 72, 8, 6, 8, 6, 8, 6, 6, 6, 6, 6, 66, 1),
(459, 1193, 71, 8, 2, 4, 8, 8, 2, 8, 8, 2, 2, 52, 1),
(460, 1214, 67, 8, 8, 10, 10, 8, 8, 8, 8, 8, 8, 84, 1),
(461, 1177, 74, 10, 10, 10, 10, 10, 10, 10, 10, 10, 10, 100, 1),
(462, 1195, 69, 10, 10, 10, 10, 10, 10, 10, 10, 10, 10, 100, 1),
(463, 1201, 69, 10, 10, 8, 8, 10, 10, 8, 8, 10, 8, 90, 1),
(464, 1209, 68, 8, 10, 8, 8, 10, 8, 8, 10, 10, 10, 90, 1),
(465, 1213, 70, 10, 10, 10, 10, 10, 10, 10, 10, 10, 8, 98, 2),
(466, 1162, 75, 10, 10, 10, 10, 10, 10, 10, 10, 10, 8, 98, 1),
(467, 1211, 73, 8, 8, 8, 8, 8, 6, 4, 6, 6, 8, 70, 1),
(468, 1154, 74, 10, 10, 10, 10, 10, 10, 10, 10, 10, 10, 100, 1),
(469, 1196, 67, 10, 10, 10, 10, 10, 8, 10, 10, 10, 10, 98, 2),
(470, 1213, 71, 8, 8, 8, 8, 8, 8, 8, 8, 8, 8, 80, 2),
(471, 1177, 75, 10, 10, 8, 8, 8, 6, 4, 6, 4, 8, 72, 1),
(472, 1219, 68, 8, 8, 10, 10, 8, 6, 6, 4, 2, 6, 68, 1),
(473, 1213, 72, 10, 10, 10, 10, 10, 10, 10, 10, 10, 10, 100, 2),
(474, 1154, 75, 10, 10, 10, 10, 10, 10, 10, 10, 10, 10, 100, 1),
(475, 1214, 68, 8, 10, 8, 8, 10, 8, 8, 6, 8, 10, 84, 1),
(476, 1162, 67, 8, 8, 8, 8, 8, 8, 8, 8, 8, 8, 80, 2),
(477, 1213, 73, 10, 10, 8, 8, 8, 8, 6, 6, 8, 8, 80, 2),
(478, 1195, 70, 10, 10, 10, 10, 10, 10, 10, 10, 10, 10, 100, 1),
(479, 1162, 68, 10, 10, 10, 8, 8, 10, 10, 10, 10, 10, 96, 2),
(480, 1213, 75, 6, 6, 4, 6, 4, 6, 6, 4, 4, 4, 50, 2),
(481, 1196, 68, 10, 8, 8, 8, 10, 8, 10, 8, 10, 10, 90, 2),
(482, 1211, 74, 8, 8, 8, 8, 10, 8, 6, 8, 8, 8, 80, 1),
(483, 1214, 69, 10, 10, 10, 8, 10, 10, 10, 10, 10, 10, 98, 1),
(484, 1177, 67, 10, 8, 10, 8, 10, 8, 8, 8, 6, 6, 82, 2),
(485, 1201, 70, 8, 8, 8, 8, 8, 8, 8, 8, 8, 8, 80, 1),
(486, 1194, 73, 6, 4, 6, 4, 6, 4, 6, 4, 6, 4, 50, 1),
(487, 1181, 71, 4, 6, 6, 2, 2, 6, 6, 4, 6, 4, 46, 1),
(488, 1193, 72, 6, 4, 2, 8, 10, 10, 10, 10, 10, 10, 80, 1),
(489, 1154, 67, 8, 8, 8, 8, 8, 8, 8, 8, 8, 8, 80, 2),
(490, 1162, 69, 10, 10, 10, 10, 10, 10, 10, 10, 10, 10, 100, 2),
(491, 1213, 74, 10, 8, 8, 8, 10, 8, 10, 10, 10, 10, 92, 2),
(492, 1171, 70, 8, 8, 8, 10, 10, 10, 8, 10, 8, 10, 90, 1),
(493, 1177, 68, 4, 6, 6, 6, 6, 4, 6, 6, 4, 4, 52, 2),
(494, 1185, 67, 8, 8, 8, 8, 8, 8, 8, 10, 8, 8, 82, 1),
(495, 1194, 74, 10, 8, 10, 8, 10, 8, 10, 10, 10, 10, 94, 1),
(496, 1162, 70, 8, 8, 8, 8, 8, 8, 8, 8, 8, 8, 80, 2),
(497, 1196, 69, 10, 10, 10, 10, 10, 10, 10, 10, 10, 10, 100, 2),
(498, 1154, 68, 4, 4, 4, 4, 4, 4, 4, 4, 4, 4, 40, 2),
(499, 1181, 72, 6, 10, 6, 6, 4, 10, 8, 6, 8, 10, 74, 1),
(500, 1177, 69, 10, 10, 10, 10, 10, 10, 10, 10, 10, 10, 100, 2),
(501, 1165, 71, 4, 6, 2, 6, 2, 2, 4, 4, 2, 2, 34, 1),
(502, 1194, 75, 6, 6, 6, 4, 4, 4, 6, 6, 4, 4, 50, 1),
(503, 1214, 70, 10, 8, 8, 10, 6, 8, 6, 6, 8, 10, 80, 1),
(504, 1211, 75, 6, 8, 8, 8, 8, 8, 6, 6, 6, 8, 72, 1),
(505, 1154, 69, 10, 10, 10, 10, 10, 10, 10, 10, 10, 10, 100, 2),
(506, 1181, 73, 6, 10, 6, 4, 8, 8, 6, 6, 8, 8, 70, 1),
(507, 1193, 73, 8, 8, 8, 10, 8, 8, 8, 8, 8, 8, 82, 1),
(508, 1200, 72, 10, 8, 8, 8, 8, 10, 8, 8, 6, 6, 80, 1),
(509, 1214, 71, 10, 10, 8, 8, 8, 8, 8, 8, 10, 8, 86, 1),
(510, 1171, 67, 10, 10, 10, 10, 8, 8, 8, 8, 8, 8, 88, 1),
(511, 1217, 67, 10, 8, 8, 10, 10, 10, 8, 6, 8, 10, 88, 1),
(512, 1183, 67, 10, 10, 10, 10, 10, 10, 10, 10, 6, 10, 96, 1),
(513, 1154, 70, 6, 6, 8, 8, 8, 8, 6, 4, 6, 8, 68, 2),
(514, 1177, 71, 10, 6, 6, 6, 6, 6, 6, 6, 4, 4, 60, 2),
(515, 1219, 70, 10, 10, 10, 10, 10, 8, 10, 10, 6, 10, 94, 1),
(516, 1214, 72, 10, 10, 10, 8, 8, 8, 8, 8, 10, 10, 90, 1),
(517, 1198, 67, 6, 6, 6, 6, 8, 6, 2, 4, 6, 10, 60, 1),
(518, 1171, 68, 8, 10, 10, 8, 10, 10, 8, 8, 8, 8, 88, 1),
(519, 1196, 70, 10, 8, 10, 8, 8, 8, 8, 8, 10, 10, 88, 2),
(520, 1181, 74, 8, 8, 8, 8, 8, 8, 8, 8, 10, 10, 84, 1),
(521, 1201, 71, 4, 4, 6, 6, 4, 6, 8, 4, 4, 4, 50, 1),
(522, 1162, 71, 6, 4, 6, 10, 6, 4, 10, 10, 2, 10, 68, 2),
(523, 1177, 70, 4, 4, 6, 6, 6, 6, 4, 4, 4, 4, 48, 2),
(524, 1154, 71, 2, 2, 4, 4, 4, 4, 4, 2, 4, 2, 32, 2),
(525, 1200, 73, 10, 10, 10, 6, 6, 8, 8, 10, 8, 8, 84, 1),
(526, 1193, 74, 10, 8, 10, 6, 10, 10, 10, 10, 10, 8, 92, 1),
(527, 1178, 70, 8, 8, 6, 8, 6, 6, 6, 4, 6, 8, 66, 1),
(528, 1214, 73, 10, 10, 6, 8, 10, 10, 10, 10, 8, 10, 92, 1),
(529, 1185, 68, 8, 8, 8, 10, 8, 8, 8, 8, 8, 8, 82, 1),
(530, 1179, 67, 8, 8, 6, 6, 8, 8, 8, 8, 8, 10, 78, 1),
(531, 1181, 75, 10, 10, 10, 10, 6, 6, 10, 8, 8, 8, 86, 1),
(532, 1217, 68, 10, 10, 10, 10, 10, 10, 10, 10, 10, 10, 100, 1),
(533, 1177, 72, 10, 10, 6, 6, 6, 6, 6, 6, 6, 6, 68, 2),
(534, 1201, 72, 8, 8, 8, 8, 8, 8, 8, 8, 8, 8, 80, 1),
(535, 1171, 69, 10, 10, 10, 10, 10, 10, 10, 10, 10, 10, 100, 1),
(536, 1154, 72, 8, 8, 8, 8, 8, 8, 8, 8, 8, 8, 80, 2),
(537, 1214, 74, 10, 10, 10, 10, 10, 8, 10, 10, 10, 10, 98, 1),
(538, 1165, 68, 8, 8, 6, 8, 8, 6, 6, 4, 6, 8, 68, 1),
(539, 1162, 72, 8, 8, 10, 10, 8, 8, 8, 10, 10, 10, 90, 2),
(540, 1177, 73, 10, 10, 10, 10, 10, 10, 10, 10, 10, 10, 100, 2),
(541, 1200, 74, 8, 8, 8, 8, 8, 8, 8, 8, 8, 8, 80, 1),
(542, 1196, 71, 10, 8, 10, 8, 8, 8, 8, 8, 8, 8, 84, 2),
(543, 1171, 71, 8, 8, 10, 10, 10, 10, 10, 10, 10, 10, 96, 1),
(544, 1204, 67, 10, 10, 10, 8, 8, 8, 8, 8, 8, 8, 86, 1),
(545, 1162, 73, 10, 10, 10, 10, 10, 10, 10, 10, 10, 10, 100, 2),
(546, 1200, 75, 10, 10, 8, 8, 10, 8, 8, 10, 8, 10, 90, 1),
(547, 1214, 75, 10, 8, 8, 10, 10, 10, 10, 10, 10, 10, 96, 1),
(548, 1211, 67, 8, 10, 8, 8, 8, 8, 8, 8, 8, 8, 82, 2),
(549, 1198, 68, 10, 10, 10, 10, 10, 10, 10, 10, 10, 10, 100, 1),
(550, 1179, 68, 10, 10, 10, 10, 10, 10, 10, 10, 10, 10, 100, 1),
(551, 1194, 67, 10, 10, 8, 10, 8, 10, 8, 10, 8, 10, 92, 2),
(552, 1171, 72, 8, 10, 10, 10, 10, 8, 8, 8, 8, 8, 88, 1),
(553, 1217, 69, 10, 10, 8, 8, 8, 10, 8, 10, 10, 8, 90, 1),
(554, 1162, 74, 10, 10, 10, 10, 10, 10, 10, 10, 10, 10, 100, 2),
(555, 1183, 68, 6, 4, 4, 6, 8, 6, 10, 10, 8, 8, 70, 1),
(556, 1196, 72, 10, 10, 10, 10, 10, 10, 10, 10, 10, 10, 100, 2),
(557, 1177, 74, 8, 8, 6, 8, 8, 6, 8, 8, 8, 8, 76, 2),
(558, 1219, 71, 4, 2, 2, 4, 2, 2, 2, 2, 2, 2, 24, 1),
(559, 1194, 68, 6, 8, 6, 8, 6, 6, 8, 6, 6, 8, 68, 2),
(560, 1209, 69, 10, 10, 8, 10, 10, 10, 8, 10, 10, 10, 96, 1),
(561, 1185, 69, 10, 10, 10, 10, 10, 10, 10, 10, 8, 10, 98, 1),
(562, 1211, 68, 8, 6, 6, 8, 8, 6, 8, 6, 6, 8, 70, 2),
(563, 1193, 75, 6, 8, 8, 10, 10, 10, 6, 10, 10, 10, 88, 1),
(564, 1154, 73, 2, 4, 4, 2, 4, 4, 2, 2, 4, 2, 30, 2),
(565, 1171, 73, 8, 8, 8, 8, 10, 10, 10, 10, 8, 8, 88, 1),
(566, 1177, 75, 8, 8, 8, 8, 8, 8, 8, 8, 8, 8, 80, 2),
(567, 1194, 69, 10, 8, 10, 10, 8, 10, 10, 8, 10, 10, 94, 2),
(568, 1201, 73, 4, 4, 4, 4, 6, 4, 4, 4, 6, 4, 44, 1),
(569, 1206, 67, 8, 10, 8, 8, 10, 8, 6, 8, 10, 8, 84, 1),
(570, 1165, 69, 10, 10, 10, 10, 10, 10, 10, 10, 10, 10, 100, 1),
(571, 1154, 74, 8, 8, 8, 8, 8, 8, 8, 8, 8, 8, 80, 2),
(572, 1187, 67, 8, 8, 8, 10, 10, 10, 8, 8, 8, 8, 86, 1),
(573, 1196, 73, 10, 10, 10, 10, 10, 10, 8, 10, 10, 8, 96, 2),
(574, 1144, 67, 8, 8, 10, 10, 8, 8, 10, 8, 6, 10, 86, 1),
(575, 1171, 74, 10, 10, 10, 10, 10, 10, 10, 10, 10, 10, 100, 1),
(576, 1194, 70, 6, 8, 6, 6, 6, 8, 6, 6, 6, 8, 66, 2),
(577, 1201, 74, 8, 8, 8, 8, 8, 10, 10, 10, 10, 10, 90, 1),
(578, 1217, 70, 8, 8, 6, 8, 6, 8, 6, 6, 6, 4, 66, 1),
(579, 1200, 67, 10, 10, 10, 10, 10, 10, 10, 10, 10, 10, 100, 2),
(580, 1154, 75, 8, 8, 8, 8, 8, 8, 8, 8, 8, 8, 80, 2),
(581, 1211, 69, 8, 8, 8, 8, 10, 8, 8, 10, 8, 8, 84, 2),
(582, 1214, 67, 8, 10, 10, 10, 10, 10, 10, 8, 10, 10, 96, 2),
(583, 1206, 68, 8, 8, 6, 10, 6, 10, 8, 10, 6, 10, 82, 1),
(584, 1219, 72, 10, 10, 10, 10, 10, 10, 6, 10, 10, 10, 96, 1),
(585, 1209, 70, 10, 10, 8, 10, 10, 10, 8, 10, 10, 10, 96, 1),
(586, 1196, 74, 10, 10, 10, 10, 10, 10, 10, 10, 10, 10, 100, 2),
(587, 1185, 70, 10, 8, 10, 10, 10, 8, 8, 10, 10, 10, 94, 1),
(588, 1162, 75, 10, 10, 10, 10, 10, 10, 10, 10, 10, 10, 100, 2),
(589, 1183, 69, 6, 10, 6, 8, 4, 10, 10, 6, 10, 10, 80, 1),
(590, 1201, 75, 6, 6, 6, 6, 6, 6, 6, 6, 6, 6, 60, 1),
(591, 1204, 68, 8, 8, 8, 8, 6, 6, 8, 6, 6, 8, 72, 1),
(592, 1198, 69, 8, 8, 8, 8, 8, 4, 2, 10, 10, 8, 74, 1),
(593, 1217, 71, 10, 10, 10, 6, 8, 10, 8, 6, 8, 8, 84, 1),
(594, 1187, 68, 8, 10, 10, 10, 10, 10, 8, 8, 8, 8, 90, 1),
(595, 1206, 69, 10, 8, 10, 10, 10, 10, 10, 10, 10, 10, 98, 1),
(596, 1200, 68, 8, 8, 8, 8, 6, 8, 6, 6, 8, 10, 76, 2),
(597, 1195, 71, 6, 6, 8, 6, 6, 8, 10, 6, 4, 4, 64, 1),
(598, 1194, 71, 6, 4, 6, 6, 4, 4, 6, 6, 4, 4, 50, 2),
(599, 1214, 68, 10, 10, 10, 8, 10, 10, 10, 10, 10, 10, 98, 2),
(600, 1183, 70, 8, 10, 10, 10, 8, 10, 10, 10, 10, 10, 96, 1),
(601, 1196, 75, 10, 10, 10, 8, 8, 10, 10, 10, 8, 8, 92, 2),
(602, 1193, 67, 10, 10, 10, 10, 10, 10, 10, 10, 10, 10, 100, 2),
(603, 1204, 69, 10, 10, 10, 10, 10, 10, 10, 10, 10, 10, 100, 1),
(604, 1217, 72, 6, 6, 8, 6, 4, 6, 6, 6, 8, 6, 62, 1),
(605, 1214, 69, 10, 10, 10, 10, 10, 10, 10, 8, 10, 10, 98, 2),
(606, 1144, 68, 8, 10, 10, 10, 10, 8, 10, 6, 6, 6, 84, 1),
(607, 1211, 70, 8, 8, 6, 8, 6, 6, 8, 8, 8, 8, 74, 2),
(608, 1194, 72, 6, 6, 6, 6, 6, 6, 6, 4, 4, 4, 54, 2),
(609, 1206, 70, 10, 6, 8, 10, 8, 6, 8, 10, 10, 10, 86, 1),
(610, 1178, 71, 4, 4, 6, 6, 6, 4, 6, 4, 6, 6, 52, 1),
(611, 1171, 75, 8, 10, 8, 8, 10, 10, 10, 10, 8, 8, 90, 1),
(612, 1183, 71, 6, 8, 8, 10, 10, 8, 10, 8, 8, 10, 86, 1),
(613, 1165, 70, 10, 10, 8, 8, 8, 10, 8, 6, 10, 6, 84, 1),
(614, 1179, 69, 8, 8, 8, 8, 8, 8, 6, 10, 10, 8, 82, 1),
(615, 1194, 73, 4, 4, 6, 4, 4, 6, 4, 8, 8, 8, 56, 2),
(616, 1214, 70, 10, 10, 10, 10, 10, 10, 10, 10, 8, 8, 96, 2),
(617, 1200, 69, 10, 8, 8, 8, 10, 6, 10, 10, 8, 8, 86, 2),
(618, 1195, 72, 10, 8, 8, 8, 10, 10, 10, 10, 10, 8, 92, 1),
(619, 1187, 69, 8, 10, 10, 10, 10, 10, 10, 10, 10, 10, 98, 1),
(620, 1217, 73, 10, 10, 8, 8, 10, 8, 8, 6, 8, 8, 84, 1),
(621, 1219, 73, 6, 6, 10, 10, 10, 10, 4, 8, 6, 4, 74, 1),
(622, 1183, 72, 10, 10, 10, 8, 10, 10, 10, 10, 10, 10, 98, 1),
(623, 1206, 71, 10, 8, 6, 4, 6, 8, 10, 8, 10, 10, 80, 1),
(624, 1185, 71, 8, 6, 6, 6, 8, 6, 6, 6, 2, 6, 60, 1),
(625, 1214, 71, 8, 8, 10, 10, 10, 10, 10, 10, 10, 6, 92, 2),
(626, 1194, 74, 10, 10, 10, 10, 10, 10, 8, 8, 8, 10, 94, 2),
(627, 1217, 74, 8, 10, 6, 8, 8, 8, 8, 8, 6, 8, 78, 1),
(628, 1171, 67, 8, 8, 8, 10, 10, 10, 10, 8, 10, 10, 92, 2),
(629, 1200, 70, 10, 10, 10, 10, 10, 10, 10, 10, 10, 10, 100, 2),
(630, 1209, 71, 10, 10, 8, 10, 10, 10, 10, 8, 10, 10, 96, 1),
(631, 1183, 73, 10, 10, 10, 10, 10, 10, 10, 10, 10, 10, 100, 1),
(632, 1187, 70, 10, 10, 10, 10, 10, 10, 10, 10, 10, 10, 100, 1),
(633, 1211, 71, 8, 8, 8, 8, 6, 6, 6, 6, 8, 8, 72, 2),
(634, 1204, 70, 8, 8, 6, 6, 8, 8, 8, 8, 8, 6, 74, 1),
(635, 1214, 72, 10, 10, 8, 10, 8, 8, 10, 10, 8, 8, 90, 2),
(636, 1171, 68, 10, 10, 10, 10, 10, 10, 10, 10, 10, 10, 100, 2),
(637, 1217, 75, 10, 10, 10, 10, 10, 10, 10, 10, 10, 10, 100, 1),
(638, 1194, 75, 6, 6, 6, 6, 6, 6, 6, 4, 4, 8, 58, 2),
(639, 1206, 72, 10, 10, 10, 8, 10, 8, 10, 8, 6, 10, 90, 1),
(640, 1200, 71, 4, 2, 2, 2, 2, 2, 2, 2, 2, 2, 22, 2),
(641, 1198, 70, 8, 8, 8, 8, 8, 8, 2, 8, 8, 8, 74, 1),
(642, 1195, 73, 10, 10, 10, 10, 10, 10, 10, 10, 10, 10, 100, 1),
(643, 1214, 73, 10, 10, 10, 10, 10, 10, 10, 10, 10, 10, 100, 2),
(644, 1165, 72, 10, 10, 10, 10, 10, 10, 8, 10, 10, 10, 98, 1),
(645, 1183, 74, 10, 10, 10, 10, 10, 10, 10, 10, 10, 10, 100, 1),
(646, 1219, 74, 10, 10, 10, 6, 10, 10, 10, 10, 10, 10, 96, 1),
(647, 1171, 69, 10, 10, 10, 10, 10, 10, 10, 10, 10, 10, 100, 2),
(648, 1144, 69, 8, 8, 8, 8, 8, 10, 10, 6, 10, 10, 86, 1),
(649, 1179, 70, 8, 8, 8, 8, 8, 8, 8, 8, 8, 10, 82, 1),
(650, 1193, 68, 8, 10, 8, 8, 10, 10, 8, 10, 6, 10, 88, 2),
(651, 1206, 73, 10, 10, 10, 10, 10, 10, 10, 10, 10, 10, 100, 1),
(652, 1209, 72, 10, 10, 8, 10, 10, 10, 8, 10, 10, 10, 96, 1),
(653, 1214, 74, 8, 8, 8, 8, 8, 8, 8, 8, 8, 8, 80, 2),
(654, 1200, 72, 10, 8, 8, 8, 8, 8, 10, 8, 8, 10, 86, 2),
(655, 1185, 72, 10, 10, 8, 8, 10, 10, 8, 10, 8, 8, 90, 1),
(656, 1187, 71, 6, 6, 6, 6, 8, 8, 6, 8, 8, 6, 68, 1),
(657, 1195, 74, 10, 10, 10, 10, 10, 10, 10, 10, 10, 10, 100, 1),
(658, 1183, 75, 10, 10, 10, 10, 10, 10, 10, 10, 10, 10, 100, 1),
(659, 1171, 70, 10, 10, 10, 10, 10, 10, 10, 10, 10, 8, 98, 2),
(660, 1211, 72, 8, 8, 8, 8, 6, 6, 4, 6, 8, 8, 70, 2),
(661, 1204, 71, 4, 4, 2, 2, 4, 4, 6, 4, 2, 4, 36, 1),
(662, 1200, 73, 4, 10, 10, 8, 10, 8, 10, 8, 10, 8, 86, 2),
(663, 1185, 73, 6, 6, 6, 6, 6, 6, 6, 6, 6, 6, 60, 1),
(664, 1195, 75, 10, 10, 10, 10, 10, 10, 10, 10, 10, 10, 100, 1),
(665, 1214, 75, 8, 8, 8, 10, 10, 10, 10, 10, 8, 8, 90, 2),
(666, 1178, 72, 6, 6, 6, 8, 8, 4, 4, 6, 4, 8, 60, 1),
(667, 1187, 72, 10, 10, 10, 10, 10, 10, 10, 10, 10, 10, 100, 1),
(668, 1217, 67, 8, 8, 8, 6, 8, 8, 6, 8, 10, 8, 78, 2),
(669, 1171, 71, 8, 8, 10, 10, 10, 10, 10, 10, 10, 10, 96, 2),
(670, 1206, 74, 10, 10, 10, 10, 10, 10, 10, 10, 10, 10, 100, 1),
(671, 1198, 71, 4, 4, 4, 4, 4, 4, 2, 4, 4, 2, 36, 1),
(672, 1219, 75, 6, 4, 8, 8, 8, 8, 6, 6, 8, 6, 68, 1),
(673, 1179, 71, 4, 4, 4, 4, 4, 4, 2, 4, 4, 2, 36, 1),
(674, 1144, 70, 8, 8, 10, 10, 10, 10, 10, 6, 10, 10, 92, 1),
(675, 1209, 74, 10, 10, 8, 10, 10, 10, 10, 10, 10, 10, 98, 1),
(676, 1181, 67, 8, 8, 10, 8, 10, 8, 8, 8, 8, 10, 86, 2),
(677, 1217, 68, 8, 8, 10, 6, 8, 8, 8, 10, 6, 8, 80, 2),
(678, 1187, 73, 8, 8, 8, 8, 8, 8, 8, 8, 8, 8, 80, 1),
(679, 1206, 75, 10, 10, 10, 10, 10, 10, 10, 10, 10, 10, 100, 1),
(680, 1171, 72, 8, 8, 8, 8, 10, 10, 10, 10, 10, 10, 92, 2),
(681, 1200, 74, 8, 8, 10, 10, 8, 10, 10, 8, 8, 8, 88, 2),
(682, 1183, 67, 10, 10, 8, 10, 10, 6, 10, 8, 10, 10, 92, 2),
(683, 1185, 74, 10, 8, 8, 8, 8, 8, 8, 8, 8, 8, 82, 1),
(684, 1204, 72, 10, 8, 8, 8, 8, 8, 10, 10, 10, 10, 90, 1),
(685, 1193, 69, 10, 10, 10, 10, 10, 10, 10, 10, 10, 10, 100, 2),
(686, 1211, 73, 8, 8, 8, 8, 6, 6, 4, 6, 6, 8, 68, 2),
(687, 1181, 68, 10, 10, 10, 8, 8, 8, 6, 10, 10, 6, 86, 2),
(688, 1198, 72, 8, 8, 8, 8, 8, 8, 2, 8, 8, 8, 74, 1),
(689, 1179, 72, 8, 8, 8, 8, 8, 8, 8, 8, 8, 8, 80, 1),
(690, 1171, 73, 10, 10, 10, 10, 10, 10, 8, 8, 8, 8, 92, 2),
(691, 1178, 73, 10, 10, 10, 8, 8, 10, 8, 8, 8, 8, 88, 1),
(692, 1217, 69, 8, 8, 8, 8, 6, 8, 8, 8, 8, 8, 78, 2),
(693, 1200, 75, 8, 10, 10, 8, 10, 8, 8, 10, 10, 10, 92, 2),
(694, 1181, 69, 10, 10, 10, 10, 10, 10, 8, 8, 10, 10, 96, 2),
(695, 1183, 68, 6, 8, 8, 8, 4, 8, 8, 6, 4, 6, 66, 2),
(696, 1165, 73, 6, 4, 6, 8, 8, 8, 8, 6, 8, 6, 68, 1),
(697, 1171, 74, 10, 10, 10, 10, 10, 10, 10, 10, 10, 10, 100, 2),
(698, 1198, 73, 8, 8, 8, 8, 8, 8, 2, 8, 8, 8, 74, 1),
(699, 1187, 74, 10, 10, 10, 10, 10, 10, 10, 10, 10, 10, 100, 1),
(700, 1185, 75, 8, 8, 8, 8, 8, 8, 8, 8, 8, 8, 80, 1),
(701, 1204, 73, 8, 8, 6, 10, 8, 6, 8, 8, 8, 8, 78, 1),
(702, 1179, 73, 8, 8, 8, 8, 8, 8, 4, 8, 8, 8, 76, 1),
(703, 1183, 69, 10, 8, 10, 10, 8, 10, 10, 10, 10, 10, 96, 2),
(704, 1206, 67, 10, 8, 10, 6, 10, 8, 8, 10, 6, 10, 86, 2),
(705, 1178, 74, 10, 10, 6, 10, 10, 10, 6, 6, 8, 8, 84, 1),
(706, 1181, 70, 8, 8, 8, 8, 8, 8, 8, 8, 8, 8, 80, 2),
(707, 1217, 70, 8, 6, 8, 6, 8, 6, 8, 6, 6, 6, 68, 2),
(708, 1165, 74, 10, 10, 10, 10, 10, 10, 10, 10, 10, 10, 100, 1),
(709, 1144, 71, 6, 10, 4, 8, 8, 8, 10, 6, 6, 8, 74, 1),
(710, 1171, 75, 8, 10, 8, 10, 10, 10, 10, 10, 10, 10, 96, 2),
(711, 1198, 74, 8, 8, 8, 8, 8, 8, 2, 8, 8, 8, 74, 1),
(712, 1179, 74, 8, 8, 8, 8, 8, 8, 8, 8, 8, 8, 80, 1),
(713, 1181, 71, 4, 4, 6, 4, 6, 6, 2, 2, 6, 8, 48, 2),
(714, 1211, 74, 8, 8, 8, 8, 10, 8, 6, 8, 8, 10, 82, 2),
(715, 1156, 67, 10, 10, 10, 10, 10, 10, 10, 10, 10, 10, 100, 1),
(716, 1187, 75, 8, 8, 8, 8, 8, 8, 8, 8, 8, 8, 80, 1),
(717, 1195, 67, 10, 10, 10, 10, 10, 10, 10, 10, 10, 10, 100, 2),
(718, 1204, 74, 10, 10, 10, 10, 10, 10, 10, 10, 10, 10, 100, 1),
(719, 1201, 67, 8, 8, 8, 8, 8, 8, 8, 8, 8, 8, 80, 2),
(720, 1178, 75, 8, 8, 8, 6, 8, 6, 6, 6, 6, 6, 68, 1),
(721, 1217, 71, 8, 8, 6, 8, 6, 8, 4, 8, 6, 8, 70, 2),
(722, 1179, 75, 6, 6, 6, 6, 6, 6, 6, 6, 6, 6, 60, 1),
(723, 1206, 68, 10, 10, 10, 10, 8, 10, 8, 10, 8, 10, 94, 2),
(724, 1198, 75, 6, 6, 6, 6, 6, 6, 6, 6, 6, 6, 60, 1),
(725, 1183, 70, 10, 10, 10, 10, 10, 10, 10, 10, 10, 10, 100, 2),
(726, 1195, 68, 10, 10, 10, 10, 10, 10, 10, 10, 10, 10, 100, 2),
(727, 1201, 68, 8, 6, 6, 8, 8, 6, 6, 6, 6, 6, 66, 2),
(728, 1204, 75, 8, 8, 8, 10, 8, 8, 10, 6, 8, 8, 82, 1),
(729, 1211, 75, 6, 8, 8, 8, 6, 6, 6, 8, 8, 8, 72, 2),
(730, 1206, 69, 10, 10, 10, 10, 10, 10, 10, 10, 10, 10, 100, 2),
(731, 1181, 72, 8, 8, 6, 6, 6, 8, 6, 4, 6, 6, 64, 2),
(732, 1156, 68, 10, 10, 10, 10, 10, 10, 10, 10, 10, 10, 100, 1),
(733, 1201, 69, 8, 8, 8, 8, 8, 8, 8, 8, 8, 8, 80, 2),
(734, 1187, 67, 8, 8, 8, 10, 10, 10, 10, 8, 10, 8, 90, 2),
(735, 1195, 69, 10, 10, 10, 10, 10, 10, 10, 10, 10, 10, 100, 2),
(736, 1144, 72, 8, 4, 6, 6, 10, 8, 10, 8, 8, 8, 76, 1),
(737, 1206, 70, 10, 6, 8, 10, 8, 10, 10, 10, 10, 10, 92, 2),
(738, 1165, 75, 10, 10, 6, 6, 8, 8, 8, 8, 6, 10, 80, 1),
(739, 1156, 69, 10, 10, 10, 10, 10, 10, 10, 10, 10, 10, 100, 1),
(740, 1178, 67, 10, 8, 10, 8, 6, 8, 6, 8, 6, 10, 80, 2),
(741, 1195, 70, 10, 10, 10, 10, 10, 10, 10, 10, 10, 10, 100, 2),
(742, 1193, 70, 10, 8, 10, 8, 8, 8, 8, 8, 8, 8, 84, 2),
(743, 1201, 70, 8, 6, 8, 8, 8, 8, 8, 8, 8, 8, 78, 2),
(744, 1209, 73, 6, 10, 8, 10, 6, 8, 8, 8, 8, 8, 80, 1),
(745, 1217, 72, 4, 6, 4, 6, 4, 6, 6, 6, 6, 6, 54, 2),
(746, 1181, 73, 8, 8, 8, 8, 8, 8, 8, 8, 8, 6, 78, 2),
(747, 1157, 67, 10, 10, 10, 10, 10, 10, 10, 10, 10, 10, 100, 1),
(748, 1204, 67, 8, 8, 8, 8, 8, 8, 8, 8, 8, 8, 80, 2),
(749, 1187, 68, 8, 8, 8, 8, 8, 8, 10, 10, 10, 8, 86, 2),
(750, 1198, 67, 6, 6, 6, 6, 6, 6, 2, 6, 6, 10, 60, 2),
(751, 1206, 71, 6, 8, 10, 8, 6, 8, 10, 8, 10, 10, 84, 2),
(752, 1185, 67, 8, 8, 8, 8, 8, 8, 10, 8, 8, 10, 84, 2),
(753, 1156, 70, 10, 10, 10, 10, 10, 10, 10, 10, 10, 10, 100, 1),
(754, 1179, 67, 8, 8, 8, 8, 10, 8, 8, 10, 8, 10, 86, 2),
(755, 1178, 68, 8, 8, 8, 8, 6, 8, 6, 6, 8, 6, 72, 2),
(756, 1181, 74, 10, 10, 10, 10, 10, 10, 10, 10, 8, 2, 90, 2),
(757, 1217, 73, 10, 8, 10, 6, 8, 6, 8, 8, 6, 8, 78, 2),
(758, 1156, 71, 10, 10, 10, 10, 10, 10, 10, 10, 10, 10, 100, 1),
(759, 1193, 71, 8, 8, 8, 10, 8, 8, 10, 4, 8, 8, 80, 2),
(760, 1204, 68, 6, 6, 6, 6, 6, 6, 6, 6, 6, 6, 60, 2),
(761, 1201, 71, 4, 6, 6, 4, 4, 4, 4, 4, 4, 6, 46, 2),
(762, 1198, 68, 10, 10, 10, 10, 10, 10, 10, 10, 10, 10, 100, 2),
(763, 1179, 68, 10, 10, 10, 10, 10, 10, 10, 10, 10, 10, 100, 2),
(764, 1219, 67, 10, 10, 10, 10, 10, 10, 10, 10, 10, 10, 100, 2),
(765, 1195, 71, 6, 6, 6, 6, 8, 6, 6, 6, 6, 6, 62, 2),
(766, 1178, 69, 10, 8, 8, 8, 10, 8, 8, 6, 8, 8, 82, 2),
(767, 1185, 68, 6, 6, 8, 8, 8, 8, 10, 8, 8, 10, 80, 2),
(768, 1181, 75, 8, 8, 8, 8, 8, 8, 6, 4, 8, 8, 74, 2),
(769, 1201, 72, 8, 8, 8, 8, 8, 8, 8, 8, 8, 8, 80, 2),
(770, 1187, 69, 8, 8, 8, 10, 10, 10, 10, 8, 10, 8, 90, 2),
(771, 1144, 73, 6, 8, 8, 8, 6, 8, 10, 6, 4, 10, 74, 1),
(772, 1206, 72, 8, 8, 8, 10, 10, 10, 10, 10, 10, 10, 94, 2),
(773, 1193, 72, 8, 8, 8, 8, 8, 6, 8, 8, 8, 8, 78, 2),
(774, 1209, 75, 10, 10, 8, 8, 10, 10, 10, 10, 4, 10, 90, 1),
(775, 1217, 74, 8, 8, 8, 8, 8, 8, 8, 8, 8, 8, 80, 2),
(776, 1204, 69, 10, 10, 10, 10, 10, 10, 10, 10, 10, 10, 100, 2),
(777, 1198, 69, 8, 8, 8, 8, 8, 8, 8, 8, 8, 8, 80, 2),
(778, 1179, 69, 8, 8, 8, 8, 8, 8, 8, 8, 8, 8, 80, 2),
(779, 1219, 68, 6, 6, 8, 6, 8, 6, 6, 6, 6, 6, 64, 2),
(780, 1165, 69, 10, 10, 10, 10, 10, 10, 10, 10, 10, 10, 100, 2),
(781, 1156, 75, 10, 10, 10, 10, 10, 10, 10, 10, 10, 10, 100, 1),
(782, 1157, 68, 10, 8, 8, 10, 8, 8, 10, 8, 10, 10, 90, 1),
(783, 1201, 73, 4, 4, 4, 4, 4, 4, 4, 4, 4, 4, 40, 2),
(784, 1144, 74, 8, 8, 8, 8, 8, 8, 8, 8, 8, 8, 80, 1),
(785, 1193, 73, 8, 8, 8, 8, 8, 8, 8, 8, 8, 8, 80, 2),
(786, 1206, 73, 10, 10, 8, 8, 10, 10, 10, 8, 10, 10, 94, 2),
(787, 1195, 72, 10, 8, 8, 8, 10, 10, 10, 8, 10, 8, 90, 2),
(788, 1187, 70, 10, 10, 10, 10, 10, 10, 10, 10, 10, 10, 100, 2),
(789, 1178, 70, 8, 6, 8, 8, 8, 6, 8, 8, 8, 8, 76, 2),
(790, 1198, 70, 6, 6, 8, 6, 8, 6, 8, 6, 8, 6, 68, 2),
(791, 1201, 74, 8, 8, 8, 8, 8, 8, 8, 8, 8, 8, 80, 2),
(792, 1165, 74, 10, 10, 10, 10, 10, 10, 10, 10, 10, 10, 100, 2),
(793, 1219, 69, 10, 10, 10, 10, 10, 10, 10, 10, 10, 10, 100, 2),
(794, 1183, 71, 8, 8, 8, 8, 8, 6, 6, 6, 6, 6, 70, 2),
(795, 1204, 70, 8, 8, 8, 6, 8, 6, 8, 6, 8, 10, 76, 2),
(796, 1156, 74, 10, 10, 10, 10, 10, 10, 10, 10, 10, 10, 100, 1),
(797, 1217, 75, 10, 10, 10, 10, 10, 10, 10, 10, 10, 8, 98, 2),
(798, 1178, 71, 8, 6, 6, 4, 6, 4, 6, 4, 6, 4, 54, 2),
(799, 1193, 74, 8, 8, 10, 10, 8, 8, 10, 8, 8, 8, 86, 2),
(800, 1206, 74, 10, 10, 10, 10, 10, 10, 10, 10, 10, 10, 100, 2),
(801, 1201, 75, 6, 6, 6, 6, 6, 6, 6, 6, 6, 6, 60, 2),
(802, 1198, 71, 4, 2, 4, 2, 4, 2, 4, 2, 4, 2, 30, 2),
(803, 1185, 69, 10, 6, 8, 8, 8, 10, 8, 8, 8, 10, 84, 2),
(804, 1179, 70, 10, 10, 8, 8, 8, 8, 8, 10, 8, 10, 88, 2),
(805, 1157, 69, 10, 8, 10, 10, 10, 10, 10, 10, 10, 10, 98, 1),
(806, 1183, 72, 8, 10, 10, 10, 10, 10, 10, 10, 10, 10, 98, 2),
(807, 1156, 73, 10, 10, 10, 10, 10, 10, 10, 10, 10, 10, 100, 1),
(808, 1195, 73, 10, 10, 10, 10, 10, 10, 10, 10, 10, 10, 100, 2),
(809, 1187, 71, 6, 6, 8, 8, 8, 6, 6, 8, 8, 6, 70, 2),
(810, 1178, 72, 6, 6, 6, 8, 6, 6, 8, 6, 6, 6, 64, 2),
(811, 1193, 75, 8, 8, 8, 6, 8, 8, 8, 8, 8, 8, 78, 2),
(812, 1204, 71, 6, 4, 6, 4, 8, 4, 4, 6, 2, 6, 50, 2),
(813, 1206, 75, 10, 10, 8, 10, 10, 10, 10, 10, 10, 8, 96, 2),
(814, 1165, 67, 10, 10, 8, 10, 10, 10, 10, 10, 10, 10, 98, 2),
(815, 1156, 72, 10, 10, 10, 10, 10, 10, 10, 10, 10, 10, 100, 1),
(816, 1179, 71, 4, 4, 4, 4, 4, 4, 4, 4, 4, 4, 40, 2),
(817, 1183, 73, 10, 10, 10, 10, 10, 10, 10, 10, 10, 10, 100, 2),
(818, 1209, 67, 10, 10, 10, 10, 10, 10, 8, 10, 10, 10, 98, 2),
(819, 1219, 70, 10, 10, 6, 8, 10, 8, 8, 8, 6, 8, 82, 2),
(820, 1178, 73, 10, 8, 6, 8, 8, 6, 10, 8, 8, 8, 80, 2),
(821, 1204, 72, 8, 10, 8, 10, 8, 10, 8, 10, 10, 10, 92, 2),
(822, 1187, 72, 10, 10, 10, 10, 10, 10, 10, 10, 10, 10, 100, 2),
(823, 1195, 74, 10, 10, 10, 10, 10, 10, 10, 10, 10, 10, 100, 2),
(824, 1183, 74, 10, 10, 10, 10, 10, 10, 10, 10, 10, 10, 100, 2),
(825, 1157, 70, 10, 10, 10, 10, 10, 10, 10, 10, 10, 10, 100, 1),
(826, 1185, 70, 10, 8, 8, 8, 10, 8, 8, 10, 8, 10, 88, 2),
(827, 1179, 72, 8, 8, 8, 8, 8, 8, 8, 8, 8, 8, 80, 2),
(828, 1209, 68, 10, 10, 8, 10, 10, 10, 10, 10, 8, 10, 96, 2),
(829, 1204, 73, 10, 8, 10, 8, 10, 8, 10, 8, 10, 8, 90, 2),
(830, 1219, 71, 2, 2, 2, 2, 2, 2, 2, 2, 2, 2, 20, 2),
(831, 1195, 75, 10, 10, 10, 10, 10, 10, 10, 10, 10, 10, 100, 2),
(832, 1178, 74, 8, 6, 10, 8, 8, 6, 8, 8, 10, 10, 82, 2),
(833, 1187, 73, 8, 8, 10, 10, 10, 10, 10, 10, 10, 10, 96, 2),
(834, 1144, 75, 8, 8, 10, 10, 10, 10, 10, 8, 8, 10, 92, 1),
(835, 1198, 72, 8, 6, 4, 8, 4, 8, 4, 8, 4, 8, 62, 2),
(836, 1209, 69, 10, 10, 8, 10, 10, 10, 8, 10, 10, 10, 96, 2),
(837, 1191, 69, 8, 8, 10, 6, 8, 8, 8, 6, 10, 10, 82, 1),
(838, 1179, 73, 8, 8, 8, 8, 8, 8, 6, 8, 8, 8, 78, 2),
(839, 1204, 74, 10, 10, 10, 10, 10, 10, 10, 10, 10, 10, 100, 2),
(840, 1163, 67, 10, 10, 10, 10, 10, 10, 10, 10, 10, 10, 100, 1),
(841, 1219, 72, 10, 10, 10, 10, 10, 10, 10, 10, 10, 10, 100, 2),
(842, 1187, 74, 10, 10, 10, 10, 10, 10, 10, 10, 10, 10, 100, 2),
(843, 1178, 75, 6, 8, 8, 6, 6, 8, 8, 6, 8, 6, 70, 2),
(844, 1179, 74, 8, 8, 8, 8, 8, 8, 8, 8, 8, 8, 80, 2),
(845, 1209, 70, 10, 10, 8, 10, 10, 10, 10, 10, 10, 10, 98, 2),
(846, 1185, 71, 6, 8, 6, 8, 6, 8, 8, 8, 8, 8, 74, 2),
(847, 1198, 73, 6, 6, 4, 6, 6, 6, 8, 6, 8, 4, 60, 2),
(848, 1157, 71, 8, 8, 8, 10, 8, 8, 10, 8, 8, 8, 84, 1),
(849, 1183, 75, 10, 10, 10, 10, 10, 10, 10, 10, 10, 10, 100, 2),
(850, 1204, 75, 10, 8, 10, 8, 10, 8, 10, 8, 10, 10, 92, 2),
(851, 1187, 75, 6, 6, 6, 6, 6, 6, 8, 8, 8, 6, 66, 2),
(852, 1165, 68, 8, 8, 6, 4, 6, 8, 8, 6, 6, 8, 68, 2),
(853, 1219, 73, 6, 8, 8, 6, 6, 6, 6, 6, 6, 6, 64, 2),
(854, 1149, 67, 10, 10, 10, 10, 6, 8, 6, 8, 6, 10, 84, 1),
(855, 1198, 74, 8, 6, 4, 2, 2, 4, 6, 8, 6, 4, 50, 2),
(856, 1179, 75, 6, 8, 6, 8, 6, 8, 6, 8, 6, 8, 70, 2),
(857, 1209, 71, 8, 10, 8, 10, 8, 10, 8, 10, 8, 10, 90, 2),
(858, 1185, 72, 10, 10, 10, 10, 10, 10, 10, 10, 10, 10, 100, 2),
(859, 1156, 67, 10, 10, 10, 10, 10, 10, 10, 10, 10, 10, 100, 2),
(860, 1163, 68, 10, 10, 10, 10, 10, 10, 10, 10, 10, 10, 100, 1),
(861, 1219, 74, 10, 10, 10, 10, 10, 10, 10, 10, 10, 10, 100, 2),
(862, 1191, 68, 8, 10, 8, 8, 8, 10, 8, 6, 6, 6, 78, 1),
(863, 1157, 72, 10, 8, 10, 10, 10, 10, 10, 10, 10, 10, 98, 1),
(864, 1156, 68, 10, 10, 10, 10, 10, 10, 10, 10, 10, 10, 100, 2),
(865, 1216, 70, 10, 10, 10, 10, 10, 10, 10, 10, 10, 10, 100, 1),
(866, 1163, 69, 10, 10, 10, 10, 10, 10, 10, 10, 10, 10, 100, 1),
(867, 1149, 68, 8, 6, 6, 8, 8, 8, 8, 8, 4, 8, 72, 1),
(868, 1198, 75, 8, 6, 4, 2, 2, 4, 6, 8, 6, 4, 50, 2),
(869, 1209, 72, 10, 10, 10, 10, 10, 10, 8, 10, 10, 10, 98, 2),
(870, 1219, 75, 6, 6, 6, 6, 6, 6, 6, 6, 6, 6, 60, 2),
(871, 1156, 69, 10, 10, 10, 10, 10, 10, 10, 10, 10, 10, 100, 2),
(872, 1185, 73, 8, 8, 8, 8, 8, 8, 8, 8, 8, 8, 80, 2),
(873, 1165, 70, 10, 10, 6, 8, 10, 8, 8, 10, 10, 8, 88, 2),
(874, 1156, 70, 10, 10, 10, 10, 10, 10, 10, 10, 10, 10, 100, 2),
(875, 1157, 73, 10, 10, 10, 10, 10, 10, 10, 10, 10, 10, 100, 1),
(876, 1163, 70, 10, 10, 10, 10, 10, 10, 10, 10, 10, 10, 100, 1);
INSERT INTO `feedbacks` (`id`, `student_id`, `sa_id`, `q1`, `q2`, `q3`, `q4`, `q5`, `q6`, `q7`, `q8`, `q9`, `q10`, `sum`, `phase`) VALUES
(877, 1216, 67, 10, 10, 10, 10, 10, 10, 10, 10, 10, 10, 100, 1),
(878, 1209, 73, 6, 8, 8, 10, 8, 8, 8, 8, 8, 8, 80, 2),
(879, 1191, 67, 10, 10, 10, 10, 10, 10, 8, 6, 8, 8, 90, 1),
(880, 1185, 74, 10, 10, 10, 10, 10, 10, 10, 10, 10, 10, 100, 2),
(881, 1156, 71, 10, 10, 10, 10, 10, 10, 10, 10, 10, 10, 100, 2),
(882, 1168, 69, 10, 10, 10, 10, 10, 10, 10, 10, 10, 10, 100, 1),
(883, 1157, 74, 10, 10, 10, 10, 10, 10, 10, 10, 10, 10, 100, 1),
(884, 1151, 67, 8, 8, 8, 10, 10, 10, 10, 10, 10, 10, 94, 1),
(885, 1149, 69, 10, 10, 10, 10, 10, 10, 10, 10, 10, 10, 100, 1),
(886, 1216, 68, 10, 10, 10, 10, 10, 10, 10, 10, 10, 10, 100, 1),
(887, 1207, 67, 6, 10, 6, 10, 6, 10, 6, 10, 6, 10, 80, 1),
(888, 1185, 75, 8, 8, 8, 8, 8, 8, 8, 8, 8, 8, 80, 2),
(889, 1157, 75, 10, 10, 10, 10, 10, 10, 10, 10, 10, 10, 100, 1),
(890, 1165, 71, 6, 4, 2, 4, 6, 4, 4, 4, 4, 4, 42, 2),
(891, 1149, 70, 8, 8, 8, 8, 8, 8, 8, 8, 8, 8, 80, 1),
(892, 1156, 72, 10, 10, 10, 10, 10, 10, 10, 10, 10, 10, 100, 2),
(893, 1209, 74, 10, 10, 8, 10, 10, 10, 10, 10, 8, 10, 96, 2),
(894, 1207, 68, 10, 8, 8, 10, 10, 8, 10, 6, 4, 4, 78, 1),
(895, 1216, 69, 10, 10, 10, 10, 10, 10, 10, 10, 10, 10, 100, 1),
(896, 1163, 71, 10, 8, 10, 10, 10, 10, 10, 10, 10, 10, 98, 1),
(897, 1165, 72, 10, 10, 10, 10, 10, 10, 10, 10, 10, 10, 100, 2),
(898, 1156, 73, 10, 10, 10, 10, 10, 10, 10, 10, 10, 10, 100, 2),
(899, 1191, 70, 6, 6, 8, 6, 4, 6, 6, 6, 6, 6, 60, 1),
(900, 1207, 69, 10, 10, 10, 10, 10, 10, 10, 10, 10, 10, 100, 1),
(901, 1186, 67, 10, 10, 10, 10, 10, 10, 10, 10, 10, 10, 100, 1),
(902, 1157, 67, 10, 10, 10, 10, 10, 10, 10, 10, 10, 10, 100, 2),
(903, 1209, 75, 10, 10, 10, 10, 10, 10, 10, 10, 6, 10, 96, 2),
(904, 1151, 68, 10, 8, 6, 8, 8, 10, 10, 10, 10, 10, 90, 1),
(905, 1216, 71, 8, 10, 8, 10, 8, 10, 8, 10, 8, 10, 90, 1),
(906, 1207, 70, 10, 10, 10, 10, 10, 10, 10, 10, 10, 10, 100, 1),
(907, 1165, 73, 6, 6, 6, 4, 4, 6, 6, 6, 6, 6, 56, 2),
(908, 1186, 68, 10, 10, 10, 10, 10, 10, 10, 10, 10, 10, 100, 1),
(909, 1168, 67, 10, 10, 10, 10, 10, 10, 10, 10, 10, 10, 100, 1),
(910, 1157, 68, 10, 8, 8, 10, 10, 10, 10, 10, 10, 10, 96, 2),
(911, 1156, 74, 10, 10, 10, 10, 10, 10, 10, 10, 10, 10, 100, 2),
(912, 1163, 72, 10, 10, 10, 10, 10, 10, 10, 10, 10, 10, 100, 1),
(913, 1151, 69, 10, 8, 8, 10, 10, 10, 10, 10, 10, 10, 96, 1),
(914, 1149, 71, 2, 4, 8, 6, 6, 6, 6, 6, 6, 4, 54, 1),
(915, 1186, 69, 10, 10, 10, 10, 10, 10, 10, 10, 10, 10, 100, 1),
(916, 1157, 70, 10, 10, 10, 10, 10, 10, 10, 10, 10, 10, 100, 2),
(917, 1207, 71, 4, 4, 8, 8, 6, 6, 8, 8, 8, 6, 66, 1),
(918, 1216, 72, 10, 10, 10, 10, 10, 10, 10, 10, 10, 10, 100, 1),
(919, 1156, 75, 10, 10, 10, 10, 10, 10, 10, 10, 10, 10, 100, 2),
(920, 1155, 67, 10, 10, 10, 8, 8, 8, 8, 8, 4, 8, 82, 1),
(921, 1191, 71, 4, 6, 4, 2, 4, 4, 4, 4, 4, 4, 40, 1),
(922, 1165, 75, 10, 8, 6, 8, 8, 6, 6, 4, 8, 8, 72, 2),
(923, 1207, 72, 8, 8, 8, 8, 4, 4, 4, 4, 4, 8, 60, 1),
(924, 1186, 70, 10, 10, 10, 10, 10, 10, 10, 10, 10, 10, 100, 1),
(925, 1163, 73, 10, 10, 10, 10, 10, 10, 10, 10, 10, 10, 100, 1),
(926, 1151, 70, 8, 8, 8, 10, 10, 10, 10, 10, 10, 10, 94, 1),
(927, 1216, 73, 10, 10, 10, 10, 10, 10, 10, 10, 10, 10, 100, 1),
(928, 1157, 69, 10, 8, 8, 10, 10, 10, 10, 10, 10, 10, 96, 2),
(929, 1207, 73, 8, 8, 8, 8, 8, 8, 8, 8, 8, 8, 80, 1),
(930, 1168, 68, 10, 10, 10, 8, 10, 10, 10, 10, 10, 10, 98, 1),
(931, 1163, 74, 10, 10, 10, 10, 10, 10, 10, 10, 10, 10, 100, 1),
(932, 1216, 74, 10, 10, 10, 10, 10, 10, 10, 10, 8, 10, 98, 1),
(933, 1186, 71, 8, 8, 8, 8, 8, 6, 4, 2, 4, 6, 62, 1),
(934, 1191, 72, 8, 10, 10, 8, 8, 10, 8, 8, 10, 8, 88, 1),
(935, 1207, 74, 6, 6, 6, 8, 8, 8, 10, 8, 8, 10, 78, 1),
(936, 1163, 75, 10, 10, 10, 10, 10, 10, 10, 10, 10, 10, 100, 1),
(937, 1149, 72, 8, 8, 8, 8, 8, 8, 8, 8, 8, 6, 78, 1),
(938, 1186, 73, 10, 10, 10, 10, 10, 10, 10, 10, 10, 10, 100, 1),
(939, 1151, 71, 6, 6, 6, 6, 6, 6, 6, 6, 6, 6, 60, 1),
(940, 1157, 71, 10, 8, 8, 10, 8, 8, 10, 10, 8, 10, 90, 2),
(941, 1216, 75, 10, 10, 10, 10, 10, 10, 10, 10, 10, 10, 100, 1),
(942, 1207, 75, 10, 10, 10, 10, 10, 10, 10, 10, 10, 10, 100, 1),
(943, 1149, 73, 8, 8, 8, 8, 8, 8, 8, 8, 8, 8, 80, 1),
(944, 1186, 72, 10, 10, 10, 10, 10, 10, 10, 10, 10, 10, 100, 1),
(945, 1151, 72, 10, 10, 10, 10, 10, 10, 10, 10, 10, 10, 100, 1),
(946, 1157, 72, 10, 8, 10, 10, 10, 10, 10, 10, 10, 10, 98, 2),
(947, 1149, 74, 10, 10, 10, 10, 10, 10, 10, 10, 10, 10, 100, 1),
(948, 1155, 68, 8, 6, 6, 8, 8, 6, 6, 8, 4, 8, 68, 1),
(949, 1191, 73, 6, 6, 8, 8, 8, 8, 6, 6, 10, 8, 74, 1),
(950, 1207, 75, 10, 10, 10, 10, 10, 10, 10, 10, 10, 10, 100, 2),
(951, 1186, 74, 10, 10, 10, 10, 10, 10, 10, 10, 10, 10, 100, 1),
(952, 1157, 73, 10, 10, 10, 10, 10, 10, 10, 10, 10, 10, 100, 2),
(953, 1207, 74, 6, 6, 8, 10, 10, 8, 6, 4, 8, 10, 76, 2),
(954, 1168, 70, 10, 10, 10, 10, 10, 10, 8, 10, 10, 10, 98, 1),
(955, 1186, 75, 10, 10, 10, 10, 10, 10, 10, 10, 8, 10, 98, 1),
(956, 1216, 67, 10, 10, 10, 10, 10, 10, 10, 10, 10, 10, 100, 2),
(957, 1151, 73, 10, 10, 10, 10, 10, 10, 10, 10, 10, 10, 100, 1),
(958, 1157, 74, 10, 10, 10, 10, 10, 10, 10, 10, 10, 10, 100, 2),
(959, 1149, 75, 8, 4, 8, 6, 8, 6, 4, 4, 6, 8, 62, 1),
(960, 1207, 73, 8, 10, 8, 10, 8, 10, 8, 10, 10, 10, 92, 2),
(961, 1157, 75, 10, 10, 10, 10, 10, 10, 10, 10, 10, 10, 100, 2),
(962, 1216, 68, 10, 10, 10, 10, 10, 10, 10, 10, 10, 10, 100, 2),
(963, 1151, 74, 10, 10, 10, 10, 10, 10, 10, 10, 10, 10, 100, 1),
(964, 1163, 67, 10, 10, 10, 10, 10, 10, 10, 10, 10, 10, 100, 2),
(965, 1186, 67, 8, 8, 10, 10, 10, 10, 10, 10, 10, 8, 94, 2),
(966, 1155, 69, 10, 10, 10, 10, 8, 8, 10, 8, 6, 10, 90, 1),
(967, 1180, 67, 10, 10, 8, 10, 10, 10, 8, 8, 8, 10, 92, 1),
(968, 1207, 72, 8, 8, 8, 8, 8, 8, 8, 8, 8, 8, 80, 2),
(969, 1216, 69, 10, 10, 10, 10, 10, 10, 10, 10, 10, 10, 100, 2),
(970, 1191, 74, 8, 8, 10, 6, 10, 10, 6, 6, 8, 6, 78, 1),
(971, 1151, 75, 10, 10, 10, 10, 10, 10, 10, 10, 10, 10, 100, 1),
(972, 1163, 68, 10, 10, 10, 10, 10, 10, 10, 10, 10, 10, 100, 2),
(973, 1168, 71, 10, 8, 8, 8, 10, 8, 10, 10, 10, 10, 92, 1),
(974, 1216, 70, 10, 10, 10, 10, 10, 10, 10, 10, 10, 10, 100, 2),
(975, 1207, 71, 4, 4, 4, 4, 6, 6, 6, 6, 6, 6, 52, 2),
(976, 1186, 68, 10, 8, 8, 10, 8, 10, 10, 8, 10, 6, 88, 2),
(977, 1197, 67, 8, 8, 8, 10, 8, 8, 10, 8, 8, 8, 84, 1),
(978, 1216, 71, 8, 8, 8, 10, 8, 8, 10, 8, 10, 10, 88, 2),
(979, 1207, 70, 10, 10, 10, 10, 10, 10, 10, 10, 10, 10, 100, 2),
(980, 1191, 75, 4, 6, 6, 8, 6, 4, 6, 6, 6, 6, 58, 1),
(981, 1163, 69, 10, 10, 10, 10, 10, 10, 10, 10, 10, 10, 100, 2),
(982, 1186, 69, 10, 10, 10, 10, 10, 10, 10, 10, 10, 10, 100, 2),
(983, 1180, 68, 10, 8, 8, 10, 8, 6, 8, 10, 6, 10, 84, 1),
(984, 1216, 72, 10, 10, 10, 10, 10, 10, 8, 4, 10, 10, 92, 2),
(985, 1163, 70, 10, 10, 10, 10, 10, 10, 10, 10, 10, 10, 100, 2),
(986, 1186, 70, 10, 10, 10, 10, 10, 10, 10, 10, 10, 10, 100, 2),
(987, 1168, 72, 10, 10, 10, 10, 10, 10, 10, 10, 10, 10, 100, 1),
(988, 1197, 68, 8, 8, 8, 8, 8, 8, 8, 8, 8, 8, 80, 1),
(989, 1207, 69, 10, 10, 10, 10, 8, 6, 6, 10, 8, 10, 88, 2),
(990, 1216, 73, 10, 10, 10, 10, 10, 10, 10, 10, 10, 10, 100, 2),
(991, 1155, 70, 10, 10, 8, 6, 8, 8, 8, 8, 4, 10, 80, 1),
(992, 1180, 69, 10, 10, 10, 10, 10, 10, 10, 10, 10, 10, 100, 1),
(993, 1163, 71, 10, 8, 10, 10, 10, 10, 10, 10, 10, 10, 98, 2),
(994, 1186, 71, 6, 6, 4, 4, 2, 2, 4, 4, 6, 6, 44, 2),
(995, 1207, 68, 10, 10, 10, 10, 10, 10, 10, 10, 10, 10, 100, 2),
(996, 1216, 74, 10, 10, 10, 10, 10, 10, 10, 10, 10, 10, 100, 2),
(997, 1197, 69, 8, 10, 8, 10, 8, 10, 8, 10, 10, 8, 90, 1),
(998, 1186, 72, 10, 10, 10, 10, 10, 10, 10, 10, 10, 10, 100, 2),
(999, 1207, 67, 8, 8, 8, 10, 10, 10, 10, 10, 6, 10, 90, 2),
(1000, 1180, 74, 10, 10, 10, 10, 10, 10, 10, 10, 10, 10, 100, 1),
(1001, 1216, 75, 10, 10, 10, 10, 10, 10, 10, 10, 10, 10, 100, 2),
(1002, 1168, 73, 10, 10, 10, 10, 10, 10, 10, 8, 10, 10, 98, 1),
(1003, 1186, 73, 10, 10, 10, 10, 10, 10, 10, 10, 10, 10, 100, 2),
(1004, 1163, 72, 10, 10, 10, 10, 10, 10, 10, 10, 10, 10, 100, 2),
(1005, 1197, 70, 8, 8, 8, 8, 8, 8, 8, 8, 8, 8, 80, 1),
(1006, 1180, 70, 8, 10, 8, 8, 10, 8, 8, 10, 10, 10, 90, 1),
(1007, 1163, 73, 10, 10, 10, 10, 10, 10, 10, 10, 10, 10, 100, 2),
(1008, 1155, 71, 8, 8, 8, 10, 8, 6, 8, 8, 4, 10, 78, 1),
(1009, 1168, 74, 10, 10, 10, 10, 10, 10, 10, 10, 10, 10, 100, 1),
(1010, 1163, 74, 10, 10, 10, 10, 10, 10, 10, 10, 10, 10, 100, 2),
(1011, 1186, 74, 10, 10, 10, 10, 10, 10, 10, 10, 10, 8, 98, 2),
(1012, 1168, 75, 10, 10, 10, 10, 10, 10, 10, 10, 10, 10, 100, 1),
(1013, 1186, 75, 10, 10, 8, 8, 10, 10, 8, 8, 8, 8, 88, 2),
(1014, 1163, 75, 10, 10, 10, 10, 10, 10, 10, 10, 10, 10, 100, 2),
(1015, 1180, 71, 6, 4, 2, 4, 6, 2, 6, 8, 4, 2, 44, 1),
(1016, 1174, 67, 10, 10, 8, 6, 8, 10, 10, 8, 6, 10, 86, 1),
(1017, 1180, 72, 10, 10, 10, 10, 10, 10, 10, 10, 10, 10, 100, 1),
(1018, 1174, 68, 10, 8, 10, 8, 10, 6, 10, 8, 10, 6, 86, 1),
(1019, 1155, 72, 10, 8, 8, 8, 10, 10, 8, 8, 4, 10, 84, 1),
(1020, 1180, 73, 6, 4, 6, 6, 6, 6, 6, 6, 6, 6, 58, 1),
(1021, 1197, 71, 6, 6, 6, 6, 6, 6, 10, 6, 6, 6, 64, 1),
(1022, 1174, 69, 10, 8, 8, 6, 4, 10, 10, 10, 10, 10, 86, 1),
(1023, 1180, 75, 6, 6, 6, 6, 6, 6, 6, 8, 6, 6, 62, 1),
(1024, 1197, 72, 8, 8, 8, 8, 8, 8, 8, 8, 8, 8, 80, 1),
(1025, 1144, 71, 2, 2, 2, 2, 8, 2, 10, 2, 2, 2, 34, 2),
(1026, 1155, 73, 8, 8, 8, 8, 8, 8, 8, 8, 4, 10, 78, 1),
(1027, 1174, 70, 6, 8, 10, 8, 8, 8, 6, 6, 6, 6, 72, 1),
(1028, 1180, 67, 8, 8, 10, 10, 10, 10, 10, 10, 10, 10, 96, 2),
(1029, 1197, 73, 8, 8, 8, 8, 8, 8, 8, 8, 8, 8, 80, 1),
(1030, 1174, 71, 4, 6, 8, 10, 8, 6, 8, 10, 8, 6, 74, 1),
(1031, 1197, 74, 8, 8, 8, 8, 8, 8, 8, 8, 8, 8, 80, 1),
(1032, 1180, 68, 8, 6, 8, 6, 8, 6, 6, 8, 6, 8, 70, 2),
(1033, 1174, 72, 8, 6, 8, 10, 8, 8, 6, 10, 8, 8, 80, 1),
(1034, 1155, 74, 10, 10, 8, 6, 6, 4, 4, 4, 8, 8, 68, 1),
(1035, 1197, 75, 8, 8, 8, 8, 8, 8, 8, 8, 8, 8, 80, 1),
(1036, 1144, 67, 8, 8, 8, 8, 8, 8, 10, 8, 6, 10, 82, 2),
(1037, 1174, 73, 8, 8, 10, 10, 10, 10, 8, 8, 10, 10, 92, 1),
(1038, 1218, 67, 10, 10, 10, 10, 10, 10, 10, 10, 10, 10, 100, 1),
(1039, 1189, 71, 8, 8, 6, 6, 4, 4, 6, 6, 4, 4, 56, 1),
(1040, 1180, 69, 10, 10, 10, 10, 10, 10, 10, 10, 10, 10, 100, 2),
(1041, 1174, 74, 10, 10, 8, 8, 8, 10, 8, 8, 8, 10, 88, 1),
(1042, 1218, 68, 10, 10, 10, 10, 10, 10, 10, 10, 10, 10, 100, 1),
(1043, 1174, 75, 10, 8, 8, 8, 10, 10, 8, 8, 8, 10, 88, 1),
(1044, 1218, 69, 10, 10, 10, 10, 10, 10, 10, 10, 10, 10, 100, 1),
(1045, 1155, 75, 8, 8, 8, 10, 8, 8, 8, 8, 6, 10, 82, 1),
(1046, 1180, 71, 4, 2, 4, 4, 2, 2, 4, 6, 2, 2, 32, 2),
(1047, 1218, 70, 10, 10, 10, 10, 10, 10, 10, 10, 10, 10, 100, 1),
(1048, 1180, 70, 8, 8, 10, 10, 10, 10, 10, 10, 10, 10, 96, 2),
(1049, 1218, 71, 8, 10, 8, 10, 8, 10, 8, 10, 8, 10, 90, 1),
(1050, 1153, 67, 10, 10, 10, 10, 10, 8, 10, 10, 10, 10, 98, 1),
(1051, 1180, 72, 10, 10, 10, 10, 10, 10, 10, 10, 10, 10, 100, 2),
(1052, 1189, 67, 10, 10, 10, 10, 10, 10, 10, 10, 8, 10, 98, 1),
(1053, 1218, 72, 10, 10, 10, 10, 10, 10, 10, 10, 10, 10, 100, 1),
(1054, 1153, 68, 10, 10, 10, 10, 10, 10, 10, 10, 10, 10, 100, 1),
(1055, 1180, 73, 6, 4, 6, 4, 6, 6, 6, 6, 6, 6, 56, 2),
(1056, 1218, 73, 10, 10, 10, 10, 10, 10, 10, 10, 10, 10, 100, 1),
(1057, 1180, 74, 10, 10, 10, 10, 10, 10, 10, 10, 10, 10, 100, 2),
(1058, 1218, 74, 10, 10, 10, 10, 10, 10, 10, 10, 10, 10, 100, 1),
(1059, 1184, 67, 10, 10, 10, 10, 10, 8, 10, 10, 10, 10, 98, 1),
(1060, 1153, 69, 10, 10, 10, 10, 10, 10, 10, 10, 10, 10, 100, 1),
(1061, 1218, 75, 10, 10, 10, 10, 10, 10, 10, 10, 10, 10, 100, 1),
(1062, 1180, 75, 6, 6, 8, 8, 8, 8, 8, 8, 8, 8, 76, 2),
(1063, 1153, 70, 10, 10, 10, 10, 10, 10, 10, 10, 10, 10, 100, 1),
(1064, 1184, 68, 10, 10, 10, 10, 10, 10, 10, 10, 10, 10, 100, 1),
(1065, 1173, 68, 10, 10, 10, 10, 10, 10, 10, 10, 10, 10, 100, 1),
(1066, 1189, 68, 8, 8, 8, 10, 8, 8, 8, 8, 8, 8, 82, 1),
(1067, 1184, 69, 10, 10, 10, 10, 10, 10, 10, 10, 10, 10, 100, 1),
(1068, 1173, 67, 10, 10, 10, 10, 10, 10, 10, 10, 10, 10, 100, 1),
(1069, 1153, 71, 8, 8, 8, 8, 8, 8, 8, 8, 8, 8, 80, 1),
(1070, 1218, 67, 10, 10, 10, 10, 10, 10, 10, 10, 10, 10, 100, 2),
(1071, 1153, 72, 10, 10, 10, 10, 10, 10, 10, 10, 10, 10, 100, 1),
(1072, 1184, 70, 10, 10, 10, 10, 10, 10, 10, 10, 10, 10, 100, 1),
(1073, 1218, 68, 10, 10, 10, 10, 10, 10, 10, 10, 10, 10, 100, 2),
(1074, 1153, 73, 10, 10, 10, 10, 10, 10, 10, 10, 10, 10, 100, 1),
(1075, 1170, 68, 10, 10, 10, 10, 10, 10, 6, 8, 10, 10, 94, 1),
(1076, 1153, 74, 10, 10, 10, 10, 10, 10, 10, 10, 10, 10, 100, 1),
(1077, 1158, 67, 10, 10, 10, 10, 10, 10, 10, 10, 10, 10, 100, 1),
(1078, 1218, 69, 10, 10, 10, 10, 10, 10, 10, 10, 10, 10, 100, 2),
(1079, 1184, 71, 10, 10, 10, 10, 10, 10, 10, 10, 10, 10, 100, 1),
(1080, 1196, 67, 10, 10, 10, 10, 10, 10, 10, 10, 10, 10, 100, 1),
(1081, 1173, 69, 10, 10, 10, 10, 10, 10, 10, 10, 10, 10, 100, 1),
(1082, 1170, 67, 10, 10, 10, 10, 10, 10, 10, 10, 8, 10, 98, 1),
(1083, 1153, 75, 10, 10, 10, 10, 10, 10, 10, 10, 10, 10, 100, 1),
(1084, 1197, 67, 10, 10, 10, 10, 10, 10, 10, 10, 10, 10, 100, 2),
(1085, 1170, 70, 8, 8, 10, 8, 8, 8, 10, 8, 10, 10, 88, 1),
(1086, 1218, 70, 10, 10, 10, 10, 10, 10, 10, 10, 10, 10, 100, 2),
(1087, 1173, 70, 8, 8, 8, 6, 8, 6, 8, 8, 10, 6, 76, 1),
(1088, 1196, 69, 10, 10, 10, 10, 10, 10, 10, 10, 10, 10, 100, 1),
(1089, 1184, 72, 10, 10, 10, 10, 10, 10, 10, 10, 10, 10, 100, 1),
(1090, 1170, 69, 10, 10, 10, 10, 10, 10, 10, 10, 10, 10, 100, 1),
(1091, 1196, 68, 10, 10, 10, 10, 10, 10, 10, 10, 10, 10, 100, 1),
(1092, 1184, 73, 10, 10, 10, 10, 10, 10, 10, 10, 10, 10, 100, 1),
(1093, 1158, 68, 10, 10, 10, 10, 8, 10, 10, 8, 8, 10, 94, 1),
(1094, 1197, 68, 8, 8, 8, 8, 8, 8, 8, 8, 8, 8, 80, 2),
(1095, 1170, 71, 2, 4, 2, 2, 2, 2, 2, 2, 2, 2, 22, 1),
(1096, 1173, 71, 4, 2, 2, 2, 2, 2, 2, 2, 2, 2, 22, 1),
(1097, 1218, 71, 6, 8, 6, 8, 6, 8, 10, 6, 8, 10, 76, 2),
(1098, 1196, 70, 10, 10, 10, 10, 10, 10, 10, 10, 10, 10, 100, 1),
(1099, 1158, 69, 10, 10, 10, 10, 10, 10, 10, 10, 10, 10, 100, 1),
(1100, 1203, 67, 10, 10, 10, 10, 10, 10, 10, 10, 10, 10, 100, 1),
(1101, 1170, 72, 4, 6, 6, 6, 8, 8, 8, 8, 8, 8, 70, 1),
(1102, 1197, 69, 10, 8, 10, 8, 10, 8, 10, 10, 8, 10, 92, 2),
(1103, 1184, 74, 10, 10, 10, 10, 10, 10, 10, 10, 10, 10, 100, 1),
(1104, 1173, 72, 6, 6, 6, 6, 6, 6, 6, 6, 6, 6, 60, 1),
(1105, 1218, 72, 10, 10, 10, 10, 10, 10, 10, 10, 10, 10, 100, 2),
(1106, 1153, 67, 10, 10, 10, 10, 10, 10, 10, 10, 10, 10, 100, 2),
(1107, 1170, 73, 6, 4, 6, 6, 6, 6, 6, 6, 6, 6, 58, 1),
(1108, 1158, 70, 10, 10, 10, 10, 10, 10, 10, 10, 10, 10, 100, 1),
(1109, 1218, 73, 10, 10, 10, 10, 10, 10, 10, 10, 10, 10, 100, 2),
(1110, 1203, 68, 8, 10, 8, 10, 10, 10, 10, 10, 10, 10, 96, 1),
(1111, 1173, 74, 8, 8, 6, 10, 10, 10, 10, 10, 10, 10, 92, 1),
(1112, 1184, 75, 10, 10, 10, 10, 10, 10, 10, 10, 10, 10, 100, 1),
(1113, 1158, 72, 10, 10, 10, 10, 10, 10, 10, 10, 10, 10, 100, 1),
(1114, 1197, 70, 8, 8, 8, 8, 8, 8, 10, 8, 8, 8, 82, 2),
(1115, 1196, 71, 8, 8, 8, 8, 8, 8, 8, 8, 8, 8, 80, 1),
(1116, 1218, 74, 10, 10, 10, 10, 10, 10, 10, 10, 10, 10, 100, 2),
(1117, 1173, 73, 10, 10, 10, 10, 10, 10, 10, 10, 10, 10, 100, 1),
(1118, 1203, 69, 10, 10, 10, 10, 10, 10, 10, 10, 10, 10, 100, 1),
(1119, 1153, 69, 10, 10, 10, 10, 10, 10, 10, 10, 10, 10, 100, 2),
(1120, 1170, 74, 6, 8, 6, 8, 8, 8, 8, 8, 8, 8, 76, 1),
(1121, 1158, 73, 10, 10, 10, 10, 10, 10, 10, 10, 10, 10, 100, 1),
(1122, 1197, 71, 6, 6, 6, 6, 6, 6, 8, 6, 6, 6, 62, 2),
(1123, 1153, 68, 10, 10, 10, 10, 10, 10, 10, 10, 10, 10, 100, 2),
(1124, 1218, 75, 10, 10, 10, 10, 10, 10, 10, 10, 10, 10, 100, 2),
(1125, 1196, 72, 10, 10, 10, 10, 10, 10, 10, 10, 10, 10, 100, 1),
(1126, 1173, 75, 10, 10, 10, 10, 10, 10, 10, 10, 10, 10, 100, 1),
(1127, 1170, 75, 6, 6, 6, 4, 8, 8, 8, 8, 6, 8, 68, 1),
(1128, 1158, 75, 10, 10, 10, 10, 10, 10, 10, 10, 10, 10, 100, 1),
(1129, 1153, 70, 10, 10, 10, 10, 10, 10, 10, 10, 10, 10, 100, 2),
(1130, 1197, 72, 8, 8, 8, 8, 8, 8, 8, 8, 8, 8, 80, 2),
(1131, 1158, 74, 10, 10, 10, 10, 10, 10, 10, 10, 10, 10, 100, 1),
(1132, 1208, 67, 10, 10, 10, 10, 10, 10, 10, 10, 10, 10, 100, 1),
(1133, 1153, 71, 6, 6, 6, 6, 2, 2, 2, 2, 2, 2, 36, 2),
(1134, 1196, 73, 10, 10, 10, 10, 10, 10, 10, 10, 10, 10, 100, 1),
(1135, 1174, 67, 10, 8, 10, 10, 10, 8, 10, 10, 8, 10, 94, 2),
(1136, 1144, 68, 8, 8, 10, 10, 8, 8, 8, 8, 8, 8, 84, 2),
(1137, 1153, 72, 10, 10, 10, 8, 10, 10, 8, 10, 10, 10, 96, 2),
(1138, 1197, 73, 10, 10, 10, 10, 10, 10, 10, 10, 10, 10, 100, 2),
(1139, 1203, 70, 10, 8, 8, 8, 8, 8, 8, 8, 8, 8, 82, 1),
(1140, 1196, 74, 10, 10, 10, 10, 10, 10, 10, 10, 10, 10, 100, 1),
(1141, 1174, 68, 8, 10, 10, 10, 8, 8, 10, 10, 10, 8, 92, 2),
(1142, 1158, 71, 8, 6, 10, 8, 6, 8, 8, 6, 6, 4, 70, 1),
(1143, 1153, 73, 10, 10, 10, 10, 10, 10, 10, 10, 10, 10, 100, 2),
(1144, 1197, 74, 10, 10, 10, 10, 10, 10, 10, 10, 10, 10, 100, 2),
(1145, 1196, 75, 10, 10, 10, 10, 10, 10, 10, 10, 10, 10, 100, 1),
(1146, 1203, 71, 8, 8, 8, 8, 8, 8, 8, 8, 8, 8, 80, 1),
(1147, 1144, 69, 8, 8, 6, 8, 8, 8, 10, 8, 8, 8, 80, 2),
(1148, 1153, 74, 10, 10, 10, 10, 10, 10, 10, 10, 10, 10, 100, 2),
(1149, 1174, 69, 8, 10, 8, 10, 10, 8, 8, 10, 8, 10, 90, 2),
(1150, 1208, 68, 10, 8, 10, 8, 8, 8, 8, 10, 10, 10, 90, 1),
(1151, 1144, 70, 8, 8, 10, 10, 10, 10, 10, 10, 10, 10, 96, 2),
(1152, 1153, 75, 10, 10, 10, 10, 10, 10, 10, 10, 10, 10, 100, 2),
(1153, 1197, 75, 10, 10, 10, 10, 10, 10, 10, 10, 10, 10, 100, 2),
(1154, 1203, 72, 10, 8, 10, 10, 10, 10, 10, 10, 10, 10, 98, 1),
(1155, 1174, 70, 8, 10, 10, 8, 10, 8, 10, 8, 10, 8, 90, 2),
(1156, 1208, 69, 10, 10, 10, 10, 10, 10, 10, 10, 10, 10, 100, 1),
(1157, 1174, 71, 8, 10, 8, 10, 10, 10, 10, 8, 10, 10, 94, 2),
(1158, 1144, 72, 8, 8, 6, 8, 8, 6, 10, 8, 8, 8, 78, 2),
(1159, 1203, 73, 8, 8, 8, 8, 8, 8, 10, 8, 8, 8, 82, 1),
(1160, 1174, 72, 10, 10, 10, 8, 8, 8, 8, 10, 6, 10, 88, 2),
(1161, 1158, 67, 10, 10, 10, 10, 10, 10, 10, 10, 10, 10, 100, 2),
(1162, 1174, 73, 8, 6, 8, 10, 8, 8, 10, 8, 10, 10, 86, 2),
(1163, 1208, 70, 8, 8, 8, 10, 8, 8, 8, 8, 8, 8, 82, 1),
(1164, 1203, 74, 10, 10, 10, 10, 10, 10, 10, 10, 10, 10, 100, 1),
(1165, 1144, 73, 6, 8, 8, 8, 8, 8, 10, 8, 8, 8, 80, 2),
(1166, 1174, 74, 8, 8, 10, 10, 10, 10, 10, 10, 10, 10, 96, 2),
(1167, 1158, 68, 10, 10, 10, 10, 10, 10, 10, 10, 10, 10, 100, 2),
(1168, 1173, 67, 10, 10, 10, 10, 10, 10, 10, 10, 10, 10, 100, 2),
(1169, 1203, 75, 10, 10, 10, 8, 8, 8, 8, 8, 8, 8, 86, 1),
(1170, 1144, 74, 8, 8, 6, 8, 10, 8, 8, 8, 8, 8, 80, 2),
(1171, 1158, 69, 10, 10, 10, 10, 10, 10, 10, 10, 10, 10, 100, 2),
(1172, 1208, 71, 8, 8, 8, 8, 8, 8, 8, 8, 8, 8, 80, 1),
(1173, 1174, 75, 10, 8, 6, 4, 2, 4, 6, 8, 10, 8, 66, 2),
(1174, 1158, 70, 10, 10, 10, 10, 10, 10, 10, 10, 10, 10, 100, 2),
(1175, 1208, 72, 10, 10, 10, 10, 10, 10, 10, 10, 10, 10, 100, 1),
(1176, 1173, 68, 10, 10, 10, 10, 10, 10, 10, 10, 10, 10, 100, 2),
(1177, 1208, 73, 8, 8, 8, 8, 8, 8, 8, 8, 8, 8, 80, 1),
(1178, 1173, 69, 10, 10, 10, 10, 10, 10, 10, 10, 10, 10, 100, 2),
(1179, 1144, 75, 10, 10, 10, 10, 10, 10, 10, 10, 10, 10, 100, 2),
(1180, 1203, 67, 10, 10, 10, 10, 10, 10, 10, 10, 10, 10, 100, 2),
(1181, 1158, 71, 8, 8, 10, 8, 6, 8, 8, 6, 6, 4, 72, 2),
(1182, 1208, 74, 8, 10, 8, 10, 8, 10, 8, 10, 8, 10, 90, 1),
(1183, 1203, 68, 8, 10, 8, 10, 10, 8, 10, 10, 8, 10, 92, 2),
(1184, 1158, 73, 10, 10, 10, 10, 10, 10, 10, 10, 10, 10, 100, 2),
(1185, 1208, 75, 8, 10, 10, 8, 10, 8, 10, 8, 8, 10, 90, 1),
(1186, 1203, 69, 8, 10, 10, 10, 10, 8, 10, 10, 8, 10, 94, 2),
(1187, 1158, 72, 10, 10, 10, 10, 10, 10, 10, 10, 10, 10, 100, 2),
(1188, 1158, 75, 10, 10, 10, 10, 10, 10, 10, 10, 10, 10, 100, 2),
(1189, 1203, 70, 8, 8, 10, 10, 10, 10, 10, 10, 10, 8, 94, 2),
(1190, 1203, 71, 8, 10, 10, 10, 10, 10, 10, 8, 10, 10, 96, 2),
(1191, 1158, 74, 10, 10, 10, 10, 10, 10, 10, 10, 10, 10, 100, 2),
(1192, 1203, 72, 10, 10, 10, 10, 8, 10, 10, 10, 10, 10, 98, 2),
(1193, 1203, 74, 10, 10, 10, 10, 10, 10, 10, 10, 10, 10, 100, 2),
(1194, 1203, 73, 8, 10, 8, 10, 10, 10, 10, 8, 10, 10, 94, 2),
(1195, 1203, 75, 8, 10, 10, 10, 10, 10, 10, 10, 10, 10, 98, 2),
(1196, 1151, 67, 10, 10, 10, 10, 10, 10, 10, 10, 10, 10, 100, 2),
(1197, 1155, 67, 10, 8, 8, 8, 10, 8, 8, 10, 4, 8, 82, 2),
(1198, 1151, 68, 10, 10, 10, 10, 10, 10, 10, 10, 10, 10, 100, 2),
(1199, 1168, 67, 10, 10, 10, 10, 10, 10, 10, 10, 10, 10, 100, 2),
(1200, 1151, 69, 10, 10, 10, 10, 10, 10, 10, 10, 10, 10, 100, 2),
(1201, 1155, 69, 10, 10, 10, 10, 8, 8, 8, 8, 4, 10, 86, 2),
(1202, 1168, 68, 10, 8, 8, 10, 10, 8, 10, 10, 10, 10, 94, 2),
(1203, 1151, 70, 10, 10, 10, 10, 10, 10, 10, 10, 10, 10, 100, 2),
(1204, 1151, 71, 10, 10, 10, 10, 10, 10, 10, 10, 10, 10, 100, 2),
(1205, 1168, 69, 10, 10, 10, 10, 10, 10, 10, 10, 10, 10, 100, 2),
(1206, 1155, 68, 8, 8, 8, 8, 8, 8, 6, 10, 2, 10, 76, 2),
(1207, 1151, 72, 10, 10, 10, 10, 10, 10, 10, 10, 10, 10, 100, 2),
(1208, 1151, 73, 10, 10, 10, 10, 10, 10, 10, 10, 10, 10, 100, 2),
(1209, 1168, 70, 10, 8, 10, 10, 8, 10, 10, 10, 10, 10, 96, 2),
(1210, 1151, 74, 10, 10, 10, 10, 10, 10, 10, 10, 10, 10, 100, 2),
(1211, 1155, 70, 10, 10, 10, 10, 8, 8, 10, 8, 2, 10, 86, 2),
(1212, 1151, 75, 10, 10, 10, 10, 10, 10, 10, 10, 10, 10, 100, 2),
(1213, 1168, 71, 10, 8, 8, 8, 8, 8, 8, 10, 10, 10, 88, 2),
(1214, 1168, 72, 10, 10, 10, 10, 10, 10, 10, 10, 10, 10, 100, 2),
(1215, 1155, 71, 10, 10, 10, 10, 10, 10, 10, 10, 2, 10, 92, 2),
(1216, 1168, 73, 10, 10, 10, 10, 10, 10, 10, 10, 10, 10, 100, 2),
(1217, 1168, 74, 10, 10, 10, 10, 10, 10, 10, 10, 10, 10, 100, 2),
(1218, 1184, 67, 10, 10, 10, 10, 10, 10, 10, 10, 10, 10, 100, 2),
(1219, 1155, 72, 10, 10, 10, 10, 10, 8, 8, 8, 4, 10, 88, 2),
(1220, 1168, 75, 10, 10, 10, 10, 10, 10, 10, 10, 10, 10, 100, 2),
(1221, 1184, 68, 10, 10, 10, 10, 10, 10, 10, 10, 10, 10, 100, 2),
(1222, 1155, 73, 10, 8, 8, 8, 8, 8, 8, 8, 4, 8, 78, 2),
(1223, 1184, 69, 10, 10, 10, 10, 10, 10, 10, 10, 10, 10, 100, 2),
(1224, 1155, 74, 10, 10, 10, 10, 10, 10, 10, 10, 10, 10, 100, 2),
(1225, 1184, 70, 10, 10, 10, 10, 10, 10, 10, 10, 10, 10, 100, 2),
(1226, 1184, 71, 10, 10, 10, 10, 10, 10, 10, 10, 10, 10, 100, 2),
(1227, 1155, 75, 10, 10, 10, 10, 10, 10, 8, 8, 8, 10, 94, 2),
(1228, 1184, 72, 10, 10, 10, 10, 10, 10, 10, 10, 10, 10, 100, 2),
(1229, 1184, 73, 10, 10, 10, 10, 10, 10, 10, 10, 10, 10, 100, 2),
(1230, 1184, 74, 10, 10, 10, 10, 10, 10, 10, 10, 10, 10, 100, 2),
(1231, 1184, 75, 10, 10, 10, 10, 10, 10, 10, 10, 10, 10, 100, 2),
(1232, 1210, 67, 8, 8, 8, 8, 8, 8, 8, 8, 8, 10, 82, 1),
(1233, 1210, 68, 10, 10, 8, 10, 10, 10, 8, 8, 6, 10, 90, 1),
(1234, 1210, 69, 10, 10, 10, 10, 10, 10, 10, 10, 10, 10, 100, 1),
(1235, 1210, 70, 8, 10, 10, 10, 10, 10, 8, 8, 10, 10, 94, 1),
(1236, 1190, 67, 10, 10, 8, 10, 10, 10, 10, 8, 10, 8, 94, 1),
(1237, 1190, 68, 8, 8, 10, 8, 10, 10, 8, 10, 8, 10, 90, 1),
(1238, 1210, 71, 8, 8, 6, 8, 6, 8, 8, 8, 8, 10, 78, 1),
(1239, 1210, 72, 10, 10, 10, 10, 10, 10, 10, 10, 10, 10, 100, 1),
(1240, 1190, 69, 10, 10, 10, 10, 10, 10, 10, 10, 10, 10, 100, 1),
(1241, 1210, 74, 10, 10, 10, 10, 10, 10, 10, 10, 10, 10, 100, 1),
(1242, 1210, 73, 10, 10, 10, 10, 10, 10, 10, 10, 10, 10, 100, 1),
(1243, 1190, 70, 10, 10, 10, 10, 10, 10, 10, 10, 10, 8, 98, 1),
(1244, 1210, 75, 10, 8, 10, 10, 10, 10, 10, 10, 10, 10, 98, 1),
(1245, 1190, 71, 8, 6, 8, 8, 8, 8, 10, 8, 8, 8, 80, 1),
(1246, 1190, 72, 10, 10, 10, 10, 10, 10, 10, 10, 10, 10, 100, 1),
(1247, 1190, 73, 10, 10, 10, 10, 10, 10, 10, 10, 10, 10, 100, 1),
(1248, 1190, 74, 10, 10, 10, 10, 10, 10, 10, 10, 10, 8, 98, 1),
(1249, 1190, 75, 8, 10, 8, 8, 8, 10, 8, 8, 8, 8, 84, 1),
(1250, 1189, 69, 10, 10, 10, 8, 10, 10, 10, 10, 10, 10, 98, 1),
(1251, 1190, 67, 10, 10, 10, 10, 10, 10, 10, 10, 10, 10, 100, 2),
(1252, 1189, 70, 8, 8, 8, 8, 8, 8, 8, 8, 8, 8, 80, 1),
(1253, 1190, 68, 8, 10, 10, 8, 8, 10, 10, 8, 8, 10, 90, 2),
(1254, 1190, 69, 10, 10, 10, 10, 10, 10, 10, 10, 10, 8, 98, 2),
(1255, 1189, 72, 10, 10, 10, 10, 10, 10, 8, 8, 8, 8, 92, 1),
(1256, 1190, 70, 8, 10, 10, 10, 10, 8, 10, 10, 10, 10, 96, 2),
(1257, 1189, 73, 8, 8, 8, 8, 8, 8, 8, 8, 8, 8, 80, 1),
(1258, 1189, 74, 8, 8, 8, 8, 8, 8, 8, 8, 8, 8, 80, 1),
(1259, 1190, 71, 10, 8, 8, 10, 10, 10, 8, 8, 8, 10, 90, 2),
(1260, 1190, 72, 10, 10, 8, 10, 10, 10, 8, 10, 8, 8, 92, 2),
(1261, 1189, 75, 8, 8, 8, 8, 8, 8, 8, 8, 8, 8, 80, 1),
(1262, 1190, 73, 10, 10, 8, 8, 8, 8, 10, 10, 8, 8, 88, 2),
(1263, 1190, 75, 10, 10, 8, 6, 6, 8, 8, 8, 10, 10, 84, 2),
(1264, 1190, 74, 10, 10, 10, 10, 10, 10, 10, 10, 10, 10, 100, 2),
(1265, 1189, 67, 10, 10, 10, 10, 10, 10, 10, 10, 10, 10, 100, 2),
(1266, 1188, 67, 8, 8, 8, 6, 8, 8, 6, 6, 8, 6, 72, 1),
(1267, 1189, 68, 10, 10, 10, 10, 10, 10, 10, 10, 10, 10, 100, 2),
(1268, 1188, 68, 6, 8, 8, 8, 6, 6, 8, 8, 8, 8, 74, 1),
(1269, 1189, 69, 10, 10, 10, 10, 10, 10, 10, 10, 10, 10, 100, 2),
(1270, 1188, 69, 8, 8, 8, 8, 8, 8, 8, 8, 8, 8, 80, 1),
(1271, 1532, 58, 6, 6, 8, 8, 8, 8, 8, 6, 8, 6, 72, 1),
(1272, 1188, 70, 8, 8, 8, 8, 8, 8, 8, 8, 8, 8, 80, 1),
(1273, 1188, 71, 8, 8, 8, 8, 8, 8, 8, 8, 8, 8, 80, 1),
(1274, 1188, 72, 8, 8, 8, 8, 8, 8, 8, 8, 8, 8, 80, 1),
(1275, 1189, 70, 10, 8, 8, 8, 8, 8, 8, 8, 8, 8, 82, 2),
(1276, 1188, 73, 8, 8, 8, 8, 8, 8, 8, 8, 8, 8, 80, 1),
(1277, 1188, 74, 6, 8, 6, 6, 6, 8, 8, 8, 8, 6, 70, 1),
(1278, 1188, 75, 6, 6, 6, 6, 6, 6, 10, 10, 10, 6, 72, 1),
(1279, 1189, 71, 8, 8, 8, 6, 6, 8, 8, 6, 4, 6, 68, 2),
(1280, 1188, 67, 6, 8, 8, 8, 8, 8, 8, 8, 8, 8, 78, 2),
(1281, 1189, 72, 10, 10, 8, 8, 8, 8, 8, 8, 8, 8, 84, 2),
(1282, 1188, 68, 8, 8, 8, 8, 8, 8, 8, 8, 8, 8, 80, 2),
(1283, 1188, 69, 8, 6, 6, 8, 8, 8, 10, 8, 10, 8, 80, 2),
(1284, 1189, 73, 8, 8, 8, 8, 8, 8, 8, 8, 8, 8, 80, 2),
(1285, 1188, 70, 8, 8, 8, 8, 8, 8, 8, 8, 6, 8, 78, 2),
(1286, 1189, 74, 8, 8, 8, 8, 8, 8, 8, 8, 8, 8, 80, 2),
(1287, 1188, 71, 8, 8, 8, 8, 10, 8, 8, 8, 8, 8, 82, 2),
(1288, 1544, 58, 6, 6, 6, 6, 6, 6, 6, 6, 6, 6, 60, 1),
(1289, 1208, 67, 8, 10, 10, 8, 6, 8, 8, 10, 10, 8, 86, 2),
(1290, 1188, 72, 8, 8, 8, 8, 8, 10, 8, 6, 6, 6, 76, 2),
(1291, 1189, 75, 8, 8, 8, 8, 8, 8, 8, 8, 8, 8, 80, 2),
(1292, 1544, 59, 8, 8, 8, 8, 8, 8, 8, 8, 8, 8, 80, 1),
(1293, 1188, 73, 8, 8, 8, 8, 8, 8, 8, 8, 8, 8, 80, 2),
(1294, 1544, 60, 10, 8, 8, 10, 8, 8, 8, 10, 8, 8, 86, 1),
(1295, 1208, 68, 10, 8, 8, 10, 10, 10, 10, 8, 8, 8, 90, 2),
(1296, 1188, 74, 8, 8, 8, 8, 8, 8, 8, 8, 8, 8, 80, 2),
(1297, 1544, 61, 8, 8, 8, 8, 8, 8, 8, 8, 8, 8, 80, 1),
(1298, 1188, 75, 8, 8, 8, 8, 8, 8, 8, 8, 8, 8, 80, 2),
(1299, 1544, 62, 8, 10, 8, 8, 6, 8, 10, 8, 8, 8, 82, 1),
(1300, 1534, 58, 6, 2, 2, 4, 2, 4, 2, 2, 2, 2, 28, 1),
(1301, 1544, 63, 8, 8, 10, 10, 8, 8, 8, 8, 10, 8, 86, 1),
(1302, 1544, 64, 8, 8, 8, 8, 8, 8, 8, 8, 8, 8, 80, 1),
(1303, 1208, 69, 10, 10, 10, 8, 8, 10, 10, 10, 8, 6, 90, 2),
(1304, 1210, 67, 10, 10, 6, 8, 8, 8, 10, 6, 8, 10, 84, 2),
(1305, 1544, 65, 10, 8, 8, 10, 8, 8, 10, 8, 8, 8, 86, 1),
(1306, 1210, 68, 10, 10, 10, 10, 10, 10, 10, 6, 10, 10, 96, 2),
(1307, 1208, 70, 10, 10, 8, 10, 10, 10, 10, 10, 10, 8, 96, 2),
(1308, 1534, 60, 8, 8, 8, 10, 8, 8, 8, 10, 10, 10, 88, 1),
(1309, 1544, 66, 8, 8, 8, 10, 8, 8, 8, 8, 10, 8, 84, 1),
(1310, 1210, 69, 8, 10, 10, 10, 10, 10, 10, 10, 8, 10, 96, 2),
(1311, 1191, 67, 8, 10, 10, 10, 10, 10, 8, 8, 10, 8, 92, 2),
(1312, 1534, 59, 8, 8, 8, 8, 8, 10, 6, 8, 10, 10, 84, 1),
(1313, 1210, 71, 10, 10, 10, 10, 10, 8, 8, 10, 10, 10, 96, 2),
(1314, 1208, 71, 6, 6, 6, 6, 4, 6, 6, 6, 6, 8, 60, 2),
(1315, 1535, 58, 10, 8, 10, 10, 10, 10, 8, 10, 10, 8, 94, 1),
(1316, 1534, 61, 10, 10, 10, 10, 10, 10, 10, 8, 10, 10, 98, 1),
(1317, 1475, 60, 10, 10, 10, 10, 10, 10, 10, 10, 10, 10, 100, 1),
(1318, 1208, 72, 10, 8, 8, 8, 8, 8, 10, 8, 10, 10, 88, 2),
(1319, 1191, 68, 8, 10, 10, 8, 8, 10, 8, 8, 8, 8, 86, 2),
(1320, 1208, 73, 8, 10, 8, 10, 8, 10, 8, 6, 6, 6, 80, 2),
(1321, 1534, 62, 6, 8, 8, 6, 8, 6, 6, 6, 8, 8, 70, 1),
(1322, 1535, 59, 8, 8, 8, 10, 10, 8, 10, 10, 10, 10, 92, 1),
(1323, 1191, 71, 6, 6, 4, 4, 4, 6, 6, 6, 6, 6, 54, 2),
(1324, 1208, 74, 10, 10, 10, 10, 10, 10, 10, 8, 8, 10, 96, 2),
(1325, 1534, 63, 10, 10, 10, 10, 10, 10, 10, 10, 10, 10, 100, 1),
(1326, 1210, 70, 10, 8, 8, 8, 8, 8, 8, 10, 10, 10, 88, 2),
(1327, 1544, 58, 6, 6, 6, 6, 6, 6, 6, 6, 6, 6, 60, 2),
(1328, 1191, 69, 8, 10, 10, 8, 8, 10, 10, 8, 8, 8, 88, 2),
(1329, 1476, 58, 10, 10, 10, 10, 10, 10, 10, 10, 10, 10, 100, 1),
(1330, 1534, 64, 6, 8, 8, 8, 6, 6, 6, 10, 10, 10, 78, 1),
(1331, 1544, 59, 8, 8, 8, 8, 10, 8, 8, 8, 8, 10, 84, 2),
(1332, 1475, 58, 8, 8, 8, 8, 8, 10, 8, 8, 8, 8, 82, 1),
(1333, 1208, 75, 8, 6, 6, 8, 8, 8, 8, 8, 8, 8, 76, 2),
(1334, 1535, 60, 10, 10, 10, 10, 10, 10, 10, 10, 10, 10, 100, 1),
(1335, 1544, 60, 8, 10, 8, 8, 8, 8, 8, 8, 10, 10, 86, 2),
(1336, 1191, 70, 8, 8, 10, 8, 8, 10, 8, 8, 8, 8, 84, 2),
(1337, 1534, 65, 8, 8, 8, 8, 8, 8, 8, 8, 8, 8, 80, 1),
(1338, 1475, 59, 10, 10, 10, 10, 10, 10, 10, 10, 10, 10, 100, 1),
(1339, 1497, 58, 8, 10, 8, 10, 10, 8, 10, 10, 10, 8, 92, 1),
(1340, 1544, 61, 8, 8, 8, 8, 8, 8, 10, 10, 8, 8, 84, 2),
(1341, 1534, 66, 8, 8, 6, 6, 6, 6, 6, 6, 6, 6, 64, 1),
(1342, 1191, 72, 10, 10, 10, 8, 8, 10, 8, 8, 10, 8, 90, 2),
(1343, 1535, 61, 8, 8, 6, 8, 8, 8, 10, 10, 10, 8, 84, 1),
(1344, 1210, 73, 10, 10, 10, 10, 10, 10, 10, 10, 10, 10, 100, 2),
(1345, 1544, 62, 8, 10, 8, 8, 8, 10, 8, 8, 8, 10, 86, 2),
(1346, 1497, 59, 10, 10, 8, 10, 10, 10, 10, 10, 6, 10, 94, 1),
(1347, 1475, 61, 6, 6, 6, 10, 10, 6, 10, 10, 10, 6, 80, 1),
(1348, 1544, 63, 8, 8, 10, 8, 10, 8, 8, 8, 10, 10, 88, 2),
(1349, 1210, 72, 10, 10, 10, 10, 10, 10, 10, 10, 10, 10, 100, 2),
(1350, 1191, 73, 8, 8, 10, 8, 8, 10, 8, 8, 8, 8, 84, 2),
(1351, 1535, 62, 10, 8, 8, 10, 10, 8, 10, 10, 10, 10, 94, 1),
(1352, 1476, 59, 10, 10, 10, 6, 10, 8, 6, 10, 10, 10, 90, 1),
(1353, 1496, 62, 10, 2, 2, 2, 2, 2, 2, 2, 2, 10, 36, 1),
(1354, 1544, 64, 8, 8, 8, 8, 8, 8, 8, 8, 8, 8, 80, 2),
(1355, 1497, 60, 10, 10, 10, 6, 10, 10, 10, 10, 10, 8, 94, 1),
(1356, 1191, 74, 10, 10, 10, 10, 10, 10, 8, 8, 10, 8, 94, 2),
(1357, 1475, 62, 8, 8, 8, 8, 8, 8, 8, 8, 8, 8, 80, 1),
(1358, 1210, 74, 10, 10, 10, 10, 10, 10, 10, 10, 10, 10, 100, 2),
(1359, 1496, 63, 10, 10, 10, 10, 10, 10, 10, 10, 10, 10, 100, 1),
(1360, 1544, 65, 8, 8, 10, 10, 8, 8, 8, 8, 8, 8, 84, 2),
(1361, 1476, 60, 10, 10, 10, 10, 10, 10, 10, 10, 10, 10, 100, 1),
(1362, 1534, 58, 4, 4, 4, 4, 4, 4, 6, 6, 8, 8, 52, 2),
(1363, 1505, 58, 4, 4, 6, 4, 4, 4, 4, 4, 4, 4, 42, 1),
(1364, 1496, 59, 10, 10, 10, 10, 10, 10, 10, 10, 10, 10, 100, 1),
(1365, 1191, 75, 8, 10, 10, 6, 8, 8, 8, 8, 8, 8, 82, 2),
(1366, 1544, 66, 8, 8, 8, 8, 10, 10, 8, 8, 8, 10, 86, 2),
(1367, 1497, 61, 10, 8, 10, 8, 10, 10, 8, 10, 10, 10, 94, 1),
(1368, 1475, 63, 10, 10, 10, 8, 10, 10, 10, 8, 8, 8, 92, 1),
(1369, 1505, 59, 10, 10, 10, 10, 10, 10, 10, 10, 10, 10, 100, 1),
(1370, 1483, 58, 6, 6, 6, 4, 4, 6, 6, 8, 6, 4, 56, 1),
(1371, 1535, 63, 8, 10, 8, 10, 10, 10, 10, 8, 10, 10, 94, 1),
(1372, 1534, 59, 6, 6, 8, 8, 8, 8, 8, 8, 8, 8, 76, 2),
(1373, 1210, 75, 10, 10, 10, 10, 10, 10, 10, 10, 10, 10, 100, 2),
(1374, 1505, 60, 10, 10, 10, 10, 10, 10, 10, 10, 10, 10, 100, 1),
(1375, 1496, 66, 2, 2, 2, 2, 2, 2, 2, 2, 2, 2, 20, 1),
(1376, 1497, 62, 10, 8, 6, 10, 10, 10, 10, 8, 8, 10, 90, 1),
(1377, 1483, 59, 8, 10, 8, 8, 10, 8, 8, 8, 10, 8, 86, 1),
(1378, 1475, 64, 8, 8, 8, 8, 8, 8, 8, 8, 8, 8, 80, 1),
(1379, 1534, 60, 8, 8, 8, 8, 8, 8, 8, 8, 8, 8, 80, 2),
(1380, 1505, 61, 6, 6, 6, 6, 6, 6, 6, 6, 6, 6, 60, 1),
(1381, 1535, 64, 10, 8, 10, 10, 8, 10, 8, 8, 6, 10, 88, 1),
(1382, 1494, 60, 10, 10, 10, 10, 10, 10, 10, 10, 10, 10, 100, 1),
(1383, 1483, 60, 10, 8, 8, 8, 8, 10, 10, 10, 10, 8, 90, 1),
(1384, 1475, 65, 10, 10, 10, 10, 10, 10, 10, 10, 10, 10, 100, 1),
(1385, 1505, 62, 6, 6, 6, 6, 6, 6, 6, 6, 6, 6, 60, 1),
(1386, 1476, 61, 4, 4, 10, 6, 8, 6, 4, 6, 4, 10, 62, 1),
(1387, 1534, 61, 8, 8, 8, 8, 8, 8, 8, 8, 8, 8, 80, 2),
(1388, 1497, 63, 10, 10, 8, 8, 10, 10, 10, 10, 8, 10, 94, 1),
(1389, 1496, 58, 10, 8, 6, 4, 2, 2, 4, 6, 8, 10, 60, 1),
(1390, 1487, 58, 10, 10, 10, 10, 10, 8, 6, 8, 10, 10, 92, 1),
(1391, 1505, 63, 8, 8, 6, 6, 8, 8, 8, 6, 6, 6, 70, 1),
(1392, 1535, 65, 10, 10, 10, 10, 10, 10, 10, 10, 10, 10, 100, 1),
(1393, 1477, 58, 10, 10, 10, 10, 10, 10, 10, 10, 10, 10, 100, 1),
(1394, 1522, 58, 10, 10, 8, 10, 10, 10, 10, 10, 10, 10, 98, 1),
(1395, 1483, 61, 6, 8, 8, 6, 8, 8, 6, 8, 8, 8, 74, 1),
(1396, 1534, 62, 8, 8, 8, 6, 6, 6, 6, 8, 8, 8, 72, 2),
(1397, 1496, 60, 10, 10, 10, 10, 10, 10, 2, 2, 8, 6, 78, 1),
(1398, 1476, 62, 8, 8, 8, 8, 8, 8, 8, 8, 8, 8, 80, 1),
(1399, 1505, 64, 10, 8, 6, 4, 2, 4, 6, 8, 10, 8, 66, 1),
(1400, 1497, 64, 8, 10, 8, 8, 8, 10, 10, 10, 10, 8, 90, 1),
(1401, 1487, 59, 6, 8, 8, 6, 10, 6, 8, 10, 10, 10, 82, 1),
(1402, 1483, 62, 8, 6, 6, 4, 6, 6, 8, 8, 6, 8, 66, 1),
(1403, 1508, 58, 10, 8, 8, 10, 10, 10, 10, 8, 10, 8, 92, 1),
(1404, 1493, 58, 10, 10, 10, 10, 10, 10, 10, 10, 10, 10, 100, 1),
(1405, 1534, 63, 10, 10, 10, 10, 10, 10, 10, 10, 10, 10, 100, 2),
(1406, 1477, 59, 10, 10, 10, 10, 10, 10, 10, 8, 8, 8, 94, 1),
(1407, 1496, 61, 10, 2, 10, 2, 10, 2, 10, 2, 8, 10, 66, 1),
(1408, 1505, 65, 10, 10, 10, 10, 10, 10, 10, 10, 10, 10, 100, 1),
(1409, 1527, 58, 2, 2, 2, 2, 2, 2, 2, 2, 2, 2, 20, 1),
(1410, 1535, 66, 10, 8, 10, 10, 8, 10, 10, 8, 10, 8, 92, 1),
(1411, 1522, 59, 8, 6, 6, 8, 10, 6, 10, 8, 8, 10, 80, 1),
(1412, 1487, 60, 10, 10, 10, 8, 8, 8, 10, 10, 8, 8, 90, 1),
(1413, 1483, 63, 8, 10, 8, 8, 8, 10, 10, 10, 8, 10, 90, 1),
(1414, 1497, 65, 10, 10, 10, 10, 10, 10, 10, 10, 10, 10, 100, 1),
(1415, 1505, 66, 4, 4, 4, 4, 4, 4, 4, 4, 4, 4, 40, 1),
(1416, 1477, 60, 10, 10, 10, 10, 10, 10, 10, 10, 10, 10, 100, 1),
(1417, 1476, 63, 10, 8, 8, 8, 8, 8, 8, 8, 8, 8, 82, 1),
(1418, 1496, 64, 2, 2, 2, 2, 10, 2, 2, 2, 2, 2, 28, 1),
(1419, 1522, 60, 10, 10, 10, 10, 10, 10, 10, 10, 10, 10, 100, 1),
(1420, 1534, 64, 6, 6, 6, 6, 6, 6, 6, 6, 6, 6, 60, 2),
(1421, 1480, 58, 10, 6, 6, 8, 8, 10, 8, 8, 6, 8, 78, 1),
(1422, 1527, 59, 10, 10, 10, 10, 10, 10, 10, 10, 10, 10, 100, 1),
(1423, 1483, 64, 10, 8, 10, 8, 8, 8, 8, 8, 8, 8, 84, 1),
(1424, 1477, 61, 10, 10, 10, 10, 10, 10, 10, 10, 8, 8, 96, 1),
(1425, 1497, 66, 8, 10, 10, 10, 10, 8, 8, 10, 10, 10, 94, 1),
(1426, 1487, 61, 10, 8, 8, 10, 10, 10, 10, 10, 10, 8, 94, 1),
(1427, 1508, 59, 10, 8, 8, 8, 8, 8, 8, 10, 10, 10, 88, 1),
(1428, 1476, 64, 10, 10, 10, 10, 10, 10, 10, 10, 10, 10, 100, 1),
(1429, 1475, 66, 6, 4, 4, 6, 6, 6, 4, 6, 4, 4, 50, 1),
(1430, 1534, 65, 8, 8, 8, 6, 6, 8, 8, 10, 8, 10, 80, 2),
(1431, 1527, 60, 10, 10, 10, 10, 10, 10, 10, 10, 10, 10, 100, 1),
(1432, 1480, 59, 6, 6, 8, 6, 6, 6, 6, 8, 8, 8, 68, 1),
(1433, 1477, 62, 10, 10, 10, 10, 10, 8, 10, 8, 6, 10, 92, 1),
(1434, 1483, 65, 6, 8, 10, 8, 10, 8, 8, 8, 10, 8, 84, 1),
(1435, 1522, 61, 6, 6, 8, 10, 10, 6, 10, 10, 8, 10, 84, 1),
(1436, 1496, 65, 10, 10, 6, 10, 8, 10, 8, 6, 8, 8, 84, 1),
(1437, 1488, 58, 8, 8, 10, 8, 10, 6, 6, 8, 10, 10, 84, 1),
(1438, 1487, 62, 4, 8, 8, 6, 6, 6, 6, 8, 8, 8, 68, 1),
(1439, 1494, 58, 10, 10, 10, 10, 10, 8, 10, 10, 10, 10, 98, 1),
(1440, 1480, 60, 10, 10, 10, 10, 10, 10, 10, 10, 10, 10, 100, 1),
(1441, 1508, 60, 10, 10, 10, 10, 10, 10, 10, 10, 10, 10, 100, 1),
(1442, 1477, 63, 8, 8, 10, 10, 10, 10, 10, 10, 10, 10, 96, 1),
(1443, 1527, 62, 10, 10, 10, 10, 10, 10, 10, 10, 10, 10, 100, 1),
(1444, 1476, 65, 10, 10, 10, 10, 10, 10, 10, 10, 10, 10, 100, 1),
(1445, 1493, 59, 10, 8, 6, 10, 10, 6, 8, 10, 6, 10, 84, 1),
(1446, 1483, 66, 6, 8, 6, 6, 6, 8, 6, 8, 6, 6, 66, 1),
(1447, 1535, 58, 10, 8, 10, 10, 10, 10, 10, 10, 10, 10, 98, 2),
(1448, 1487, 63, 4, 4, 4, 6, 6, 6, 6, 6, 6, 6, 54, 1),
(1449, 1477, 64, 10, 8, 10, 10, 10, 10, 10, 10, 10, 10, 98, 1),
(1450, 1480, 61, 6, 6, 6, 8, 6, 8, 8, 8, 4, 8, 68, 1),
(1451, 1536, 58, 6, 6, 6, 6, 6, 6, 6, 6, 6, 6, 60, 1),
(1452, 1497, 58, 10, 8, 10, 10, 10, 8, 10, 10, 10, 10, 96, 2),
(1453, 1527, 61, 10, 10, 10, 10, 10, 10, 10, 10, 10, 10, 100, 1),
(1454, 1508, 61, 6, 6, 6, 10, 8, 8, 8, 8, 8, 8, 76, 1),
(1455, 1539, 62, 2, 2, 2, 2, 2, 2, 2, 2, 2, 2, 20, 1),
(1456, 1509, 58, 8, 10, 10, 10, 8, 8, 10, 10, 10, 8, 92, 1),
(1457, 1522, 62, 6, 6, 6, 10, 8, 8, 10, 10, 8, 10, 82, 1),
(1458, 1535, 59, 10, 8, 10, 8, 10, 10, 10, 10, 10, 8, 94, 2),
(1459, 1478, 58, 10, 8, 8, 8, 10, 10, 8, 8, 8, 10, 88, 1),
(1460, 1477, 65, 10, 10, 10, 10, 10, 10, 10, 10, 10, 10, 100, 1),
(1461, 1480, 62, 10, 10, 8, 10, 6, 10, 8, 8, 6, 8, 84, 1),
(1462, 1487, 64, 4, 6, 8, 6, 6, 8, 8, 8, 6, 8, 68, 1),
(1463, 1488, 59, 8, 8, 6, 6, 8, 6, 8, 6, 6, 8, 70, 1),
(1464, 1527, 64, 10, 10, 10, 10, 10, 10, 10, 10, 10, 10, 100, 1),
(1465, 1536, 59, 6, 6, 6, 6, 6, 6, 6, 6, 6, 6, 60, 1),
(1466, 1493, 60, 10, 10, 10, 10, 10, 10, 10, 10, 10, 10, 100, 1),
(1467, 1506, 58, 10, 8, 8, 8, 8, 8, 8, 8, 8, 10, 84, 1),
(1468, 1497, 59, 10, 8, 10, 10, 10, 10, 10, 10, 10, 8, 96, 2),
(1469, 1535, 60, 10, 10, 10, 10, 10, 10, 10, 10, 10, 10, 100, 2),
(1470, 1477, 66, 10, 10, 10, 10, 10, 10, 10, 10, 10, 10, 100, 1),
(1471, 1508, 62, 8, 8, 10, 8, 8, 8, 10, 10, 8, 8, 86, 1),
(1472, 1487, 65, 6, 8, 8, 8, 8, 8, 8, 8, 8, 10, 80, 1),
(1473, 1522, 63, 10, 10, 10, 10, 10, 10, 10, 10, 10, 10, 100, 1),
(1474, 1480, 63, 10, 8, 10, 8, 10, 8, 10, 8, 10, 10, 92, 1),
(1475, 1539, 66, 2, 2, 2, 2, 2, 2, 2, 2, 2, 2, 20, 1),
(1476, 1475, 58, 8, 8, 8, 8, 8, 8, 8, 8, 8, 8, 80, 2),
(1477, 1509, 59, 6, 8, 10, 8, 10, 8, 8, 10, 10, 10, 88, 1),
(1478, 1494, 59, 10, 8, 8, 10, 10, 10, 10, 10, 10, 10, 96, 1),
(1479, 1497, 60, 10, 8, 10, 8, 10, 10, 10, 10, 10, 10, 96, 2),
(1480, 1488, 60, 10, 10, 10, 10, 10, 10, 10, 10, 10, 10, 100, 1),
(1481, 1536, 60, 6, 6, 6, 6, 6, 6, 6, 6, 6, 6, 60, 1),
(1482, 1480, 64, 10, 8, 8, 8, 8, 8, 8, 6, 6, 6, 76, 1),
(1483, 1508, 63, 10, 10, 10, 10, 10, 10, 10, 10, 10, 10, 100, 1),
(1484, 1522, 64, 10, 10, 10, 10, 10, 10, 10, 10, 10, 10, 100, 1),
(1485, 1476, 66, 6, 6, 6, 6, 6, 6, 6, 6, 6, 6, 60, 1),
(1486, 1475, 59, 10, 10, 10, 10, 10, 10, 10, 10, 10, 10, 100, 2),
(1487, 1535, 61, 10, 8, 8, 10, 8, 10, 8, 10, 8, 8, 88, 2),
(1488, 1538, 62, 2, 2, 2, 2, 2, 2, 2, 2, 2, 2, 20, 1),
(1489, 1527, 63, 4, 6, 6, 4, 10, 8, 6, 8, 4, 8, 64, 1),
(1490, 1540, 59, 6, 4, 6, 6, 6, 10, 8, 6, 6, 8, 66, 1),
(1491, 1506, 59, 10, 10, 10, 10, 8, 8, 8, 8, 10, 10, 92, 1),
(1492, 1522, 65, 10, 10, 10, 10, 10, 10, 10, 10, 10, 10, 100, 1),
(1493, 1487, 66, 8, 8, 6, 4, 4, 8, 8, 6, 8, 8, 68, 1),
(1494, 1536, 61, 8, 8, 8, 8, 8, 8, 8, 8, 8, 8, 80, 1),
(1495, 1475, 60, 10, 10, 10, 10, 10, 10, 10, 10, 10, 10, 100, 2),
(1496, 1497, 61, 10, 10, 10, 10, 8, 8, 8, 10, 10, 10, 94, 2),
(1497, 1480, 66, 6, 8, 8, 8, 8, 8, 8, 8, 6, 6, 74, 1),
(1498, 1539, 58, 8, 8, 8, 8, 8, 8, 8, 8, 8, 8, 80, 1),
(1499, 1535, 63, 10, 10, 8, 10, 10, 10, 10, 10, 10, 10, 98, 2),
(1500, 1527, 65, 10, 10, 10, 10, 8, 8, 8, 6, 8, 8, 86, 1),
(1501, 1509, 60, 10, 10, 10, 10, 8, 10, 10, 10, 10, 10, 98, 1),
(1502, 1478, 59, 8, 8, 8, 10, 10, 10, 8, 8, 8, 10, 88, 1),
(1503, 1493, 61, 6, 8, 6, 6, 6, 6, 6, 6, 4, 10, 64, 1),
(1504, 1506, 60, 10, 10, 10, 10, 10, 10, 10, 10, 10, 10, 100, 1),
(1505, 1508, 64, 10, 10, 10, 10, 10, 10, 10, 10, 8, 8, 96, 1),
(1506, 1497, 62, 10, 8, 8, 10, 10, 10, 10, 10, 8, 10, 94, 2),
(1507, 1535, 62, 10, 8, 10, 10, 8, 10, 10, 10, 10, 10, 96, 2),
(1508, 1475, 61, 8, 6, 8, 6, 8, 8, 6, 6, 8, 8, 72, 2),
(1509, 1488, 61, 6, 8, 8, 8, 6, 10, 8, 8, 8, 8, 78, 1),
(1510, 1480, 65, 10, 10, 10, 10, 10, 10, 10, 10, 10, 10, 100, 1),
(1511, 1478, 60, 10, 10, 10, 10, 10, 10, 10, 10, 10, 8, 98, 1),
(1512, 1509, 61, 8, 10, 8, 6, 8, 8, 10, 8, 10, 10, 86, 1),
(1513, 1493, 62, 6, 6, 8, 6, 6, 6, 8, 8, 8, 10, 72, 1),
(1514, 1539, 59, 10, 10, 10, 10, 10, 10, 10, 10, 10, 10, 100, 1),
(1515, 1535, 64, 10, 10, 10, 10, 8, 10, 10, 8, 10, 8, 94, 2),
(1516, 1508, 65, 10, 10, 10, 10, 10, 10, 10, 10, 10, 10, 100, 1),
(1517, 1475, 62, 8, 6, 8, 8, 8, 8, 8, 8, 8, 8, 78, 2),
(1518, 1497, 63, 10, 10, 8, 8, 8, 10, 8, 10, 8, 8, 88, 2),
(1519, 1494, 61, 8, 10, 8, 8, 6, 8, 10, 6, 10, 8, 82, 1),
(1520, 1488, 62, 6, 6, 6, 6, 6, 6, 6, 6, 6, 6, 60, 1),
(1521, 1522, 66, 4, 4, 8, 8, 6, 6, 6, 6, 4, 10, 62, 1),
(1522, 1511, 62, 2, 2, 2, 2, 2, 2, 2, 2, 2, 2, 20, 1),
(1523, 1535, 65, 10, 10, 10, 10, 8, 10, 8, 10, 10, 10, 96, 2),
(1524, 1475, 63, 8, 8, 8, 8, 8, 8, 8, 10, 10, 10, 86, 2),
(1525, 1506, 61, 10, 10, 8, 8, 8, 8, 8, 8, 10, 8, 86, 1),
(1526, 1539, 60, 4, 6, 4, 6, 4, 4, 4, 6, 4, 6, 48, 1),
(1527, 1509, 62, 8, 8, 10, 8, 10, 10, 8, 8, 8, 10, 88, 1),
(1528, 1493, 63, 4, 6, 6, 6, 4, 6, 6, 6, 8, 10, 62, 1),
(1529, 1478, 61, 8, 8, 8, 8, 6, 10, 8, 6, 8, 10, 80, 1),
(1530, 1497, 64, 8, 10, 10, 10, 8, 10, 10, 10, 10, 8, 94, 2),
(1531, 1480, 58, 10, 10, 8, 8, 10, 8, 8, 10, 10, 10, 92, 2),
(1532, 1475, 64, 8, 6, 8, 8, 8, 6, 8, 8, 8, 8, 76, 2),
(1533, 1477, 58, 8, 10, 6, 8, 10, 8, 10, 10, 8, 10, 88, 2),
(1534, 1498, 65, 10, 8, 8, 8, 8, 8, 8, 8, 8, 8, 82, 1),
(1535, 1535, 66, 10, 8, 10, 8, 10, 10, 10, 10, 10, 10, 96, 2),
(1536, 1493, 64, 10, 10, 10, 10, 10, 10, 10, 10, 10, 10, 100, 1),
(1537, 1488, 63, 6, 8, 6, 6, 8, 8, 8, 6, 6, 8, 70, 1),
(1538, 1506, 62, 8, 8, 8, 8, 8, 8, 8, 8, 8, 8, 80, 1),
(1539, 1477, 59, 10, 6, 8, 8, 8, 8, 8, 6, 6, 6, 74, 2),
(1540, 1480, 59, 8, 8, 8, 10, 8, 8, 8, 10, 10, 10, 88, 2),
(1541, 1539, 63, 2, 2, 2, 2, 4, 2, 2, 2, 4, 4, 26, 1),
(1542, 1497, 65, 10, 10, 8, 10, 10, 8, 10, 10, 8, 8, 92, 2),
(1543, 1475, 65, 10, 10, 10, 10, 10, 10, 10, 10, 10, 10, 100, 2),
(1544, 1522, 65, 10, 10, 10, 10, 10, 10, 10, 10, 10, 10, 100, 2),
(1545, 1476, 58, 10, 10, 10, 10, 10, 10, 10, 10, 10, 10, 100, 2),
(1546, 1511, 63, 2, 2, 2, 2, 2, 2, 2, 2, 2, 2, 20, 1),
(1547, 1509, 63, 10, 10, 10, 10, 10, 10, 10, 10, 10, 10, 100, 1),
(1548, 1498, 58, 10, 8, 8, 8, 8, 8, 8, 8, 8, 8, 82, 1),
(1549, 1538, 58, 6, 6, 8, 8, 6, 6, 6, 6, 4, 6, 62, 1),
(1550, 1493, 65, 10, 10, 10, 10, 10, 10, 10, 10, 10, 10, 100, 1),
(1551, 1477, 60, 10, 10, 10, 8, 10, 10, 10, 10, 10, 10, 98, 2),
(1552, 1480, 60, 10, 10, 10, 10, 10, 10, 10, 10, 10, 10, 100, 2),
(1553, 1475, 66, 6, 4, 6, 6, 4, 4, 4, 6, 4, 6, 50, 2),
(1554, 1522, 63, 10, 10, 10, 10, 10, 10, 10, 10, 10, 10, 100, 2),
(1555, 1506, 63, 10, 10, 10, 10, 10, 10, 10, 10, 10, 10, 100, 1),
(1556, 1488, 64, 8, 8, 10, 10, 10, 10, 8, 8, 8, 10, 90, 1),
(1557, 1539, 61, 10, 10, 10, 10, 10, 10, 10, 10, 10, 10, 100, 1),
(1558, 1548, 66, 6, 8, 10, 8, 8, 10, 8, 10, 8, 10, 86, 1),
(1559, 1478, 62, 6, 6, 6, 8, 6, 8, 6, 6, 8, 8, 68, 1),
(1560, 1476, 59, 8, 8, 8, 8, 8, 8, 8, 8, 8, 8, 80, 2),
(1561, 1497, 66, 10, 8, 10, 10, 10, 10, 10, 8, 10, 10, 96, 2),
(1562, 1511, 61, 8, 8, 8, 8, 8, 8, 8, 8, 8, 8, 80, 1),
(1563, 1493, 66, 4, 6, 4, 4, 4, 2, 2, 2, 2, 2, 32, 1),
(1564, 1538, 59, 10, 10, 10, 10, 10, 10, 10, 10, 10, 10, 100, 1),
(1565, 1508, 66, 10, 8, 10, 10, 10, 10, 10, 10, 10, 10, 98, 1),
(1566, 1477, 61, 6, 6, 4, 8, 8, 6, 6, 6, 6, 6, 62, 2),
(1567, 1522, 60, 10, 10, 10, 10, 10, 10, 10, 10, 10, 10, 100, 2),
(1568, 1480, 61, 8, 8, 8, 6, 8, 8, 8, 6, 8, 8, 76, 2),
(1569, 1509, 64, 8, 8, 10, 10, 6, 8, 8, 8, 2, 10, 78, 1),
(1570, 1476, 60, 10, 10, 10, 10, 10, 10, 10, 10, 10, 10, 100, 2),
(1571, 1494, 62, 10, 8, 8, 6, 8, 6, 8, 10, 8, 6, 78, 1),
(1572, 1478, 63, 8, 8, 8, 8, 8, 10, 8, 8, 8, 10, 84, 1),
(1573, 1480, 62, 8, 8, 6, 6, 8, 6, 8, 6, 8, 8, 72, 2),
(1574, 1522, 64, 10, 10, 10, 10, 10, 10, 10, 10, 10, 10, 100, 2),
(1575, 1488, 65, 10, 10, 10, 10, 10, 10, 10, 10, 10, 10, 100, 1),
(1576, 1511, 58, 6, 6, 6, 6, 6, 6, 6, 6, 6, 6, 60, 1),
(1577, 1539, 64, 8, 8, 8, 8, 8, 8, 8, 8, 8, 8, 80, 1),
(1578, 1493, 58, 10, 10, 10, 10, 10, 10, 10, 10, 10, 10, 100, 2),
(1579, 1477, 62, 8, 10, 8, 8, 8, 6, 8, 8, 8, 8, 80, 2),
(1580, 1538, 60, 10, 8, 8, 8, 8, 8, 8, 8, 8, 8, 82, 1),
(1581, 1498, 59, 8, 6, 8, 6, 8, 6, 8, 6, 8, 6, 70, 1),
(1582, 1480, 63, 8, 8, 6, 8, 6, 8, 6, 8, 8, 6, 72, 2),
(1583, 1509, 65, 10, 10, 10, 8, 8, 6, 10, 10, 10, 10, 92, 1),
(1584, 1511, 59, 10, 10, 10, 10, 10, 10, 10, 10, 10, 10, 100, 1),
(1585, 1488, 66, 8, 10, 10, 10, 10, 10, 10, 10, 10, 10, 98, 1),
(1586, 1539, 65, 4, 6, 6, 4, 4, 4, 6, 4, 6, 6, 50, 1),
(1587, 1506, 64, 6, 8, 10, 10, 10, 10, 8, 8, 6, 6, 82, 1),
(1588, 1493, 59, 8, 8, 6, 8, 8, 8, 4, 8, 10, 10, 78, 2),
(1589, 1476, 61, 6, 6, 6, 6, 6, 6, 6, 6, 6, 6, 60, 2),
(1590, 1478, 64, 8, 8, 8, 8, 8, 10, 6, 6, 8, 6, 76, 1),
(1591, 1522, 58, 10, 10, 8, 10, 10, 10, 10, 10, 10, 10, 98, 2),
(1592, 1477, 63, 8, 10, 6, 8, 6, 6, 6, 8, 8, 8, 74, 2),
(1593, 1480, 64, 8, 8, 6, 8, 10, 10, 8, 8, 10, 8, 84, 2),
(1594, 1538, 61, 10, 10, 10, 10, 10, 10, 10, 10, 10, 10, 100, 1),
(1595, 1509, 66, 8, 8, 10, 10, 10, 10, 8, 8, 10, 10, 92, 1),
(1596, 1493, 60, 10, 10, 10, 10, 10, 10, 10, 10, 10, 10, 100, 2),
(1597, 1498, 60, 10, 10, 8, 10, 10, 10, 10, 10, 10, 10, 98, 1),
(1598, 1477, 64, 10, 10, 8, 10, 10, 10, 10, 8, 8, 8, 92, 2),
(1599, 1480, 65, 10, 10, 10, 10, 10, 10, 10, 10, 10, 10, 100, 2),
(1600, 1506, 65, 10, 10, 10, 10, 10, 10, 10, 10, 10, 10, 100, 1),
(1601, 1508, 58, 10, 10, 10, 10, 10, 10, 10, 10, 10, 8, 98, 2),
(1602, 1478, 65, 10, 10, 10, 10, 10, 10, 10, 8, 8, 10, 96, 1),
(1603, 1476, 63, 8, 8, 8, 8, 8, 8, 8, 8, 8, 8, 80, 2),
(1604, 1493, 61, 6, 4, 4, 6, 2, 4, 6, 8, 6, 4, 50, 2),
(1605, 1498, 61, 6, 8, 6, 6, 8, 6, 6, 6, 6, 6, 64, 1),
(1606, 1522, 59, 6, 6, 6, 8, 10, 6, 10, 8, 8, 10, 78, 2),
(1607, 1538, 63, 2, 2, 2, 2, 2, 2, 2, 2, 2, 4, 22, 1),
(1608, 1494, 63, 10, 10, 10, 10, 10, 10, 10, 6, 10, 10, 96, 1),
(1609, 1480, 66, 8, 8, 6, 8, 8, 6, 8, 8, 6, 10, 76, 2),
(1610, 1498, 62, 6, 6, 6, 8, 6, 6, 6, 6, 6, 6, 62, 1),
(1611, 1508, 59, 8, 8, 8, 10, 10, 8, 8, 8, 10, 10, 88, 2),
(1612, 1511, 60, 6, 6, 6, 6, 6, 6, 6, 6, 6, 6, 60, 1),
(1613, 1477, 65, 10, 10, 10, 8, 8, 8, 10, 10, 10, 10, 94, 2),
(1614, 1493, 62, 6, 6, 6, 8, 6, 6, 6, 4, 6, 4, 58, 2),
(1615, 1488, 58, 10, 10, 8, 8, 8, 10, 8, 8, 10, 8, 88, 2),
(1616, 1476, 62, 8, 8, 8, 8, 8, 8, 8, 8, 8, 8, 80, 2),
(1617, 1478, 66, 6, 6, 6, 6, 8, 8, 8, 6, 6, 8, 68, 1),
(1618, 1522, 61, 6, 6, 6, 10, 8, 4, 8, 8, 8, 10, 74, 2),
(1619, 1477, 66, 10, 10, 8, 6, 6, 8, 6, 8, 8, 6, 76, 2),
(1620, 1498, 63, 10, 10, 10, 10, 10, 10, 10, 10, 10, 10, 100, 1),
(1621, 1493, 63, 4, 4, 2, 4, 8, 6, 4, 4, 2, 2, 40, 2),
(1622, 1511, 64, 10, 10, 10, 10, 10, 10, 10, 10, 10, 10, 100, 1),
(1623, 1538, 64, 10, 10, 10, 10, 10, 10, 10, 10, 10, 10, 100, 1),
(1624, 1488, 59, 8, 8, 6, 10, 8, 6, 4, 6, 6, 8, 70, 2),
(1625, 1509, 58, 10, 10, 10, 8, 8, 10, 10, 8, 10, 10, 94, 2),
(1626, 1506, 66, 8, 8, 6, 8, 8, 8, 8, 6, 8, 6, 74, 1),
(1627, 1508, 60, 10, 10, 10, 10, 10, 8, 10, 10, 10, 10, 98, 2),
(1628, 1522, 62, 6, 6, 6, 6, 6, 8, 8, 6, 4, 6, 62, 2),
(1629, 1476, 64, 10, 10, 10, 10, 10, 10, 10, 10, 10, 10, 100, 2),
(1630, 1493, 64, 10, 10, 10, 10, 10, 10, 10, 10, 10, 10, 100, 2),
(1631, 1538, 65, 6, 6, 6, 6, 6, 6, 6, 6, 6, 6, 60, 1),
(1632, 1498, 64, 8, 8, 8, 8, 8, 8, 8, 8, 8, 8, 80, 1),
(1633, 1511, 65, 6, 6, 6, 6, 6, 6, 6, 6, 6, 6, 60, 1),
(1634, 1509, 59, 10, 8, 10, 8, 10, 10, 10, 8, 8, 10, 92, 2),
(1635, 1508, 61, 8, 8, 8, 8, 8, 8, 10, 8, 8, 8, 82, 2),
(1636, 1488, 60, 8, 10, 10, 10, 10, 10, 8, 8, 10, 8, 92, 2),
(1637, 1494, 64, 10, 8, 10, 10, 8, 6, 10, 10, 8, 8, 88, 1),
(1638, 1476, 65, 10, 10, 10, 10, 10, 10, 10, 10, 10, 10, 100, 2),
(1639, 1493, 65, 10, 10, 10, 10, 10, 10, 10, 10, 10, 10, 100, 2),
(1640, 1538, 66, 2, 2, 2, 2, 2, 2, 2, 2, 2, 2, 20, 1),
(1641, 1522, 66, 4, 4, 6, 10, 4, 4, 8, 6, 4, 10, 60, 2),
(1642, 1488, 61, 6, 8, 8, 8, 8, 8, 8, 8, 10, 8, 80, 2),
(1643, 1493, 66, 4, 2, 2, 2, 2, 2, 4, 6, 6, 4, 34, 2),
(1644, 1509, 60, 8, 10, 10, 10, 10, 8, 10, 10, 10, 10, 96, 2),
(1645, 1478, 58, 10, 10, 8, 8, 8, 10, 8, 8, 8, 10, 88, 2),
(1646, 1508, 62, 8, 8, 8, 8, 10, 10, 10, 10, 8, 8, 88, 2),
(1647, 1530, 58, 10, 10, 10, 10, 10, 10, 10, 10, 10, 10, 100, 1),
(1648, 1488, 62, 8, 8, 8, 6, 8, 8, 8, 6, 6, 6, 72, 2),
(1649, 1498, 66, 6, 6, 6, 6, 6, 6, 6, 6, 6, 6, 60, 1),
(1650, 1476, 66, 4, 4, 4, 4, 4, 4, 4, 4, 4, 4, 40, 2),
(1651, 1508, 63, 10, 10, 10, 10, 10, 10, 10, 10, 10, 10, 100, 2),
(1652, 1509, 61, 8, 10, 10, 10, 8, 8, 8, 8, 10, 10, 90, 2),
(1653, 1488, 63, 6, 6, 6, 6, 6, 6, 6, 6, 6, 6, 60, 2),
(1654, 1478, 59, 8, 8, 8, 8, 10, 10, 8, 8, 8, 10, 86, 2),
(1655, 1494, 65, 10, 10, 10, 10, 10, 10, 10, 10, 10, 10, 100, 1),
(1656, 1508, 64, 8, 8, 8, 8, 8, 8, 8, 8, 8, 8, 80, 2),
(1657, 1488, 64, 10, 10, 10, 10, 10, 10, 10, 10, 10, 10, 100, 2),
(1658, 1478, 60, 10, 10, 10, 10, 10, 10, 10, 10, 8, 10, 98, 2),
(1659, 1509, 62, 8, 10, 10, 10, 10, 8, 8, 6, 8, 10, 88, 2),
(1660, 1488, 65, 8, 8, 8, 8, 8, 8, 6, 6, 6, 6, 72, 2),
(1661, 1506, 58, 8, 8, 8, 8, 8, 10, 8, 8, 8, 10, 84, 2),
(1662, 1498, 58, 8, 8, 8, 8, 8, 10, 8, 8, 10, 10, 86, 2),
(1663, 1508, 65, 10, 10, 10, 10, 10, 10, 10, 10, 10, 10, 100, 2),
(1664, 1530, 59, 8, 8, 8, 6, 10, 8, 10, 10, 8, 10, 86, 1),
(1665, 1494, 66, 8, 6, 8, 6, 6, 6, 6, 8, 8, 8, 70, 1),
(1666, 1488, 66, 8, 6, 8, 6, 8, 8, 6, 6, 6, 6, 68, 2),
(1667, 1478, 61, 8, 8, 8, 8, 8, 10, 8, 8, 8, 10, 84, 2),
(1668, 1498, 59, 6, 6, 6, 6, 6, 6, 6, 6, 6, 6, 60, 2),
(1669, 1506, 59, 10, 10, 10, 10, 10, 10, 10, 10, 10, 10, 100, 2),
(1670, 1508, 66, 10, 10, 10, 8, 8, 10, 10, 8, 10, 8, 92, 2),
(1671, 1509, 63, 10, 10, 8, 10, 10, 10, 10, 10, 8, 10, 96, 2),
(1672, 1498, 60, 10, 10, 10, 10, 10, 8, 10, 10, 10, 10, 98, 2),
(1673, 1478, 62, 6, 6, 6, 6, 8, 8, 6, 6, 8, 8, 68, 2),
(1674, 1530, 60, 10, 10, 10, 10, 10, 10, 10, 10, 10, 10, 100, 1),
(1675, 1506, 60, 10, 10, 10, 10, 10, 10, 10, 10, 10, 10, 100, 2),
(1676, 1509, 64, 8, 8, 8, 8, 6, 10, 10, 8, 10, 10, 86, 2),
(1677, 1498, 61, 6, 6, 6, 6, 6, 6, 6, 6, 6, 6, 60, 2),
(1678, 1478, 63, 8, 8, 10, 10, 10, 10, 10, 8, 8, 10, 92, 2),
(1679, 1498, 62, 6, 8, 6, 6, 8, 6, 6, 6, 6, 6, 64, 2),
(1680, 1509, 65, 10, 8, 10, 10, 10, 10, 10, 10, 10, 10, 98, 2),
(1681, 1506, 61, 8, 8, 8, 8, 8, 8, 6, 8, 8, 10, 80, 2),
(1682, 1478, 64, 8, 8, 8, 8, 6, 10, 8, 8, 8, 10, 82, 2),
(1683, 1530, 61, 10, 8, 8, 8, 8, 8, 8, 8, 8, 10, 84, 1),
(1684, 1498, 63, 10, 10, 10, 10, 10, 10, 10, 10, 10, 10, 100, 2),
(1685, 1509, 66, 10, 8, 8, 6, 6, 8, 10, 8, 8, 8, 80, 2),
(1686, 1485, 58, 10, 10, 10, 10, 10, 8, 10, 10, 10, 4, 92, 1),
(1687, 1530, 63, 10, 10, 10, 10, 10, 10, 10, 10, 10, 10, 100, 1),
(1688, 1478, 65, 10, 10, 10, 10, 10, 10, 10, 10, 10, 8, 98, 2),
(1689, 1506, 62, 8, 8, 8, 8, 8, 8, 8, 8, 8, 8, 80, 2),
(1690, 1498, 64, 8, 8, 8, 8, 8, 8, 8, 8, 6, 6, 76, 2),
(1691, 1506, 63, 10, 10, 10, 10, 10, 10, 10, 10, 8, 10, 98, 2),
(1692, 1498, 65, 10, 8, 10, 8, 10, 10, 8, 8, 8, 10, 90, 2),
(1693, 1548, 63, 6, 8, 10, 8, 8, 10, 8, 10, 8, 8, 84, 1),
(1694, 1478, 66, 6, 6, 6, 6, 6, 8, 8, 6, 6, 8, 66, 2),
(1695, 1530, 62, 10, 8, 10, 8, 8, 10, 8, 10, 8, 8, 88, 1),
(1696, 1485, 59, 8, 4, 4, 10, 8, 8, 8, 6, 10, 10, 76, 1),
(1697, 1485, 60, 10, 10, 10, 10, 10, 10, 10, 10, 10, 10, 100, 1),
(1698, 1530, 64, 10, 8, 8, 8, 10, 8, 8, 10, 8, 10, 88, 1),
(1699, 1498, 66, 6, 8, 6, 8, 6, 8, 10, 8, 10, 8, 78, 2),
(1700, 1506, 64, 8, 10, 10, 8, 8, 10, 8, 10, 6, 8, 86, 2),
(1701, 1530, 66, 6, 8, 6, 8, 8, 8, 6, 8, 6, 8, 72, 1),
(1702, 1485, 61, 10, 6, 6, 8, 10, 6, 10, 10, 8, 10, 84, 1),
(1703, 1530, 65, 10, 10, 10, 10, 10, 10, 10, 10, 10, 10, 100, 1),
(1704, 1506, 65, 10, 10, 10, 10, 10, 10, 10, 10, 10, 10, 100, 2),
(1705, 1485, 62, 10, 6, 8, 8, 8, 8, 10, 8, 10, 10, 86, 1),
(1706, 1548, 64, 6, 8, 10, 8, 8, 10, 8, 10, 8, 10, 86, 1),
(1707, 1485, 63, 10, 10, 10, 10, 10, 10, 10, 10, 10, 10, 100, 1),
(1708, 1486, 58, 6, 4, 8, 10, 4, 4, 4, 8, 6, 6, 60, 1),
(1709, 1485, 64, 10, 10, 10, 10, 10, 10, 10, 10, 10, 10, 100, 1),
(1710, 1506, 66, 8, 8, 6, 8, 6, 8, 8, 8, 8, 8, 76, 2),
(1711, 1485, 65, 10, 10, 10, 10, 10, 10, 10, 10, 10, 10, 100, 1),
(1712, 1486, 59, 4, 4, 4, 4, 2, 6, 4, 6, 4, 6, 44, 1),
(1713, 1485, 66, 2, 2, 2, 2, 2, 2, 2, 2, 2, 2, 20, 1),
(1714, 1486, 60, 8, 8, 8, 10, 10, 8, 8, 10, 10, 10, 90, 1),
(1715, 1548, 60, 8, 8, 8, 10, 10, 10, 8, 8, 8, 8, 86, 1),
(1716, 1485, 58, 10, 10, 10, 10, 10, 10, 10, 10, 10, 10, 100, 2),
(1717, 1548, 58, 10, 10, 10, 8, 8, 8, 8, 8, 8, 10, 88, 1),
(1718, 1486, 61, 6, 4, 4, 6, 4, 8, 6, 4, 10, 4, 56, 1),
(1719, 1485, 59, 8, 8, 8, 8, 8, 8, 8, 8, 8, 8, 80, 2),
(1720, 1494, 58, 10, 10, 10, 10, 10, 10, 10, 10, 8, 10, 98, 2),
(1721, 1485, 60, 10, 10, 10, 10, 10, 10, 10, 10, 10, 10, 100, 2),
(1722, 1486, 62, 2, 2, 2, 2, 2, 2, 2, 2, 2, 2, 20, 1),
(1723, 1485, 61, 8, 8, 8, 8, 8, 8, 8, 8, 8, 8, 80, 2),
(1724, 1548, 59, 10, 8, 6, 10, 10, 6, 8, 6, 10, 10, 84, 1),
(1725, 1494, 59, 8, 8, 8, 10, 10, 10, 10, 10, 10, 10, 94, 2);
INSERT INTO `feedbacks` (`id`, `student_id`, `sa_id`, `q1`, `q2`, `q3`, `q4`, `q5`, `q6`, `q7`, `q8`, `q9`, `q10`, `sum`, `phase`) VALUES
(1726, 1530, 58, 10, 10, 10, 10, 10, 10, 10, 10, 10, 10, 100, 2),
(1727, 1485, 62, 2, 2, 2, 2, 2, 2, 2, 2, 2, 2, 20, 2),
(1728, 1494, 60, 10, 10, 10, 10, 10, 10, 10, 10, 10, 10, 100, 2),
(1729, 1548, 61, 10, 8, 8, 6, 6, 8, 8, 10, 10, 10, 84, 1),
(1730, 1485, 63, 10, 10, 10, 10, 10, 10, 10, 10, 10, 10, 100, 2),
(1731, 1530, 60, 10, 10, 10, 10, 10, 10, 10, 10, 10, 10, 100, 2),
(1732, 1486, 63, 10, 10, 10, 10, 10, 10, 10, 10, 10, 10, 100, 1),
(1733, 1485, 64, 10, 10, 10, 10, 10, 10, 10, 10, 10, 10, 100, 2),
(1734, 1530, 59, 8, 8, 6, 10, 8, 8, 10, 8, 10, 8, 84, 2),
(1735, 1494, 61, 6, 8, 8, 4, 6, 8, 10, 8, 8, 8, 74, 2),
(1736, 1548, 62, 8, 8, 6, 6, 6, 8, 8, 8, 6, 6, 70, 1),
(1737, 1486, 64, 10, 10, 10, 10, 10, 10, 10, 10, 10, 10, 100, 1),
(1738, 1485, 65, 10, 10, 10, 10, 10, 10, 10, 10, 10, 10, 100, 2),
(1739, 1530, 61, 8, 8, 10, 8, 8, 10, 8, 8, 6, 8, 82, 2),
(1740, 1548, 65, 10, 10, 10, 10, 10, 10, 8, 8, 8, 8, 92, 1),
(1741, 1486, 65, 10, 10, 10, 10, 10, 10, 10, 10, 10, 10, 100, 1),
(1742, 1494, 62, 8, 8, 8, 8, 8, 8, 8, 8, 10, 10, 84, 2),
(1743, 1485, 66, 2, 2, 2, 2, 2, 2, 2, 2, 2, 2, 20, 2),
(1744, 1530, 62, 6, 8, 6, 8, 8, 8, 8, 6, 8, 8, 74, 2),
(1745, 1486, 66, 2, 2, 2, 2, 2, 2, 2, 2, 2, 2, 20, 1),
(1746, 1494, 63, 10, 10, 10, 10, 10, 10, 10, 10, 10, 10, 100, 2),
(1747, 1530, 63, 10, 10, 10, 10, 10, 10, 10, 10, 10, 10, 100, 2),
(1748, 1548, 58, 8, 8, 8, 10, 8, 8, 8, 8, 8, 8, 82, 2),
(1749, 1530, 65, 10, 10, 10, 10, 10, 10, 10, 10, 10, 10, 100, 2),
(1750, 1494, 64, 8, 10, 10, 10, 10, 10, 10, 8, 8, 8, 92, 2),
(1751, 1548, 59, 8, 10, 8, 8, 8, 8, 8, 6, 8, 10, 82, 2),
(1752, 1530, 66, 8, 8, 6, 8, 8, 6, 8, 8, 6, 8, 74, 2),
(1753, 1494, 65, 10, 10, 10, 10, 10, 10, 10, 10, 10, 10, 100, 2),
(1754, 1548, 60, 10, 10, 10, 10, 10, 10, 10, 10, 8, 8, 96, 2),
(1755, 1486, 58, 6, 6, 4, 6, 4, 6, 8, 4, 6, 8, 58, 2),
(1756, 1548, 61, 8, 8, 8, 8, 8, 10, 8, 8, 8, 6, 80, 2),
(1757, 1486, 59, 6, 6, 4, 6, 4, 4, 6, 4, 6, 4, 50, 2),
(1758, 1530, 64, 10, 8, 8, 8, 10, 8, 8, 8, 8, 8, 84, 2),
(1759, 1494, 66, 8, 8, 10, 10, 10, 10, 10, 10, 10, 10, 96, 2),
(1760, 1548, 62, 6, 6, 6, 6, 6, 8, 6, 6, 6, 6, 62, 2),
(1761, 1486, 60, 10, 10, 10, 10, 10, 10, 10, 10, 10, 10, 100, 2),
(1762, 1548, 63, 8, 8, 8, 8, 8, 8, 8, 8, 6, 8, 78, 2),
(1763, 1486, 61, 6, 6, 4, 6, 4, 6, 4, 4, 4, 8, 52, 2),
(1764, 1486, 62, 2, 2, 2, 2, 2, 2, 2, 2, 2, 2, 20, 2),
(1765, 1548, 64, 8, 8, 8, 8, 8, 10, 8, 6, 6, 8, 78, 2),
(1766, 1486, 63, 10, 10, 10, 10, 10, 10, 10, 10, 10, 10, 100, 2),
(1767, 1486, 64, 10, 10, 10, 10, 10, 10, 10, 10, 10, 10, 100, 2),
(1768, 1548, 65, 10, 10, 10, 10, 10, 10, 8, 10, 10, 8, 96, 2),
(1769, 1486, 65, 10, 10, 10, 10, 10, 10, 10, 10, 10, 10, 100, 2),
(1770, 1548, 66, 6, 6, 6, 6, 8, 8, 6, 6, 6, 6, 64, 2),
(1771, 1486, 66, 2, 2, 2, 2, 2, 2, 2, 2, 2, 2, 20, 2),
(1772, 1147, 67, 10, 10, 10, 10, 10, 10, 10, 10, 10, 10, 100, 1),
(1773, 1147, 68, 10, 10, 10, 10, 10, 10, 10, 10, 10, 10, 100, 1),
(1774, 1182, 67, 10, 10, 10, 10, 8, 10, 10, 8, 8, 10, 94, 1),
(1775, 1147, 69, 10, 10, 10, 10, 10, 10, 10, 10, 10, 10, 100, 1),
(1776, 1182, 68, 10, 10, 10, 10, 10, 10, 10, 10, 10, 10, 100, 1),
(1777, 1182, 69, 10, 10, 10, 10, 10, 10, 10, 10, 10, 10, 100, 1),
(1778, 1182, 70, 10, 8, 10, 8, 10, 8, 10, 8, 10, 8, 90, 1),
(1779, 1147, 71, 6, 6, 2, 6, 4, 4, 8, 4, 2, 6, 48, 1),
(1780, 1182, 71, 4, 6, 4, 6, 4, 2, 4, 2, 4, 2, 38, 1),
(1781, 1147, 72, 10, 10, 10, 10, 10, 10, 10, 10, 10, 10, 100, 1),
(1782, 1147, 73, 10, 10, 10, 10, 10, 10, 10, 10, 10, 10, 100, 1),
(1783, 1182, 72, 10, 8, 10, 8, 8, 10, 8, 10, 8, 8, 88, 1),
(1784, 1147, 74, 10, 10, 10, 10, 10, 10, 10, 10, 10, 10, 100, 1),
(1785, 1182, 73, 10, 10, 10, 10, 10, 10, 10, 10, 10, 10, 100, 1),
(1786, 1147, 75, 10, 10, 10, 10, 10, 10, 10, 10, 10, 10, 100, 1),
(1787, 1147, 67, 10, 10, 10, 10, 10, 10, 10, 10, 10, 10, 100, 2),
(1788, 1182, 74, 10, 10, 10, 10, 10, 10, 10, 10, 10, 10, 100, 1),
(1789, 1147, 68, 10, 10, 10, 10, 10, 10, 10, 10, 10, 10, 100, 2),
(1790, 1147, 69, 10, 10, 10, 10, 10, 10, 10, 10, 10, 10, 100, 2),
(1791, 1147, 70, 10, 10, 10, 10, 10, 10, 10, 10, 10, 10, 100, 2),
(1792, 1147, 71, 4, 4, 4, 4, 4, 4, 2, 4, 4, 4, 38, 2),
(1793, 1147, 72, 10, 10, 10, 10, 10, 10, 10, 10, 10, 10, 100, 2),
(1794, 1147, 73, 10, 10, 10, 10, 10, 10, 10, 10, 10, 10, 100, 2),
(1795, 1147, 74, 10, 10, 10, 10, 10, 10, 10, 10, 10, 10, 100, 2),
(1796, 1147, 75, 10, 10, 10, 10, 10, 10, 10, 10, 10, 10, 100, 2),
(1797, 1182, 75, 10, 10, 10, 10, 10, 10, 10, 10, 10, 10, 100, 1),
(1798, 1182, 67, 10, 8, 10, 8, 10, 8, 10, 8, 8, 8, 88, 2),
(1799, 1182, 68, 10, 10, 10, 10, 10, 10, 10, 10, 10, 10, 100, 2),
(1800, 1182, 69, 10, 10, 10, 10, 10, 10, 10, 10, 10, 10, 100, 2),
(1801, 1182, 70, 10, 8, 10, 8, 10, 8, 10, 8, 10, 8, 90, 2),
(1802, 1182, 71, 10, 8, 10, 8, 10, 4, 6, 6, 4, 6, 72, 2),
(1803, 1182, 72, 10, 8, 10, 8, 10, 8, 10, 8, 10, 8, 90, 2),
(1804, 1182, 73, 10, 10, 10, 10, 10, 10, 10, 10, 10, 10, 100, 2),
(1805, 1182, 74, 10, 10, 10, 10, 10, 10, 10, 10, 10, 10, 100, 2),
(1806, 1182, 75, 10, 10, 10, 10, 10, 10, 10, 10, 10, 10, 100, 2),
(1807, 1306, 9, 10, 10, 10, 10, 10, 10, 10, 10, 10, 10, 100, 1),
(1808, 1312, 9, 10, 10, 10, 10, 10, 10, 10, 10, 10, 10, 100, 1),
(1809, 1306, 10, 10, 10, 10, 10, 10, 10, 10, 10, 10, 10, 100, 1),
(1810, 1312, 10, 10, 10, 10, 10, 10, 10, 10, 10, 10, 10, 100, 1),
(1811, 1312, 11, 10, 10, 10, 10, 10, 10, 10, 10, 10, 10, 100, 1),
(1812, 1306, 11, 8, 8, 10, 10, 10, 10, 10, 10, 10, 10, 96, 1),
(1813, 1313, 9, 8, 6, 8, 6, 4, 6, 8, 6, 10, 8, 70, 1),
(1814, 1283, 9, 8, 8, 8, 8, 8, 8, 8, 8, 8, 8, 80, 1),
(1815, 1298, 9, 10, 10, 10, 10, 10, 10, 10, 10, 10, 10, 100, 1),
(1816, 1306, 12, 10, 10, 10, 10, 10, 10, 10, 10, 10, 10, 100, 1),
(1817, 1312, 12, 10, 10, 10, 10, 10, 10, 10, 10, 10, 10, 100, 1),
(1818, 1300, 9, 10, 10, 10, 10, 10, 10, 10, 10, 10, 10, 100, 1),
(1819, 1291, 9, 10, 10, 10, 8, 8, 8, 8, 10, 8, 10, 90, 1),
(1820, 1306, 13, 10, 10, 10, 10, 10, 10, 10, 10, 10, 10, 100, 1),
(1821, 1283, 10, 8, 8, 8, 8, 8, 6, 8, 6, 8, 8, 76, 1),
(1822, 1318, 9, 8, 8, 8, 10, 8, 8, 8, 8, 10, 10, 86, 1),
(1823, 1312, 13, 10, 10, 10, 10, 10, 10, 10, 10, 10, 10, 100, 1),
(1824, 1306, 14, 10, 10, 10, 10, 10, 10, 10, 10, 10, 10, 100, 1),
(1825, 1291, 10, 8, 8, 10, 10, 10, 10, 6, 8, 10, 10, 90, 1),
(1826, 1300, 10, 10, 10, 10, 10, 10, 10, 10, 10, 10, 10, 100, 1),
(1827, 1298, 10, 10, 10, 10, 10, 10, 10, 10, 10, 10, 10, 100, 1),
(1828, 1290, 9, 10, 10, 8, 8, 8, 8, 10, 10, 10, 10, 92, 1),
(1829, 1312, 14, 10, 10, 10, 10, 10, 10, 10, 10, 10, 10, 100, 1),
(1830, 1297, 9, 2, 4, 6, 8, 10, 8, 6, 4, 2, 4, 54, 1),
(1831, 1283, 11, 8, 8, 8, 8, 8, 8, 8, 8, 8, 8, 80, 1),
(1832, 1291, 11, 8, 10, 10, 10, 8, 10, 10, 8, 10, 8, 92, 1),
(1833, 1306, 15, 10, 10, 10, 10, 10, 10, 10, 10, 10, 10, 100, 1),
(1834, 1298, 11, 10, 10, 10, 10, 10, 10, 10, 10, 10, 10, 100, 1),
(1835, 1300, 11, 10, 10, 10, 10, 10, 10, 10, 10, 10, 10, 100, 1),
(1836, 1291, 12, 10, 10, 10, 10, 8, 10, 10, 10, 8, 10, 96, 1),
(1837, 1286, 9, 10, 10, 10, 10, 10, 10, 10, 10, 10, 10, 100, 1),
(1838, 1306, 16, 10, 10, 10, 10, 10, 10, 10, 10, 10, 10, 100, 1),
(1839, 1312, 15, 10, 10, 10, 10, 10, 10, 10, 10, 10, 10, 100, 1),
(1840, 1291, 13, 8, 8, 10, 10, 10, 10, 6, 8, 10, 10, 90, 1),
(1841, 1290, 10, 10, 10, 8, 8, 8, 8, 8, 8, 8, 10, 86, 1),
(1842, 1283, 12, 8, 8, 8, 8, 8, 6, 8, 8, 8, 6, 76, 1),
(1843, 1291, 14, 8, 10, 10, 8, 10, 8, 10, 8, 10, 8, 90, 1),
(1844, 1312, 16, 10, 10, 10, 10, 10, 10, 10, 10, 10, 10, 100, 1),
(1845, 1313, 10, 4, 4, 2, 2, 2, 6, 6, 4, 4, 4, 38, 1),
(1846, 1305, 14, 8, 8, 6, 10, 8, 8, 8, 6, 10, 6, 78, 1),
(1847, 1291, 15, 8, 8, 8, 10, 6, 8, 10, 10, 8, 8, 84, 1),
(1848, 1306, 17, 10, 10, 10, 10, 10, 10, 10, 10, 10, 10, 100, 1),
(1849, 1290, 11, 10, 10, 8, 8, 10, 6, 6, 6, 8, 8, 80, 1),
(1850, 1301, 9, 10, 8, 8, 10, 10, 10, 10, 10, 10, 10, 96, 1),
(1851, 1283, 13, 8, 8, 8, 8, 8, 8, 8, 8, 8, 6, 78, 1),
(1852, 1291, 17, 8, 10, 10, 10, 10, 10, 8, 10, 10, 8, 94, 1),
(1853, 1295, 9, 8, 6, 8, 10, 10, 10, 8, 8, 8, 10, 86, 1),
(1854, 1308, 9, 10, 8, 6, 8, 6, 2, 6, 8, 6, 10, 70, 1),
(1855, 1300, 12, 10, 10, 8, 2, 2, 2, 4, 2, 4, 2, 46, 1),
(1856, 1283, 14, 8, 8, 8, 8, 6, 6, 6, 8, 8, 6, 72, 1),
(1857, 1312, 17, 10, 10, 10, 10, 10, 10, 10, 10, 10, 10, 100, 1),
(1858, 1290, 12, 8, 10, 8, 8, 8, 10, 10, 8, 8, 8, 86, 1),
(1859, 1308, 12, 8, 6, 10, 6, 4, 2, 6, 8, 10, 8, 68, 1),
(1860, 1286, 10, 8, 6, 6, 8, 8, 8, 8, 6, 6, 8, 72, 1),
(1861, 1318, 11, 8, 6, 8, 8, 6, 8, 6, 8, 8, 8, 74, 1),
(1862, 1310, 9, 10, 8, 8, 8, 6, 6, 6, 8, 8, 10, 78, 1),
(1863, 1283, 15, 8, 8, 8, 8, 8, 8, 8, 6, 8, 8, 78, 1),
(1864, 1290, 13, 8, 10, 8, 10, 10, 8, 10, 8, 8, 10, 90, 1),
(1865, 1291, 16, 10, 6, 8, 10, 8, 10, 8, 8, 10, 8, 86, 1),
(1866, 1298, 12, 10, 10, 10, 10, 2, 6, 10, 10, 6, 10, 84, 1),
(1867, 1301, 10, 10, 8, 8, 10, 10, 10, 10, 10, 10, 10, 96, 1),
(1868, 1292, 9, 8, 8, 10, 10, 8, 10, 10, 8, 8, 10, 90, 1),
(1869, 1306, 9, 10, 10, 10, 10, 10, 10, 10, 10, 10, 10, 100, 2),
(1870, 1308, 10, 10, 10, 8, 6, 2, 4, 6, 8, 10, 6, 70, 1),
(1871, 1283, 16, 8, 8, 8, 8, 8, 8, 8, 6, 6, 6, 74, 1),
(1872, 1298, 13, 10, 10, 10, 10, 10, 10, 10, 10, 10, 10, 100, 1),
(1873, 1306, 10, 10, 10, 10, 10, 10, 10, 10, 10, 10, 10, 100, 2),
(1874, 1305, 15, 8, 6, 6, 6, 8, 8, 10, 8, 10, 6, 76, 1),
(1875, 1283, 17, 8, 8, 8, 8, 8, 8, 8, 8, 8, 8, 80, 1),
(1876, 1308, 11, 10, 8, 6, 4, 2, 4, 6, 8, 10, 6, 64, 1),
(1877, 1318, 10, 8, 10, 8, 8, 10, 6, 6, 6, 8, 8, 78, 1),
(1878, 1300, 13, 10, 10, 10, 10, 10, 10, 10, 10, 10, 10, 100, 1),
(1879, 1308, 13, 10, 8, 6, 4, 2, 2, 4, 6, 8, 10, 60, 1),
(1880, 1301, 11, 10, 10, 10, 10, 10, 10, 10, 10, 10, 10, 100, 1),
(1881, 1300, 14, 2, 2, 2, 2, 2, 2, 2, 2, 2, 2, 20, 1),
(1882, 1297, 10, 10, 4, 6, 8, 8, 6, 8, 2, 4, 10, 66, 1),
(1883, 1290, 14, 10, 10, 8, 8, 8, 8, 8, 8, 10, 10, 88, 1),
(1884, 1306, 11, 10, 10, 10, 10, 10, 10, 10, 10, 10, 10, 100, 2),
(1885, 1309, 9, 8, 8, 6, 8, 8, 10, 8, 8, 10, 10, 84, 1),
(1886, 1312, 9, 10, 10, 10, 10, 10, 10, 10, 10, 10, 10, 100, 2),
(1887, 1300, 15, 10, 10, 10, 10, 10, 10, 10, 10, 10, 10, 100, 1),
(1888, 1292, 10, 10, 10, 8, 10, 10, 10, 10, 8, 8, 10, 94, 1),
(1889, 1313, 11, 4, 4, 2, 2, 2, 2, 6, 4, 2, 2, 30, 1),
(1890, 1308, 14, 8, 4, 6, 8, 4, 8, 8, 8, 6, 8, 68, 1),
(1891, 1295, 10, 8, 2, 2, 6, 8, 8, 8, 6, 8, 8, 64, 1),
(1892, 1290, 15, 8, 10, 8, 6, 6, 6, 6, 6, 6, 6, 68, 1),
(1893, 1312, 10, 10, 10, 10, 10, 10, 10, 10, 10, 10, 10, 100, 2),
(1894, 1306, 12, 10, 10, 10, 10, 10, 10, 10, 10, 10, 10, 100, 2),
(1895, 1318, 12, 8, 8, 8, 8, 8, 10, 8, 8, 10, 8, 84, 1),
(1896, 1297, 11, 10, 10, 10, 10, 4, 4, 10, 4, 6, 10, 78, 1),
(1897, 1298, 14, 10, 10, 6, 4, 2, 8, 6, 10, 4, 10, 70, 1),
(1898, 1301, 12, 10, 10, 10, 10, 10, 10, 10, 10, 10, 10, 100, 1),
(1899, 1312, 11, 10, 10, 10, 10, 10, 10, 10, 10, 10, 10, 100, 2),
(1900, 1310, 10, 8, 6, 8, 8, 8, 8, 6, 8, 8, 8, 76, 1),
(1901, 1308, 15, 10, 6, 8, 8, 6, 8, 8, 8, 8, 8, 78, 1),
(1902, 1306, 14, 10, 10, 10, 10, 10, 10, 10, 10, 10, 10, 100, 2),
(1903, 1312, 12, 10, 10, 10, 10, 10, 10, 10, 10, 10, 10, 100, 2),
(1904, 1293, 9, 8, 8, 10, 8, 8, 10, 6, 8, 8, 8, 82, 1),
(1905, 1301, 13, 10, 10, 10, 10, 10, 10, 10, 10, 10, 10, 100, 1),
(1906, 1298, 15, 10, 10, 10, 10, 10, 10, 10, 10, 10, 10, 100, 1),
(1907, 1308, 16, 8, 8, 6, 8, 10, 8, 6, 8, 6, 10, 78, 1),
(1908, 1297, 12, 10, 10, 10, 10, 10, 10, 8, 8, 10, 10, 96, 1),
(1909, 1306, 13, 10, 10, 10, 10, 10, 10, 10, 10, 10, 10, 100, 2),
(1910, 1312, 13, 10, 10, 10, 10, 10, 10, 10, 10, 10, 10, 100, 2),
(1911, 1283, 9, 6, 6, 6, 6, 6, 6, 6, 6, 6, 6, 60, 2),
(1912, 1290, 16, 8, 8, 8, 8, 8, 6, 6, 8, 8, 8, 76, 1),
(1913, 1308, 17, 10, 10, 10, 10, 10, 10, 10, 10, 10, 10, 100, 1),
(1914, 1298, 17, 10, 10, 10, 10, 10, 10, 10, 10, 10, 10, 100, 1),
(1915, 1292, 11, 10, 10, 10, 10, 10, 8, 10, 10, 8, 10, 96, 1),
(1916, 1312, 15, 10, 10, 10, 10, 10, 10, 10, 10, 10, 10, 100, 2),
(1917, 1283, 11, 6, 6, 6, 6, 6, 6, 6, 6, 6, 6, 60, 2),
(1918, 1306, 15, 10, 10, 10, 10, 10, 10, 10, 10, 10, 10, 100, 2),
(1919, 1300, 17, 10, 10, 10, 10, 10, 10, 10, 10, 10, 10, 100, 1),
(1920, 1297, 13, 10, 10, 10, 10, 10, 10, 10, 10, 10, 10, 100, 1),
(1921, 1305, 11, 8, 8, 6, 6, 8, 6, 10, 6, 8, 8, 74, 1),
(1922, 1312, 14, 10, 10, 10, 10, 10, 10, 10, 10, 10, 10, 100, 2),
(1923, 1318, 13, 8, 8, 8, 8, 6, 6, 6, 8, 6, 8, 72, 1),
(1924, 1292, 12, 10, 10, 10, 10, 10, 10, 10, 10, 10, 10, 100, 1),
(1925, 1283, 10, 6, 6, 6, 6, 6, 6, 6, 6, 6, 6, 60, 2),
(1926, 1301, 14, 8, 8, 10, 10, 10, 10, 10, 10, 10, 10, 96, 1),
(1927, 1306, 16, 10, 10, 10, 10, 10, 10, 10, 10, 10, 10, 100, 2),
(1928, 1298, 16, 6, 6, 6, 4, 2, 4, 6, 6, 4, 8, 52, 1),
(1929, 1300, 16, 6, 8, 6, 4, 4, 4, 4, 4, 4, 4, 48, 1),
(1930, 1313, 12, 8, 10, 10, 10, 10, 10, 10, 10, 10, 10, 98, 1),
(1931, 1286, 11, 6, 8, 6, 6, 6, 6, 6, 6, 4, 6, 60, 1),
(1932, 1295, 11, 8, 6, 4, 8, 8, 8, 8, 6, 6, 6, 68, 1),
(1933, 1290, 17, 6, 6, 8, 6, 4, 8, 8, 6, 8, 6, 66, 1),
(1934, 1283, 12, 6, 6, 6, 6, 6, 6, 6, 6, 6, 6, 60, 2),
(1935, 1293, 10, 8, 8, 10, 10, 10, 8, 10, 8, 8, 8, 88, 1),
(1936, 1310, 11, 8, 8, 8, 6, 8, 10, 8, 8, 8, 8, 80, 1),
(1937, 1305, 10, 10, 10, 10, 8, 10, 10, 6, 10, 10, 10, 94, 1),
(1938, 1281, 16, 10, 10, 10, 8, 10, 8, 10, 8, 10, 10, 94, 1),
(1939, 1306, 17, 10, 10, 10, 10, 10, 10, 10, 10, 10, 10, 100, 2),
(1940, 1289, 16, 8, 10, 10, 8, 8, 10, 8, 8, 10, 10, 90, 1),
(1941, 1312, 16, 10, 10, 10, 10, 10, 10, 10, 10, 10, 10, 100, 2),
(1942, 1292, 13, 10, 10, 10, 10, 10, 10, 10, 10, 8, 10, 98, 1),
(1943, 1320, 9, 8, 8, 8, 8, 8, 8, 6, 6, 8, 8, 76, 1),
(1944, 1296, 9, 10, 10, 10, 10, 10, 10, 10, 10, 10, 10, 100, 1),
(1945, 1309, 10, 6, 6, 10, 10, 8, 8, 6, 8, 6, 8, 76, 1),
(1946, 1300, 9, 10, 10, 10, 10, 10, 10, 10, 10, 10, 10, 100, 2),
(1947, 1297, 14, 10, 2, 2, 2, 2, 2, 10, 6, 2, 10, 48, 1),
(1948, 1312, 17, 10, 10, 10, 10, 10, 10, 10, 10, 10, 10, 100, 2),
(1949, 1298, 9, 10, 10, 10, 10, 10, 10, 10, 10, 10, 10, 100, 2),
(1950, 1308, 10, 10, 10, 10, 10, 10, 10, 10, 10, 10, 10, 100, 2),
(1951, 1301, 15, 8, 8, 10, 10, 8, 10, 6, 10, 10, 10, 90, 1),
(1952, 1305, 13, 8, 8, 6, 10, 10, 10, 10, 10, 10, 10, 92, 1),
(1953, 1283, 13, 6, 6, 6, 6, 4, 6, 4, 6, 4, 4, 52, 2),
(1954, 1296, 10, 10, 10, 10, 10, 10, 10, 10, 10, 10, 10, 100, 1),
(1955, 1300, 10, 10, 10, 10, 10, 10, 10, 10, 10, 10, 10, 100, 2),
(1956, 1286, 12, 6, 6, 4, 6, 6, 8, 6, 8, 4, 8, 62, 1),
(1957, 1297, 15, 4, 4, 4, 2, 2, 2, 4, 4, 2, 2, 30, 1),
(1958, 1293, 11, 8, 8, 10, 10, 10, 8, 10, 6, 6, 6, 82, 1),
(1959, 1298, 10, 10, 10, 10, 10, 10, 10, 10, 10, 10, 10, 100, 2),
(1960, 1292, 14, 10, 10, 10, 10, 10, 10, 10, 10, 10, 10, 100, 1),
(1961, 1308, 9, 10, 10, 10, 10, 10, 10, 10, 10, 10, 10, 100, 2),
(1962, 1283, 14, 4, 4, 4, 4, 4, 4, 4, 4, 4, 4, 40, 2),
(1963, 1296, 12, 10, 10, 10, 10, 10, 10, 10, 10, 10, 10, 100, 1),
(1964, 1300, 11, 10, 10, 10, 10, 10, 10, 10, 10, 10, 10, 100, 2),
(1965, 1295, 12, 10, 10, 10, 8, 8, 10, 8, 8, 8, 8, 88, 1),
(1966, 1313, 13, 6, 4, 6, 6, 4, 4, 6, 4, 4, 4, 48, 1),
(1967, 1301, 16, 10, 8, 10, 10, 10, 10, 10, 10, 10, 10, 98, 1),
(1968, 1305, 12, 10, 10, 10, 10, 8, 10, 10, 10, 10, 10, 98, 1),
(1969, 1297, 16, 8, 8, 8, 8, 6, 8, 6, 6, 10, 2, 70, 1),
(1970, 1296, 11, 10, 10, 10, 10, 10, 10, 10, 10, 10, 10, 100, 1),
(1971, 1298, 11, 10, 10, 10, 10, 10, 10, 10, 10, 10, 10, 100, 2),
(1972, 1281, 9, 8, 8, 8, 10, 8, 8, 8, 8, 8, 10, 84, 1),
(1973, 1308, 13, 10, 10, 10, 10, 10, 10, 10, 10, 10, 10, 100, 2),
(1974, 1293, 12, 8, 8, 10, 10, 8, 6, 10, 6, 10, 6, 82, 1),
(1975, 1283, 15, 6, 6, 6, 6, 6, 6, 6, 6, 6, 6, 60, 2),
(1976, 1305, 9, 10, 8, 10, 8, 10, 10, 10, 10, 10, 10, 96, 1),
(1977, 1296, 13, 10, 10, 10, 10, 10, 10, 10, 10, 10, 10, 100, 1),
(1978, 1314, 9, 10, 10, 8, 10, 10, 10, 10, 10, 10, 10, 98, 1),
(1979, 1293, 13, 10, 10, 10, 10, 10, 8, 8, 8, 10, 8, 92, 1),
(1980, 1302, 9, 10, 10, 10, 10, 10, 10, 10, 8, 10, 8, 96, 1),
(1981, 1292, 15, 10, 10, 10, 10, 10, 10, 10, 10, 8, 10, 98, 1),
(1982, 1308, 11, 10, 10, 10, 10, 10, 10, 10, 10, 10, 10, 100, 2),
(1983, 1289, 9, 8, 8, 8, 8, 8, 10, 8, 8, 6, 10, 82, 1),
(1984, 1301, 17, 10, 10, 10, 10, 10, 10, 10, 10, 10, 10, 100, 1),
(1985, 1310, 12, 8, 8, 8, 10, 10, 6, 6, 6, 6, 8, 76, 1),
(1986, 1309, 11, 6, 6, 6, 8, 6, 4, 4, 6, 4, 4, 54, 1),
(1987, 1297, 17, 10, 10, 10, 10, 10, 10, 10, 10, 10, 10, 100, 1),
(1988, 1308, 12, 10, 10, 10, 10, 10, 10, 10, 10, 10, 10, 100, 2),
(1989, 1296, 14, 10, 10, 10, 10, 10, 10, 10, 10, 10, 10, 100, 1),
(1990, 1286, 13, 10, 10, 8, 10, 8, 10, 8, 8, 6, 6, 84, 1),
(1991, 1302, 10, 10, 10, 10, 10, 10, 10, 8, 10, 10, 8, 96, 1),
(1992, 1300, 12, 10, 8, 4, 2, 4, 6, 4, 10, 2, 10, 60, 2),
(1993, 1305, 17, 10, 10, 10, 10, 10, 10, 10, 10, 10, 10, 100, 1),
(1994, 1290, 9, 10, 8, 8, 8, 8, 10, 10, 10, 10, 8, 90, 2),
(1995, 1283, 16, 6, 6, 6, 6, 6, 6, 6, 6, 6, 6, 60, 2),
(1996, 1292, 16, 10, 10, 10, 10, 10, 10, 10, 10, 10, 10, 100, 1),
(1997, 1308, 14, 10, 10, 10, 10, 10, 10, 10, 10, 10, 10, 100, 2),
(1998, 1296, 16, 10, 10, 10, 10, 10, 10, 10, 10, 10, 10, 100, 1),
(1999, 1300, 13, 10, 10, 10, 10, 10, 10, 10, 10, 10, 10, 100, 2),
(2000, 1314, 10, 10, 10, 10, 10, 10, 10, 10, 10, 10, 10, 100, 1),
(2001, 1305, 16, 10, 10, 10, 10, 10, 10, 10, 10, 10, 10, 100, 1),
(2002, 1302, 11, 10, 10, 10, 10, 10, 10, 10, 8, 10, 8, 96, 1),
(2003, 1308, 17, 10, 10, 10, 10, 10, 10, 10, 10, 10, 10, 100, 2),
(2004, 1318, 14, 8, 6, 8, 6, 8, 6, 8, 6, 6, 8, 70, 1),
(2005, 1283, 17, 6, 6, 6, 6, 6, 6, 10, 10, 10, 10, 76, 2),
(2006, 1320, 10, 6, 6, 8, 8, 6, 6, 8, 8, 6, 8, 70, 1),
(2007, 1290, 10, 6, 6, 4, 8, 6, 6, 4, 4, 6, 6, 56, 2),
(2008, 1296, 15, 10, 10, 10, 10, 10, 10, 10, 10, 10, 10, 100, 1),
(2009, 1300, 14, 2, 2, 2, 2, 2, 2, 2, 2, 2, 2, 20, 2),
(2010, 1298, 12, 10, 8, 6, 8, 2, 8, 6, 8, 4, 8, 68, 2),
(2011, 1313, 14, 6, 8, 8, 8, 8, 8, 6, 8, 6, 8, 74, 1),
(2012, 1297, 9, 10, 6, 8, 4, 10, 4, 10, 6, 8, 2, 68, 2),
(2013, 1308, 15, 10, 10, 10, 10, 10, 10, 10, 10, 10, 10, 100, 2),
(2014, 1302, 12, 10, 10, 10, 10, 10, 10, 10, 10, 8, 8, 96, 1),
(2015, 1295, 13, 4, 4, 6, 4, 8, 6, 8, 6, 6, 2, 54, 1),
(2016, 1293, 14, 8, 8, 6, 6, 10, 10, 10, 10, 8, 10, 86, 1),
(2017, 1286, 14, 8, 6, 6, 8, 10, 6, 8, 10, 8, 4, 74, 1),
(2018, 1281, 10, 10, 10, 8, 10, 10, 10, 8, 8, 8, 10, 92, 1),
(2019, 1296, 17, 10, 10, 10, 10, 10, 10, 10, 10, 10, 10, 100, 1),
(2020, 1309, 12, 10, 10, 10, 10, 10, 10, 8, 10, 10, 10, 98, 1),
(2021, 1300, 15, 10, 10, 10, 10, 10, 10, 10, 10, 10, 10, 100, 2),
(2022, 1297, 10, 4, 6, 4, 8, 2, 8, 2, 10, 2, 8, 54, 2),
(2023, 1289, 14, 8, 10, 8, 10, 8, 8, 10, 8, 8, 10, 88, 1),
(2024, 1308, 16, 10, 10, 10, 10, 10, 10, 10, 10, 10, 10, 100, 2),
(2025, 1298, 13, 10, 10, 10, 10, 10, 10, 10, 10, 10, 10, 100, 2),
(2026, 1310, 13, 8, 6, 6, 6, 6, 6, 6, 4, 6, 6, 60, 1),
(2027, 1302, 13, 10, 10, 10, 10, 10, 10, 10, 10, 10, 8, 98, 1),
(2028, 1300, 17, 10, 10, 10, 10, 10, 10, 10, 10, 10, 10, 100, 2),
(2029, 1318, 15, 8, 8, 8, 8, 8, 8, 8, 8, 8, 8, 80, 1),
(2030, 1290, 11, 6, 4, 4, 4, 6, 4, 6, 8, 4, 8, 54, 2),
(2031, 1297, 11, 10, 2, 10, 2, 10, 2, 10, 2, 10, 2, 60, 2),
(2032, 1286, 15, 8, 8, 6, 8, 10, 8, 10, 8, 6, 4, 76, 1),
(2033, 1281, 11, 10, 8, 10, 8, 10, 8, 10, 8, 10, 8, 90, 1),
(2034, 1320, 11, 8, 6, 8, 6, 6, 8, 6, 6, 6, 6, 66, 1),
(2035, 1318, 16, 10, 10, 10, 10, 10, 10, 10, 10, 10, 10, 100, 1),
(2036, 1314, 11, 10, 8, 6, 10, 10, 10, 8, 10, 8, 10, 90, 1),
(2037, 1290, 12, 4, 4, 6, 4, 6, 4, 6, 6, 6, 8, 54, 2),
(2038, 1318, 17, 10, 10, 10, 10, 10, 10, 10, 10, 10, 10, 100, 1),
(2039, 1293, 15, 6, 8, 8, 8, 8, 6, 8, 10, 10, 6, 78, 1),
(2040, 1297, 12, 2, 8, 2, 8, 2, 8, 2, 8, 2, 8, 50, 2),
(2041, 1296, 9, 10, 10, 10, 10, 10, 10, 10, 10, 10, 10, 100, 2),
(2042, 1300, 16, 6, 4, 10, 4, 4, 6, 4, 10, 4, 10, 62, 2),
(2043, 1286, 17, 10, 8, 8, 6, 8, 8, 6, 8, 8, 2, 72, 1),
(2044, 1289, 13, 8, 8, 8, 10, 8, 8, 8, 8, 10, 8, 84, 1),
(2045, 1302, 14, 10, 8, 10, 10, 10, 10, 10, 8, 10, 10, 96, 1),
(2046, 1281, 12, 10, 8, 10, 10, 8, 10, 8, 10, 8, 10, 92, 1),
(2047, 1314, 12, 10, 10, 10, 10, 10, 10, 10, 10, 10, 10, 100, 1),
(2048, 1309, 13, 8, 8, 8, 10, 8, 8, 6, 8, 6, 8, 78, 1),
(2049, 1298, 14, 10, 10, 6, 4, 2, 6, 4, 6, 4, 6, 58, 2),
(2050, 1290, 13, 6, 8, 8, 8, 10, 8, 8, 8, 8, 8, 80, 2),
(2051, 1296, 10, 10, 10, 10, 10, 10, 10, 10, 10, 10, 10, 100, 2),
(2052, 1297, 13, 2, 4, 4, 6, 6, 6, 6, 4, 4, 2, 44, 2),
(2053, 1293, 16, 6, 6, 8, 8, 8, 6, 8, 8, 8, 10, 76, 1),
(2054, 1286, 16, 6, 6, 8, 8, 6, 6, 4, 8, 4, 6, 62, 1),
(2055, 1295, 14, 8, 4, 4, 4, 4, 6, 6, 4, 6, 2, 48, 1),
(2056, 1296, 11, 10, 10, 10, 10, 10, 10, 10, 10, 10, 10, 100, 2),
(2057, 1302, 15, 6, 6, 6, 6, 6, 6, 6, 6, 6, 8, 62, 1),
(2058, 1292, 17, 10, 8, 10, 10, 10, 10, 8, 10, 8, 10, 94, 1),
(2059, 1290, 14, 4, 6, 6, 8, 8, 8, 4, 4, 4, 4, 56, 2),
(2060, 1320, 12, 8, 8, 8, 8, 6, 8, 8, 6, 8, 8, 76, 1),
(2061, 1293, 17, 10, 10, 10, 10, 10, 10, 10, 10, 10, 10, 100, 1),
(2062, 1297, 14, 4, 4, 6, 6, 8, 8, 6, 6, 4, 4, 56, 2),
(2063, 1298, 15, 10, 10, 10, 10, 10, 10, 10, 10, 10, 10, 100, 2),
(2064, 1314, 13, 10, 10, 6, 10, 10, 10, 10, 10, 10, 10, 96, 1),
(2065, 1289, 12, 8, 8, 10, 8, 10, 10, 8, 10, 8, 10, 90, 1),
(2066, 1302, 16, 8, 8, 8, 10, 8, 8, 8, 8, 8, 8, 82, 1),
(2067, 1310, 14, 8, 8, 8, 8, 6, 6, 4, 4, 6, 6, 64, 1),
(2068, 1313, 15, 4, 2, 2, 4, 4, 4, 2, 4, 4, 2, 32, 1),
(2069, 1297, 15, 2, 2, 2, 2, 2, 2, 2, 2, 2, 2, 20, 2),
(2070, 1295, 15, 8, 8, 6, 6, 6, 8, 8, 6, 6, 8, 70, 1),
(2071, 1296, 13, 10, 10, 10, 10, 10, 10, 10, 10, 10, 10, 100, 2),
(2072, 1302, 17, 8, 8, 8, 8, 8, 8, 8, 8, 8, 8, 80, 1),
(2073, 1298, 16, 8, 8, 6, 8, 2, 8, 6, 6, 6, 6, 64, 2),
(2074, 1309, 14, 8, 8, 6, 10, 10, 10, 8, 10, 6, 10, 86, 1),
(2075, 1290, 15, 8, 4, 4, 4, 4, 8, 6, 6, 6, 4, 54, 2),
(2076, 1297, 17, 4, 8, 8, 8, 8, 8, 8, 8, 10, 10, 80, 2),
(2077, 1318, 9, 8, 8, 8, 8, 8, 8, 6, 8, 10, 10, 82, 2),
(2078, 1291, 9, 10, 8, 8, 10, 8, 8, 10, 10, 8, 10, 90, 2),
(2079, 1314, 14, 10, 10, 10, 10, 10, 10, 10, 10, 10, 10, 100, 1),
(2080, 1295, 16, 8, 8, 8, 8, 8, 8, 8, 8, 8, 8, 80, 1),
(2081, 1320, 13, 8, 8, 8, 6, 8, 8, 6, 8, 8, 8, 76, 1),
(2082, 1296, 12, 10, 10, 10, 10, 10, 10, 10, 10, 10, 10, 100, 2),
(2083, 1298, 17, 10, 10, 10, 10, 10, 10, 10, 10, 10, 10, 100, 2),
(2084, 1289, 10, 8, 8, 8, 10, 8, 10, 8, 8, 8, 10, 86, 1),
(2085, 1313, 16, 10, 10, 10, 10, 10, 10, 10, 10, 10, 10, 100, 1),
(2086, 1291, 10, 8, 8, 10, 10, 8, 10, 8, 8, 10, 8, 88, 2),
(2087, 1297, 16, 8, 8, 8, 8, 10, 8, 8, 10, 8, 8, 84, 2),
(2088, 1290, 16, 4, 6, 8, 6, 4, 6, 6, 6, 6, 6, 58, 2),
(2089, 1295, 17, 8, 8, 8, 8, 8, 8, 6, 10, 8, 8, 80, 1),
(2090, 1286, 9, 6, 8, 8, 6, 8, 8, 6, 6, 6, 8, 70, 2),
(2091, 1296, 15, 10, 10, 10, 10, 10, 10, 10, 10, 10, 10, 100, 2),
(2092, 1318, 10, 8, 8, 8, 8, 10, 8, 6, 8, 10, 10, 84, 2),
(2093, 1291, 12, 10, 10, 10, 8, 8, 8, 10, 10, 8, 8, 90, 2),
(2094, 1310, 15, 6, 6, 6, 8, 8, 6, 6, 6, 4, 6, 62, 1),
(2095, 1296, 14, 10, 10, 10, 10, 10, 10, 10, 10, 10, 10, 100, 2),
(2096, 1314, 15, 10, 10, 10, 10, 10, 10, 10, 10, 10, 10, 100, 1),
(2097, 1291, 11, 6, 8, 8, 8, 8, 10, 10, 10, 8, 10, 86, 2),
(2098, 1290, 17, 4, 8, 8, 10, 10, 10, 6, 6, 6, 6, 74, 2),
(2099, 1320, 14, 8, 6, 8, 8, 8, 6, 8, 6, 8, 6, 72, 1),
(2100, 1318, 11, 8, 6, 8, 8, 8, 8, 6, 8, 8, 10, 78, 2),
(2101, 1309, 15, 8, 6, 6, 8, 6, 6, 4, 6, 2, 4, 56, 1),
(2102, 1289, 11, 8, 8, 8, 8, 8, 8, 8, 10, 8, 10, 84, 1),
(2103, 1296, 16, 10, 10, 10, 10, 10, 10, 10, 10, 10, 10, 100, 2),
(2104, 1314, 17, 10, 10, 10, 10, 10, 10, 10, 10, 10, 10, 100, 1),
(2105, 1291, 13, 10, 8, 10, 8, 10, 8, 10, 8, 10, 8, 90, 2),
(2106, 1318, 12, 8, 8, 8, 8, 10, 10, 8, 8, 10, 10, 88, 2),
(2107, 1291, 14, 10, 8, 10, 8, 10, 8, 10, 8, 10, 8, 90, 2),
(2108, 1310, 16, 8, 6, 6, 6, 8, 6, 6, 4, 6, 6, 62, 1),
(2109, 1286, 10, 8, 8, 6, 8, 8, 6, 8, 8, 8, 8, 76, 2),
(2110, 1296, 17, 10, 10, 10, 10, 10, 10, 10, 10, 10, 10, 100, 2),
(2111, 1295, 9, 8, 8, 8, 8, 8, 6, 6, 6, 8, 6, 72, 2),
(2112, 1291, 15, 10, 8, 10, 8, 10, 8, 10, 8, 10, 8, 90, 2),
(2113, 1289, 15, 8, 8, 8, 10, 8, 8, 8, 10, 8, 10, 86, 1),
(2114, 1309, 16, 10, 10, 10, 10, 8, 10, 10, 8, 10, 10, 96, 1),
(2115, 1320, 15, 8, 6, 8, 6, 6, 8, 6, 8, 6, 6, 68, 1),
(2116, 1318, 14, 8, 8, 8, 6, 8, 8, 6, 8, 6, 8, 74, 2),
(2117, 1314, 16, 10, 10, 10, 10, 10, 10, 10, 10, 10, 10, 100, 1),
(2118, 1291, 16, 6, 8, 10, 8, 8, 8, 10, 8, 8, 10, 84, 2),
(2119, 1286, 11, 10, 8, 8, 8, 6, 8, 8, 8, 8, 8, 80, 2),
(2120, 1291, 17, 10, 8, 10, 8, 10, 8, 8, 8, 10, 8, 88, 2),
(2121, 1310, 17, 8, 6, 8, 6, 6, 6, 6, 6, 6, 6, 64, 1),
(2122, 1295, 10, 8, 6, 4, 2, 4, 6, 8, 10, 8, 6, 62, 2),
(2123, 1318, 13, 8, 10, 8, 8, 8, 8, 6, 8, 8, 10, 82, 2),
(2124, 1320, 16, 6, 8, 6, 8, 8, 6, 6, 8, 6, 8, 70, 1),
(2125, 1293, 9, 8, 10, 8, 10, 10, 10, 10, 8, 10, 8, 92, 2),
(2126, 1286, 12, 6, 6, 8, 8, 8, 8, 8, 10, 8, 8, 78, 2),
(2127, 1289, 17, 8, 10, 10, 10, 10, 8, 8, 10, 10, 10, 94, 1),
(2128, 1309, 17, 8, 8, 8, 8, 8, 10, 6, 8, 4, 6, 74, 1),
(2129, 1286, 13, 8, 6, 8, 8, 8, 10, 8, 8, 8, 8, 80, 2),
(2130, 1305, 9, 10, 10, 10, 10, 10, 10, 10, 10, 10, 10, 100, 2),
(2131, 1318, 15, 8, 8, 10, 8, 10, 8, 10, 8, 10, 10, 90, 2),
(2132, 1320, 17, 6, 8, 8, 6, 8, 6, 8, 8, 8, 6, 72, 1),
(2133, 1305, 10, 10, 10, 10, 10, 10, 10, 10, 10, 10, 10, 100, 2),
(2134, 1286, 14, 6, 8, 8, 8, 8, 8, 8, 6, 8, 8, 76, 2),
(2135, 1318, 16, 10, 10, 10, 10, 10, 10, 10, 10, 10, 10, 100, 2),
(2136, 1305, 11, 10, 10, 10, 10, 10, 10, 10, 10, 10, 10, 100, 2),
(2137, 1295, 11, 8, 6, 8, 6, 8, 6, 8, 6, 8, 6, 70, 2),
(2138, 1286, 16, 8, 8, 8, 6, 6, 6, 6, 8, 8, 6, 70, 2),
(2139, 1318, 17, 10, 10, 10, 10, 10, 10, 10, 10, 10, 10, 100, 2),
(2140, 1305, 12, 10, 10, 10, 10, 10, 10, 10, 10, 10, 10, 100, 2),
(2141, 1295, 12, 8, 8, 6, 6, 6, 8, 8, 8, 6, 6, 70, 2),
(2142, 1286, 15, 6, 8, 8, 8, 6, 8, 8, 8, 8, 10, 78, 2),
(2143, 1305, 13, 10, 10, 10, 10, 10, 10, 10, 10, 10, 10, 100, 2),
(2144, 1305, 14, 10, 10, 10, 10, 10, 10, 10, 10, 10, 10, 100, 2),
(2145, 1295, 13, 8, 8, 6, 6, 8, 8, 6, 6, 8, 8, 72, 2),
(2146, 1313, 17, 6, 4, 8, 6, 8, 8, 8, 8, 8, 8, 72, 1),
(2147, 1305, 15, 10, 10, 10, 10, 10, 10, 10, 10, 10, 10, 100, 2),
(2148, 1295, 14, 8, 6, 8, 6, 8, 8, 6, 8, 8, 8, 74, 2),
(2149, 1305, 16, 10, 10, 10, 10, 10, 10, 10, 10, 10, 10, 100, 2),
(2150, 1295, 15, 6, 6, 8, 8, 8, 8, 8, 8, 6, 6, 72, 2),
(2151, 1305, 17, 10, 10, 10, 10, 10, 10, 10, 10, 10, 10, 100, 2),
(2152, 1295, 16, 8, 8, 8, 8, 8, 6, 6, 8, 8, 6, 74, 2),
(2153, 1287, 9, 10, 10, 10, 10, 10, 10, 10, 10, 10, 10, 100, 1),
(2154, 1313, 9, 6, 6, 4, 6, 4, 6, 4, 4, 6, 6, 52, 2),
(2155, 1295, 17, 6, 10, 10, 8, 8, 6, 6, 6, 6, 10, 76, 2),
(2156, 1313, 10, 4, 4, 6, 4, 6, 4, 8, 6, 4, 6, 52, 2),
(2157, 1313, 11, 4, 2, 4, 2, 2, 4, 2, 4, 2, 2, 28, 2),
(2158, 1282, 9, 6, 10, 10, 10, 10, 10, 10, 10, 10, 10, 96, 1),
(2159, 1309, 9, 6, 8, 8, 8, 8, 8, 8, 6, 8, 8, 76, 2),
(2160, 1313, 12, 10, 10, 10, 10, 10, 10, 10, 10, 10, 10, 100, 2),
(2161, 1287, 10, 10, 8, 8, 10, 10, 10, 10, 8, 10, 10, 94, 1),
(2162, 1313, 13, 6, 6, 4, 8, 6, 8, 8, 6, 8, 8, 68, 2),
(2163, 1309, 10, 8, 8, 8, 10, 8, 8, 6, 8, 6, 6, 76, 2),
(2164, 1293, 12, 8, 8, 6, 8, 10, 8, 8, 8, 8, 8, 80, 2),
(2165, 1313, 14, 8, 10, 8, 8, 8, 10, 8, 8, 10, 10, 88, 2),
(2166, 1293, 13, 8, 10, 10, 10, 8, 8, 8, 10, 10, 10, 92, 2),
(2167, 1313, 15, 6, 4, 4, 4, 2, 4, 2, 4, 2, 6, 38, 2),
(2168, 1282, 10, 8, 10, 10, 10, 10, 8, 10, 10, 10, 10, 96, 1),
(2169, 1309, 11, 6, 6, 8, 10, 6, 6, 6, 6, 6, 6, 66, 2),
(2170, 1287, 11, 10, 10, 8, 8, 10, 10, 10, 10, 8, 10, 94, 1),
(2171, 1281, 13, 10, 8, 10, 8, 10, 10, 10, 10, 8, 10, 94, 1),
(2172, 1293, 10, 10, 10, 10, 8, 8, 8, 8, 10, 8, 10, 90, 2),
(2173, 1313, 16, 10, 10, 10, 10, 10, 10, 10, 10, 10, 10, 100, 2),
(2174, 1281, 14, 10, 10, 8, 10, 8, 10, 8, 10, 10, 8, 92, 1),
(2175, 1313, 17, 8, 6, 8, 8, 8, 6, 4, 8, 6, 8, 70, 2),
(2176, 1287, 12, 10, 8, 8, 8, 10, 10, 10, 10, 10, 10, 94, 1),
(2177, 1309, 12, 10, 10, 10, 10, 10, 10, 8, 8, 10, 10, 96, 2),
(2178, 1282, 11, 6, 10, 10, 10, 10, 10, 10, 10, 10, 10, 96, 1),
(2179, 1281, 15, 8, 10, 10, 8, 10, 8, 8, 8, 10, 10, 90, 1),
(2180, 1289, 9, 8, 8, 10, 10, 8, 10, 8, 8, 10, 8, 88, 2),
(2181, 1293, 16, 8, 8, 8, 6, 10, 8, 6, 8, 8, 8, 78, 2),
(2182, 1320, 9, 8, 10, 10, 8, 8, 8, 8, 8, 6, 8, 82, 2),
(2183, 1309, 13, 8, 8, 8, 10, 8, 8, 8, 8, 6, 6, 78, 2),
(2184, 1287, 13, 8, 8, 6, 6, 6, 8, 8, 8, 6, 6, 70, 1),
(2185, 1281, 17, 10, 8, 10, 10, 8, 10, 10, 8, 10, 10, 94, 1),
(2186, 1282, 12, 8, 10, 10, 10, 10, 10, 10, 10, 10, 10, 98, 1),
(2187, 1293, 11, 6, 6, 8, 8, 6, 10, 8, 8, 6, 4, 70, 2),
(2188, 1289, 10, 8, 8, 10, 8, 10, 10, 8, 8, 8, 10, 88, 2),
(2189, 1320, 11, 10, 6, 8, 8, 6, 8, 8, 8, 8, 6, 76, 2),
(2190, 1281, 9, 10, 8, 10, 8, 10, 10, 8, 10, 8, 8, 90, 2),
(2191, 1293, 15, 8, 8, 8, 8, 10, 8, 8, 8, 6, 10, 82, 2),
(2192, 1309, 14, 8, 8, 6, 10, 8, 8, 8, 8, 6, 8, 78, 2),
(2193, 1320, 10, 8, 6, 6, 8, 6, 6, 6, 6, 8, 8, 68, 2),
(2194, 1287, 14, 6, 6, 8, 6, 8, 8, 8, 10, 10, 10, 80, 1),
(2195, 1281, 10, 10, 8, 10, 8, 10, 8, 10, 8, 10, 10, 92, 2),
(2196, 1282, 13, 8, 10, 10, 10, 10, 10, 10, 10, 10, 10, 98, 1),
(2197, 1289, 11, 8, 8, 10, 8, 8, 8, 8, 8, 8, 8, 82, 2),
(2198, 1293, 14, 8, 6, 10, 10, 8, 8, 10, 8, 10, 10, 88, 2),
(2199, 1287, 15, 10, 10, 10, 10, 10, 10, 10, 10, 10, 10, 100, 1),
(2200, 1282, 14, 8, 10, 10, 10, 10, 10, 10, 10, 10, 10, 98, 1),
(2201, 1281, 11, 10, 8, 10, 10, 8, 10, 10, 10, 10, 8, 94, 2),
(2202, 1320, 12, 10, 8, 8, 8, 8, 6, 8, 8, 8, 6, 78, 2),
(2203, 1309, 15, 6, 8, 8, 10, 6, 6, 6, 6, 4, 6, 66, 2),
(2204, 1289, 12, 8, 10, 10, 10, 8, 10, 8, 8, 10, 10, 92, 2),
(2205, 1293, 17, 10, 8, 8, 10, 10, 10, 8, 10, 10, 8, 92, 2),
(2206, 1282, 15, 10, 10, 10, 10, 10, 10, 10, 10, 10, 10, 100, 1),
(2207, 1314, 14, 10, 10, 10, 10, 10, 10, 10, 10, 10, 10, 100, 2),
(2208, 1320, 13, 8, 6, 8, 8, 6, 8, 8, 6, 8, 8, 74, 2),
(2209, 1282, 16, 10, 10, 10, 10, 10, 10, 10, 10, 10, 8, 98, 1),
(2210, 1281, 13, 8, 8, 10, 10, 8, 10, 10, 8, 10, 8, 90, 2),
(2211, 1309, 16, 10, 10, 10, 10, 8, 10, 8, 10, 10, 10, 96, 2),
(2212, 1289, 13, 8, 8, 8, 8, 8, 8, 10, 8, 10, 10, 86, 2),
(2213, 1287, 16, 10, 6, 10, 10, 10, 10, 10, 10, 10, 10, 96, 1),
(2214, 1281, 16, 10, 8, 10, 10, 10, 8, 8, 8, 10, 10, 92, 2),
(2215, 1282, 17, 8, 10, 10, 10, 10, 10, 10, 10, 10, 10, 98, 1),
(2216, 1320, 14, 8, 6, 8, 6, 8, 6, 8, 8, 8, 8, 74, 2),
(2217, 1314, 12, 10, 10, 10, 10, 10, 10, 10, 10, 10, 10, 100, 2),
(2218, 1289, 14, 8, 10, 10, 8, 10, 8, 10, 8, 10, 10, 92, 2),
(2219, 1281, 14, 8, 8, 10, 10, 10, 10, 8, 8, 8, 10, 90, 2),
(2220, 1301, 9, 10, 10, 10, 10, 10, 10, 10, 10, 10, 10, 100, 2),
(2221, 1309, 17, 8, 8, 8, 10, 8, 8, 6, 8, 4, 4, 72, 2),
(2222, 1314, 13, 10, 10, 10, 10, 10, 10, 10, 10, 10, 10, 100, 2),
(2223, 1289, 15, 8, 8, 8, 8, 8, 8, 8, 8, 8, 10, 82, 2),
(2224, 1320, 15, 6, 8, 8, 6, 6, 6, 8, 6, 8, 8, 70, 2),
(2225, 1287, 17, 6, 10, 8, 10, 10, 10, 10, 10, 10, 10, 94, 1),
(2226, 1281, 12, 10, 10, 10, 10, 10, 8, 10, 8, 10, 8, 94, 2),
(2227, 1301, 10, 10, 10, 10, 10, 10, 10, 10, 10, 10, 10, 100, 2),
(2228, 1314, 10, 10, 10, 10, 10, 10, 10, 10, 10, 10, 10, 100, 2),
(2229, 1292, 9, 8, 10, 10, 10, 10, 8, 10, 8, 10, 10, 94, 2),
(2230, 1289, 16, 8, 8, 10, 10, 8, 10, 8, 8, 10, 10, 90, 2),
(2231, 1320, 16, 10, 6, 8, 8, 6, 8, 8, 6, 6, 8, 74, 2),
(2232, 1301, 11, 10, 10, 10, 10, 10, 10, 10, 10, 10, 10, 100, 2),
(2233, 1282, 9, 8, 10, 10, 10, 10, 10, 10, 10, 10, 10, 98, 2),
(2234, 1314, 9, 10, 10, 10, 10, 10, 10, 10, 10, 10, 10, 100, 2),
(2235, 1281, 15, 10, 8, 10, 10, 8, 10, 8, 8, 10, 10, 92, 2),
(2236, 1289, 17, 10, 10, 10, 10, 10, 10, 8, 10, 10, 10, 98, 2),
(2237, 1292, 10, 10, 10, 10, 10, 10, 10, 10, 10, 10, 10, 100, 2),
(2238, 1301, 12, 10, 10, 10, 10, 10, 10, 10, 10, 10, 10, 100, 2),
(2239, 1281, 17, 10, 10, 8, 10, 10, 8, 10, 10, 10, 10, 96, 2),
(2240, 1320, 17, 6, 8, 8, 8, 8, 8, 8, 8, 6, 8, 76, 2),
(2241, 1282, 10, 8, 10, 10, 10, 10, 10, 10, 10, 10, 10, 98, 2),
(2242, 1314, 11, 10, 10, 10, 10, 10, 10, 10, 10, 10, 10, 100, 2),
(2243, 1287, 9, 10, 10, 10, 10, 10, 10, 10, 10, 10, 10, 100, 2),
(2244, 1310, 9, 8, 8, 8, 6, 8, 6, 6, 6, 6, 6, 68, 2),
(2245, 1301, 13, 10, 10, 10, 10, 10, 10, 10, 10, 10, 10, 100, 2),
(2246, 1286, 17, 10, 8, 6, 6, 4, 6, 4, 6, 6, 4, 60, 2),
(2247, 1292, 11, 10, 10, 10, 10, 10, 10, 10, 10, 10, 10, 100, 2),
(2248, 1282, 11, 8, 10, 10, 10, 10, 10, 10, 10, 10, 10, 98, 2),
(2249, 1314, 17, 10, 10, 10, 10, 10, 10, 10, 10, 10, 10, 100, 2),
(2250, 1287, 10, 8, 8, 10, 8, 8, 10, 10, 10, 10, 10, 92, 2),
(2251, 1292, 12, 10, 10, 10, 10, 10, 10, 10, 10, 10, 10, 100, 2),
(2252, 1282, 12, 8, 10, 10, 10, 10, 10, 10, 10, 10, 10, 98, 2),
(2253, 1314, 16, 10, 10, 10, 10, 10, 10, 10, 10, 10, 10, 100, 2),
(2254, 1310, 10, 8, 6, 6, 8, 8, 6, 6, 6, 6, 6, 66, 2),
(2255, 1301, 14, 10, 10, 10, 10, 10, 10, 10, 10, 10, 10, 100, 2),
(2256, 1292, 13, 10, 10, 10, 10, 10, 10, 10, 10, 10, 10, 100, 2),
(2257, 1310, 11, 8, 6, 8, 8, 8, 6, 6, 6, 8, 8, 72, 2),
(2258, 1287, 11, 8, 8, 8, 6, 10, 10, 10, 10, 10, 10, 90, 2),
(2259, 1301, 15, 10, 10, 10, 10, 10, 10, 10, 10, 10, 10, 100, 2),
(2260, 1282, 13, 8, 10, 10, 10, 10, 10, 10, 10, 10, 10, 98, 2),
(2261, 1314, 15, 10, 10, 10, 10, 10, 10, 10, 10, 10, 10, 100, 2),
(2262, 1310, 12, 8, 8, 6, 8, 8, 6, 8, 8, 6, 6, 72, 2),
(2263, 1301, 16, 10, 10, 10, 10, 10, 10, 10, 10, 10, 10, 100, 2),
(2264, 1287, 12, 10, 10, 10, 10, 8, 10, 8, 10, 10, 10, 96, 2),
(2265, 1282, 14, 8, 10, 10, 10, 10, 10, 10, 10, 10, 10, 98, 2),
(2266, 1302, 9, 6, 4, 6, 4, 6, 6, 4, 6, 6, 6, 54, 2),
(2267, 1310, 13, 6, 8, 8, 8, 8, 8, 8, 8, 6, 6, 74, 2),
(2268, 1292, 14, 10, 10, 10, 10, 10, 10, 10, 10, 10, 10, 100, 2),
(2269, 1282, 15, 8, 10, 10, 10, 10, 10, 10, 10, 10, 10, 98, 2),
(2270, 1310, 14, 8, 8, 8, 8, 6, 8, 8, 8, 8, 8, 78, 2),
(2271, 1287, 13, 10, 10, 10, 8, 8, 6, 6, 6, 10, 10, 84, 2),
(2272, 1301, 17, 10, 10, 10, 10, 10, 10, 10, 10, 10, 10, 100, 2),
(2273, 1292, 15, 10, 10, 10, 10, 10, 10, 10, 10, 10, 10, 100, 2),
(2274, 1310, 15, 8, 8, 8, 8, 6, 6, 6, 6, 6, 8, 70, 2),
(2275, 1302, 11, 4, 2, 4, 4, 2, 4, 4, 4, 4, 2, 34, 2),
(2276, 1287, 14, 10, 10, 10, 10, 10, 10, 8, 10, 10, 10, 98, 2),
(2277, 1292, 16, 10, 10, 10, 10, 10, 10, 10, 10, 10, 10, 100, 2),
(2278, 1282, 16, 8, 10, 10, 10, 10, 10, 10, 10, 10, 10, 98, 2),
(2279, 1310, 16, 8, 8, 8, 8, 8, 8, 8, 8, 8, 8, 80, 2),
(2280, 1302, 10, 8, 6, 4, 4, 6, 6, 4, 4, 6, 6, 54, 2),
(2281, 1310, 17, 10, 8, 8, 8, 8, 2, 2, 2, 2, 2, 52, 2),
(2282, 1292, 17, 10, 10, 10, 10, 10, 10, 10, 10, 10, 10, 100, 2),
(2283, 1287, 15, 10, 10, 10, 10, 10, 10, 10, 10, 10, 8, 98, 2),
(2284, 1302, 13, 6, 6, 4, 6, 6, 8, 8, 8, 6, 6, 64, 2),
(2285, 1302, 12, 8, 8, 8, 8, 8, 8, 8, 6, 6, 8, 76, 2),
(2286, 1287, 16, 8, 10, 10, 10, 10, 10, 10, 10, 10, 10, 98, 2),
(2287, 1287, 17, 10, 10, 10, 10, 10, 10, 10, 10, 10, 10, 100, 2),
(2288, 1302, 14, 8, 8, 6, 8, 6, 8, 8, 6, 6, 8, 72, 2),
(2289, 1302, 15, 2, 6, 6, 4, 6, 4, 4, 4, 6, 6, 48, 2),
(2290, 1302, 16, 8, 8, 10, 8, 8, 8, 8, 8, 8, 8, 82, 2),
(2291, 1302, 17, 8, 4, 6, 6, 6, 4, 8, 8, 8, 8, 66, 2),
(2292, 1282, 17, 8, 10, 10, 10, 10, 10, 10, 10, 10, 8, 96, 2),
(2293, 1367, 1, 10, 10, 6, 8, 10, 10, 8, 10, 10, 10, 92, 1),
(2294, 1346, 1, 10, 10, 10, 10, 10, 10, 6, 8, 10, 10, 94, 1),
(2295, 1371, 1, 10, 10, 8, 10, 10, 10, 10, 8, 8, 10, 94, 1),
(2296, 1384, 1, 10, 10, 8, 10, 10, 10, 10, 8, 8, 10, 94, 1),
(2297, 1347, 1, 10, 10, 10, 10, 10, 10, 10, 8, 8, 10, 96, 1),
(2298, 1350, 1, 10, 10, 10, 10, 10, 8, 10, 10, 6, 10, 94, 1),
(2299, 1366, 1, 8, 8, 6, 10, 10, 8, 10, 6, 8, 10, 84, 1),
(2300, 1349, 1, 8, 8, 8, 8, 8, 8, 8, 8, 10, 10, 84, 1),
(2301, 1367, 2, 10, 10, 8, 10, 10, 10, 4, 8, 8, 8, 86, 1),
(2302, 1371, 2, 10, 8, 8, 10, 10, 10, 6, 10, 8, 10, 90, 1),
(2303, 1384, 2, 10, 8, 8, 10, 10, 10, 6, 10, 8, 10, 90, 1),
(2304, 1338, 4, 10, 6, 8, 10, 8, 8, 10, 6, 6, 6, 78, 1),
(2305, 1347, 2, 10, 10, 8, 10, 10, 10, 6, 10, 8, 10, 92, 1),
(2306, 1324, 1, 10, 10, 10, 10, 10, 10, 10, 10, 8, 10, 98, 1),
(2307, 1370, 1, 10, 10, 10, 10, 10, 10, 10, 10, 8, 10, 98, 1),
(2308, 1338, 1, 10, 10, 10, 10, 10, 10, 10, 10, 10, 10, 100, 1),
(2309, 1350, 2, 6, 8, 6, 10, 10, 6, 8, 6, 6, 6, 72, 1),
(2310, 1371, 3, 6, 6, 6, 6, 8, 10, 8, 10, 8, 6, 74, 1),
(2311, 1384, 3, 6, 6, 6, 6, 8, 10, 8, 10, 10, 8, 78, 1),
(2312, 1366, 4, 6, 4, 4, 2, 6, 4, 4, 2, 4, 2, 38, 1),
(2313, 1347, 3, 6, 6, 8, 6, 6, 10, 8, 8, 6, 8, 72, 1),
(2314, 1346, 2, 8, 8, 10, 8, 8, 8, 4, 6, 10, 8, 78, 1),
(2315, 1358, 1, 10, 8, 8, 8, 10, 8, 8, 10, 10, 10, 90, 1),
(2316, 1367, 3, 10, 6, 10, 6, 6, 10, 6, 6, 6, 10, 76, 1),
(2317, 1371, 4, 8, 6, 8, 8, 8, 8, 10, 8, 10, 4, 78, 1),
(2318, 1338, 2, 10, 6, 8, 10, 6, 8, 10, 8, 6, 10, 82, 1),
(2319, 1326, 1, 6, 8, 8, 8, 6, 6, 6, 6, 6, 8, 68, 1),
(2320, 1384, 4, 6, 6, 8, 8, 10, 10, 8, 10, 10, 10, 86, 1),
(2321, 1363, 1, 10, 8, 6, 8, 8, 8, 8, 8, 8, 8, 80, 1),
(2322, 1323, 1, 10, 8, 6, 10, 10, 10, 10, 10, 8, 10, 92, 1),
(2323, 1363, 2, 8, 8, 8, 8, 8, 8, 8, 8, 8, 8, 80, 1),
(2324, 1323, 2, 10, 10, 10, 10, 10, 10, 10, 10, 10, 8, 98, 1),
(2325, 1367, 4, 4, 4, 10, 4, 10, 10, 10, 8, 6, 4, 70, 1),
(2326, 1330, 1, 10, 10, 10, 10, 10, 10, 10, 10, 10, 10, 100, 1),
(2327, 1387, 4, 4, 4, 4, 4, 4, 4, 4, 4, 4, 4, 40, 1),
(2328, 1325, 4, 10, 6, 8, 6, 10, 8, 10, 6, 10, 4, 78, 1),
(2329, 1324, 2, 10, 8, 8, 10, 10, 10, 8, 8, 10, 10, 92, 1),
(2330, 1372, 1, 8, 8, 8, 8, 8, 8, 8, 8, 8, 8, 80, 1),
(2331, 1358, 2, 10, 6, 6, 8, 8, 8, 4, 10, 8, 8, 76, 1),
(2332, 1357, 1, 10, 10, 10, 10, 10, 10, 10, 10, 10, 10, 100, 1),
(2333, 1370, 2, 10, 8, 8, 8, 10, 8, 6, 10, 8, 8, 84, 1),
(2334, 1387, 1, 10, 10, 10, 10, 10, 10, 10, 10, 10, 10, 100, 1),
(2335, 1347, 4, 8, 8, 8, 8, 8, 8, 8, 8, 8, 6, 78, 1),
(2336, 1357, 2, 8, 8, 8, 8, 8, 8, 8, 8, 8, 8, 80, 1),
(2337, 1323, 3, 8, 8, 10, 6, 8, 10, 6, 8, 8, 10, 82, 1),
(2338, 1387, 2, 8, 8, 8, 8, 8, 8, 8, 8, 8, 8, 80, 1),
(2339, 1346, 3, 6, 4, 6, 4, 4, 6, 4, 4, 6, 8, 52, 1),
(2340, 1372, 2, 6, 8, 6, 8, 6, 8, 6, 8, 6, 8, 70, 1),
(2341, 1350, 3, 8, 8, 8, 8, 8, 8, 8, 6, 6, 4, 72, 1),
(2342, 1330, 2, 10, 10, 10, 10, 10, 10, 10, 10, 10, 10, 100, 1),
(2343, 1326, 2, 10, 6, 6, 6, 8, 8, 4, 8, 6, 8, 70, 1),
(2344, 1363, 3, 8, 8, 6, 6, 6, 8, 6, 6, 6, 8, 68, 1),
(2345, 1357, 3, 10, 10, 10, 10, 10, 10, 10, 10, 10, 10, 100, 1),
(2346, 1324, 3, 8, 8, 8, 8, 10, 10, 8, 8, 8, 10, 86, 1),
(2347, 1387, 3, 8, 10, 8, 10, 8, 10, 8, 10, 8, 10, 90, 1),
(2348, 1350, 4, 6, 6, 6, 6, 6, 6, 6, 6, 6, 6, 60, 1),
(2349, 1358, 3, 4, 2, 4, 2, 2, 10, 6, 2, 4, 2, 38, 1),
(2350, 1372, 3, 6, 8, 6, 8, 6, 8, 6, 8, 6, 8, 70, 1),
(2351, 1323, 4, 10, 10, 8, 8, 10, 8, 8, 10, 10, 10, 92, 1),
(2352, 1330, 3, 10, 10, 10, 10, 10, 10, 10, 10, 10, 10, 100, 1),
(2353, 1325, 1, 8, 10, 10, 10, 8, 8, 10, 6, 10, 10, 90, 1),
(2354, 1328, 1, 8, 10, 6, 10, 6, 8, 8, 8, 4, 8, 76, 1),
(2355, 1363, 4, 8, 8, 8, 8, 8, 8, 8, 8, 8, 8, 80, 1),
(2356, 1366, 3, 8, 6, 6, 6, 8, 8, 8, 6, 10, 6, 72, 1),
(2357, 1378, 1, 10, 10, 8, 10, 10, 10, 10, 10, 10, 10, 98, 1),
(2358, 1370, 3, 8, 8, 8, 6, 8, 6, 6, 6, 8, 6, 70, 1),
(2359, 1346, 4, 6, 6, 4, 6, 6, 6, 4, 6, 8, 6, 58, 1),
(2360, 1372, 4, 8, 8, 6, 8, 6, 6, 8, 8, 6, 8, 72, 1),
(2361, 1347, 5, 8, 8, 8, 8, 8, 8, 8, 8, 8, 10, 82, 1),
(2362, 1387, 5, 8, 8, 8, 8, 8, 8, 8, 8, 8, 8, 80, 1),
(2363, 1330, 5, 10, 10, 10, 10, 10, 10, 10, 10, 10, 10, 100, 1),
(2364, 1387, 6, 10, 10, 10, 10, 10, 10, 10, 10, 10, 10, 100, 1),
(2365, 1367, 5, 8, 6, 8, 2, 4, 4, 8, 6, 10, 10, 66, 1),
(2366, 1363, 5, 8, 8, 8, 8, 8, 8, 8, 8, 8, 8, 80, 1),
(2367, 1350, 5, 6, 8, 8, 6, 6, 6, 6, 6, 8, 6, 66, 1),
(2368, 1325, 2, 10, 10, 10, 8, 10, 10, 6, 10, 10, 8, 92, 1),
(2369, 1341, 1, 10, 10, 10, 10, 10, 10, 10, 10, 10, 10, 100, 1),
(2370, 1328, 2, 8, 6, 8, 8, 10, 8, 6, 8, 8, 8, 78, 1),
(2371, 1324, 4, 10, 10, 8, 8, 10, 10, 10, 10, 10, 8, 94, 1),
(2372, 1353, 1, 10, 10, 10, 10, 10, 10, 10, 10, 10, 10, 100, 1),
(2373, 1372, 5, 8, 8, 8, 8, 6, 8, 8, 6, 8, 8, 76, 1),
(2374, 1330, 4, 10, 10, 10, 10, 10, 10, 10, 10, 10, 10, 100, 1),
(2375, 1347, 6, 10, 10, 10, 10, 10, 10, 10, 10, 10, 10, 100, 1),
(2376, 1357, 4, 2, 2, 2, 2, 2, 2, 2, 2, 2, 2, 20, 1),
(2377, 1323, 5, 10, 8, 8, 6, 6, 2, 6, 6, 8, 10, 70, 1),
(2378, 1358, 4, 8, 6, 6, 6, 8, 8, 8, 8, 6, 6, 70, 1),
(2379, 1328, 3, 10, 10, 10, 10, 10, 10, 10, 10, 10, 10, 100, 1),
(2380, 1387, 7, 6, 8, 6, 8, 6, 8, 6, 8, 6, 8, 70, 1),
(2381, 1363, 6, 10, 10, 10, 10, 10, 10, 10, 10, 10, 10, 100, 1),
(2382, 1326, 6, 6, 6, 6, 8, 6, 8, 8, 8, 6, 8, 70, 1),
(2383, 1350, 6, 10, 10, 10, 10, 10, 10, 10, 10, 10, 6, 96, 1),
(2384, 1332, 1, 10, 10, 10, 6, 10, 10, 10, 10, 8, 10, 94, 1),
(2385, 1330, 6, 10, 10, 10, 10, 10, 10, 10, 10, 10, 10, 100, 1),
(2386, 1366, 2, 8, 8, 8, 8, 8, 8, 4, 6, 8, 8, 74, 1),
(2387, 1347, 7, 10, 10, 10, 10, 10, 10, 10, 10, 10, 10, 100, 1),
(2388, 1367, 6, 10, 10, 10, 8, 6, 10, 8, 8, 6, 6, 82, 1),
(2389, 1346, 5, 6, 4, 6, 4, 6, 6, 4, 4, 6, 8, 54, 1),
(2390, 1328, 4, 6, 8, 6, 8, 6, 6, 8, 6, 8, 10, 72, 1),
(2391, 1372, 6, 10, 10, 10, 10, 10, 10, 10, 10, 10, 10, 100, 1),
(2392, 1378, 2, 10, 6, 6, 6, 4, 10, 6, 8, 8, 4, 68, 1),
(2393, 1323, 6, 8, 10, 10, 10, 10, 10, 8, 8, 8, 10, 92, 1),
(2394, 1358, 5, 8, 6, 6, 6, 6, 6, 6, 4, 8, 6, 62, 1),
(2395, 1387, 8, 6, 8, 6, 8, 6, 8, 6, 8, 6, 8, 70, 1),
(2396, 1363, 7, 8, 8, 6, 8, 6, 8, 10, 10, 8, 8, 80, 1),
(2397, 1339, 1, 10, 10, 10, 10, 10, 10, 10, 10, 10, 10, 100, 1),
(2398, 1350, 7, 6, 8, 6, 8, 6, 6, 4, 6, 8, 8, 66, 1),
(2399, 1328, 5, 6, 8, 6, 8, 6, 8, 6, 8, 6, 8, 70, 1),
(2400, 1332, 2, 10, 10, 10, 10, 10, 10, 10, 10, 10, 10, 100, 1),
(2401, 1324, 5, 8, 8, 8, 8, 8, 10, 8, 10, 8, 10, 86, 1),
(2402, 1372, 7, 8, 6, 8, 6, 8, 6, 8, 6, 8, 8, 72, 1),
(2403, 1330, 7, 10, 10, 10, 10, 10, 10, 10, 10, 10, 10, 100, 1),
(2404, 1370, 4, 8, 8, 6, 8, 8, 8, 8, 8, 8, 6, 76, 1),
(2405, 1350, 8, 10, 10, 10, 8, 6, 8, 6, 8, 10, 8, 84, 1),
(2406, 1334, 3, 10, 10, 10, 10, 10, 10, 10, 10, 10, 10, 100, 1),
(2407, 1328, 6, 10, 10, 10, 10, 10, 10, 10, 10, 10, 10, 100, 1),
(2408, 1346, 6, 8, 8, 8, 10, 8, 10, 4, 8, 4, 6, 74, 1),
(2409, 1338, 3, 4, 4, 10, 8, 6, 6, 4, 4, 6, 6, 58, 1),
(2410, 1347, 8, 8, 8, 6, 6, 6, 6, 6, 6, 6, 6, 64, 1),
(2411, 1371, 6, 10, 8, 10, 8, 10, 10, 8, 8, 6, 8, 86, 1),
(2412, 1357, 5, 10, 2, 10, 2, 10, 2, 10, 2, 10, 2, 60, 1),
(2413, 1339, 2, 10, 10, 10, 10, 10, 10, 10, 10, 10, 10, 100, 1),
(2414, 1328, 7, 8, 8, 8, 8, 8, 8, 8, 6, 6, 6, 74, 1),
(2415, 1323, 7, 8, 10, 10, 10, 10, 10, 8, 8, 8, 10, 92, 1),
(2416, 1353, 2, 8, 8, 8, 8, 8, 8, 8, 8, 8, 8, 80, 1),
(2417, 1372, 8, 8, 6, 8, 8, 8, 6, 6, 8, 6, 8, 72, 1),
(2418, 1366, 6, 8, 10, 8, 8, 8, 8, 8, 6, 8, 6, 78, 1),
(2419, 1330, 8, 10, 10, 10, 10, 10, 10, 10, 10, 10, 10, 100, 1),
(2420, 1378, 3, 4, 4, 6, 2, 2, 10, 6, 10, 4, 2, 50, 1),
(2421, 1334, 2, 8, 8, 10, 10, 8, 8, 8, 10, 10, 4, 84, 1),
(2422, 1325, 3, 8, 8, 8, 8, 10, 10, 8, 10, 10, 8, 88, 1),
(2423, 1328, 8, 10, 8, 10, 8, 10, 8, 10, 8, 8, 8, 88, 1),
(2424, 1363, 8, 10, 8, 6, 8, 4, 6, 8, 8, 8, 8, 74, 1),
(2425, 1332, 3, 10, 10, 10, 10, 10, 10, 8, 10, 10, 10, 98, 1),
(2426, 1357, 6, 10, 10, 10, 10, 10, 10, 10, 10, 10, 10, 100, 1),
(2427, 1326, 5, 8, 8, 6, 6, 8, 6, 4, 6, 6, 8, 66, 1),
(2428, 1324, 6, 10, 8, 10, 8, 10, 10, 10, 10, 10, 10, 96, 1),
(2429, 1353, 3, 10, 10, 10, 10, 10, 10, 10, 10, 10, 10, 100, 1),
(2430, 1338, 5, 6, 6, 8, 6, 6, 6, 6, 6, 6, 6, 62, 1),
(2431, 1334, 8, 10, 10, 10, 10, 10, 8, 8, 10, 10, 10, 96, 1),
(2432, 1347, 1, 10, 10, 10, 10, 10, 10, 10, 10, 10, 10, 100, 2),
(2433, 1367, 7, 10, 8, 6, 10, 10, 8, 2, 2, 2, 6, 64, 1),
(2434, 1358, 6, 10, 10, 10, 8, 10, 10, 10, 8, 10, 10, 96, 1),
(2435, 1356, 1, 8, 8, 8, 8, 8, 8, 8, 8, 10, 10, 84, 1),
(2436, 1341, 2, 8, 6, 10, 8, 8, 8, 4, 8, 10, 8, 78, 1),
(2437, 1350, 1, 10, 10, 10, 10, 10, 10, 10, 10, 10, 10, 100, 2),
(2438, 1357, 7, 10, 10, 10, 10, 10, 10, 10, 10, 10, 10, 100, 1),
(2439, 1370, 5, 8, 8, 8, 8, 8, 8, 8, 8, 6, 6, 76, 1),
(2440, 1325, 6, 10, 10, 10, 10, 10, 10, 10, 10, 10, 6, 96, 1),
(2441, 1387, 1, 10, 10, 10, 10, 10, 10, 10, 10, 8, 8, 96, 2),
(2442, 1371, 7, 10, 10, 8, 10, 10, 10, 10, 10, 6, 10, 94, 1),
(2443, 1353, 4, 8, 8, 8, 8, 8, 8, 8, 8, 8, 8, 80, 1),
(2444, 1323, 8, 8, 8, 8, 6, 4, 2, 6, 6, 8, 10, 66, 1),
(2445, 1378, 4, 10, 10, 10, 10, 10, 10, 10, 10, 10, 10, 100, 1),
(2446, 1324, 7, 10, 10, 8, 8, 10, 8, 8, 10, 10, 8, 90, 1),
(2447, 1374, 1, 10, 10, 8, 8, 8, 10, 10, 10, 10, 10, 94, 1),
(2448, 1338, 6, 10, 10, 10, 10, 10, 10, 10, 10, 10, 10, 100, 1),
(2449, 1357, 8, 10, 10, 10, 10, 10, 10, 10, 10, 10, 10, 100, 1),
(2450, 1350, 2, 8, 8, 10, 8, 6, 6, 6, 10, 8, 6, 76, 2),
(2451, 1384, 5, 10, 10, 10, 10, 10, 10, 10, 10, 10, 10, 100, 1),
(2452, 1334, 5, 10, 10, 10, 10, 10, 10, 10, 10, 10, 10, 100, 1),
(2453, 1346, 7, 6, 6, 8, 10, 8, 6, 4, 6, 8, 10, 72, 1),
(2454, 1379, 1, 6, 8, 4, 8, 8, 8, 6, 8, 8, 8, 72, 1),
(2455, 1366, 5, 8, 6, 6, 6, 6, 6, 8, 6, 8, 8, 68, 1),
(2456, 1347, 2, 10, 8, 8, 10, 10, 10, 8, 8, 8, 10, 90, 2),
(2457, 1332, 4, 10, 10, 10, 10, 8, 8, 8, 10, 8, 10, 92, 1),
(2458, 1325, 7, 10, 10, 10, 8, 10, 10, 4, 10, 10, 10, 92, 1),
(2459, 1353, 5, 8, 8, 8, 8, 8, 8, 8, 8, 8, 8, 80, 1),
(2460, 1350, 3, 10, 8, 6, 6, 6, 6, 6, 6, 6, 6, 66, 2),
(2461, 1358, 7, 10, 8, 8, 10, 10, 10, 8, 10, 6, 8, 88, 1),
(2462, 1363, 1, 8, 8, 8, 8, 8, 8, 8, 8, 8, 8, 80, 2),
(2463, 1356, 2, 8, 8, 8, 8, 10, 10, 10, 10, 10, 10, 92, 1),
(2464, 1379, 2, 10, 10, 10, 10, 10, 10, 10, 10, 10, 10, 100, 1),
(2465, 1370, 6, 10, 10, 10, 10, 10, 10, 8, 10, 6, 6, 90, 1),
(2466, 1378, 5, 10, 10, 10, 6, 8, 8, 8, 8, 8, 10, 86, 1),
(2467, 1387, 2, 8, 8, 8, 8, 8, 8, 8, 8, 8, 8, 80, 2),
(2468, 1324, 8, 8, 10, 8, 10, 8, 8, 10, 10, 10, 10, 92, 1),
(2469, 1328, 1, 8, 8, 8, 8, 8, 8, 8, 10, 10, 10, 86, 2),
(2470, 1332, 5, 10, 10, 10, 8, 8, 8, 8, 10, 10, 10, 92, 1),
(2471, 1349, 2, 8, 6, 8, 8, 8, 8, 10, 8, 10, 8, 82, 1),
(2472, 1334, 4, 2, 4, 6, 4, 2, 4, 6, 4, 2, 4, 38, 1),
(2473, 1347, 3, 6, 6, 6, 6, 6, 6, 6, 6, 6, 6, 60, 2),
(2474, 1357, 1, 10, 10, 10, 10, 10, 10, 10, 10, 10, 10, 100, 2),
(2475, 1326, 4, 10, 8, 6, 6, 8, 8, 4, 8, 8, 8, 74, 1),
(2476, 1330, 1, 10, 10, 10, 10, 10, 10, 10, 10, 10, 10, 100, 2),
(2477, 1374, 2, 8, 8, 8, 8, 8, 8, 8, 8, 8, 8, 80, 1),
(2478, 1363, 2, 8, 8, 8, 8, 8, 8, 8, 8, 8, 8, 80, 2),
(2479, 1378, 6, 10, 10, 10, 10, 10, 10, 10, 10, 10, 10, 100, 1),
(2480, 1371, 8, 6, 6, 6, 4, 8, 6, 6, 8, 10, 8, 68, 1),
(2481, 1379, 3, 10, 10, 10, 10, 10, 10, 10, 10, 10, 10, 100, 1),
(2482, 1384, 6, 10, 10, 10, 8, 6, 10, 8, 8, 8, 10, 88, 1),
(2483, 1381, 1, 10, 8, 4, 8, 4, 10, 6, 4, 8, 6, 68, 1),
(2484, 1387, 3, 8, 6, 8, 6, 8, 6, 8, 6, 8, 6, 70, 2),
(2485, 1328, 2, 8, 8, 8, 10, 8, 10, 8, 10, 8, 8, 86, 2),
(2486, 1356, 3, 10, 10, 10, 10, 10, 10, 10, 10, 10, 10, 100, 1),
(2487, 1338, 7, 6, 6, 6, 10, 6, 10, 6, 6, 4, 6, 66, 1),
(2488, 1341, 3, 8, 10, 10, 6, 6, 8, 10, 10, 10, 10, 88, 1),
(2489, 1372, 1, 8, 8, 6, 8, 8, 6, 8, 8, 6, 8, 74, 2),
(2490, 1358, 8, 8, 8, 8, 8, 10, 8, 6, 6, 6, 8, 76, 1),
(2491, 1334, 6, 10, 10, 10, 10, 10, 10, 10, 10, 10, 10, 100, 1),
(2492, 1350, 4, 6, 6, 6, 6, 6, 6, 6, 6, 6, 10, 64, 2),
(2493, 1346, 8, 4, 6, 6, 6, 4, 6, 2, 4, 6, 6, 50, 1),
(2494, 1325, 5, 10, 8, 10, 6, 8, 8, 10, 10, 10, 10, 90, 1),
(2495, 1330, 2, 10, 10, 10, 10, 10, 10, 10, 10, 10, 10, 100, 2),
(2496, 1363, 3, 8, 8, 8, 6, 6, 8, 8, 8, 8, 8, 76, 2),
(2497, 1387, 4, 4, 4, 2, 2, 4, 4, 2, 2, 4, 4, 32, 2),
(2498, 1332, 6, 8, 10, 10, 8, 8, 10, 10, 8, 10, 4, 86, 1),
(2499, 1378, 7, 4, 6, 6, 6, 6, 6, 6, 6, 6, 6, 58, 1),
(2500, 1328, 4, 8, 6, 8, 6, 10, 8, 6, 8, 10, 10, 80, 2),
(2501, 1347, 4, 8, 8, 8, 8, 6, 8, 8, 8, 8, 6, 76, 2),
(2502, 1379, 4, 10, 10, 10, 10, 10, 10, 10, 10, 10, 10, 100, 1),
(2503, 1350, 5, 8, 8, 6, 8, 4, 6, 6, 6, 8, 6, 66, 2),
(2504, 1357, 2, 10, 10, 10, 10, 10, 10, 10, 10, 10, 10, 100, 2),
(2505, 1370, 7, 10, 10, 8, 10, 8, 8, 6, 10, 6, 8, 84, 1),
(2506, 1372, 2, 6, 6, 6, 6, 6, 8, 8, 6, 8, 8, 68, 2),
(2507, 1373, 1, 10, 8, 6, 6, 10, 8, 10, 10, 10, 10, 88, 1),
(2508, 1334, 7, 6, 8, 8, 6, 10, 8, 8, 8, 10, 10, 82, 1),
(2509, 1382, 1, 10, 10, 8, 10, 10, 10, 10, 10, 10, 10, 98, 1),
(2510, 1356, 4, 10, 10, 10, 10, 10, 10, 10, 10, 10, 10, 100, 1),
(2511, 1378, 8, 10, 10, 8, 8, 6, 6, 6, 6, 6, 6, 72, 1),
(2512, 1353, 6, 8, 8, 8, 8, 8, 8, 8, 8, 8, 8, 80, 1),
(2513, 1325, 8, 10, 10, 10, 10, 8, 10, 6, 10, 10, 10, 94, 1),
(2514, 1387, 5, 6, 8, 6, 8, 6, 8, 6, 8, 6, 8, 70, 2),
(2515, 1374, 3, 6, 6, 6, 6, 6, 6, 6, 6, 6, 6, 60, 1),
(2516, 1350, 6, 10, 10, 10, 10, 10, 10, 10, 10, 10, 10, 100, 2),
(2517, 1330, 3, 10, 10, 10, 10, 10, 10, 10, 10, 10, 10, 100, 2),
(2518, 1368, 1, 10, 8, 4, 10, 8, 10, 6, 10, 10, 10, 86, 1),
(2519, 1357, 3, 10, 10, 10, 10, 10, 10, 10, 10, 10, 10, 100, 2),
(2520, 1328, 3, 10, 8, 10, 8, 10, 8, 10, 8, 8, 8, 88, 2),
(2521, 1379, 5, 10, 10, 10, 10, 10, 10, 10, 10, 10, 10, 100, 1),
(2522, 1347, 5, 8, 8, 6, 6, 6, 6, 6, 8, 6, 8, 68, 2),
(2523, 1334, 1, 4, 2, 6, 10, 10, 8, 6, 10, 10, 8, 74, 1),
(2524, 1338, 8, 8, 6, 8, 8, 8, 10, 4, 8, 6, 6, 72, 1),
(2525, 1349, 3, 6, 6, 8, 2, 6, 8, 10, 10, 10, 10, 76, 1),
(2526, 1387, 6, 10, 10, 10, 10, 10, 10, 10, 10, 10, 10, 100, 2),
(2527, 1357, 4, 2, 2, 2, 2, 2, 2, 2, 2, 2, 2, 20, 2),
(2528, 1332, 7, 10, 10, 10, 10, 10, 10, 10, 10, 10, 10, 100, 1),
(2529, 1328, 5, 8, 10, 8, 8, 10, 8, 10, 8, 10, 8, 88, 2),
(2530, 1372, 3, 8, 8, 8, 8, 8, 8, 8, 8, 8, 8, 80, 2),
(2531, 1353, 7, 10, 10, 10, 10, 10, 10, 10, 10, 10, 10, 100, 1),
(2532, 1356, 5, 8, 8, 8, 10, 10, 8, 8, 10, 8, 10, 88, 1),
(2533, 1379, 6, 10, 10, 10, 10, 10, 10, 10, 10, 10, 10, 100, 1),
(2534, 1371, 5, 6, 6, 6, 4, 8, 6, 6, 6, 10, 6, 64, 1),
(2535, 1380, 1, 10, 10, 8, 10, 10, 10, 10, 10, 10, 10, 98, 1),
(2536, 1350, 7, 6, 6, 8, 8, 6, 8, 6, 8, 6, 8, 70, 2),
(2537, 1373, 2, 10, 10, 10, 10, 10, 10, 10, 10, 10, 10, 100, 1),
(2538, 1341, 4, 10, 10, 8, 8, 8, 10, 10, 8, 10, 10, 92, 1),
(2539, 1370, 8, 8, 6, 8, 8, 6, 6, 6, 8, 6, 6, 68, 1),
(2540, 1328, 7, 8, 10, 8, 10, 8, 10, 8, 10, 10, 10, 92, 2),
(2541, 1347, 6, 10, 10, 10, 10, 10, 10, 10, 10, 10, 10, 100, 2),
(2542, 1381, 4, 8, 8, 6, 8, 8, 8, 8, 8, 8, 10, 80, 1),
(2543, 1357, 5, 4, 4, 4, 4, 4, 4, 4, 4, 4, 4, 40, 2),
(2544, 1326, 3, 10, 8, 10, 4, 6, 8, 4, 6, 10, 6, 72, 1),
(2545, 1379, 7, 10, 10, 10, 10, 10, 10, 10, 10, 10, 10, 100, 1),
(2546, 1363, 4, 8, 6, 6, 8, 8, 8, 8, 8, 8, 8, 76, 2),
(2547, 1353, 8, 10, 10, 10, 10, 10, 10, 10, 10, 10, 10, 100, 1),
(2548, 1366, 4, 8, 6, 6, 8, 6, 6, 8, 6, 6, 4, 64, 2),
(2549, 1372, 4, 8, 8, 8, 8, 8, 8, 8, 8, 8, 6, 78, 2),
(2550, 1374, 4, 6, 6, 6, 6, 6, 6, 6, 6, 6, 6, 60, 1),
(2551, 1378, 1, 10, 10, 10, 10, 10, 10, 10, 10, 10, 10, 100, 2),
(2552, 1328, 6, 10, 10, 10, 10, 10, 10, 10, 10, 10, 10, 100, 2),
(2553, 1350, 8, 10, 8, 8, 8, 8, 6, 8, 8, 6, 10, 80, 2),
(2554, 1330, 4, 10, 10, 10, 10, 10, 10, 10, 10, 10, 10, 100, 2),
(2555, 1339, 3, 6, 6, 6, 4, 6, 8, 4, 6, 4, 6, 56, 1),
(2556, 1384, 7, 8, 8, 6, 10, 8, 10, 8, 8, 4, 10, 80, 1),
(2557, 1356, 6, 10, 10, 10, 10, 10, 10, 10, 10, 10, 10, 100, 1),
(2558, 1338, 1, 10, 10, 10, 10, 10, 10, 10, 10, 10, 10, 100, 2),
(2559, 1379, 8, 10, 10, 10, 10, 10, 10, 10, 10, 10, 10, 100, 1),
(2560, 1363, 5, 8, 6, 8, 6, 6, 6, 8, 8, 8, 8, 72, 2),
(2561, 1378, 2, 8, 8, 8, 8, 8, 8, 8, 8, 8, 8, 80, 2),
(2562, 1328, 8, 10, 10, 8, 8, 8, 10, 10, 10, 10, 8, 92, 2),
(2563, 1357, 6, 10, 10, 10, 10, 10, 10, 10, 10, 10, 10, 100, 2),
(2564, 1373, 3, 10, 10, 10, 10, 10, 10, 10, 10, 10, 10, 100, 1),
(2565, 1346, 1, 10, 10, 8, 10, 8, 10, 4, 6, 10, 10, 86, 2),
(2566, 1358, 1, 10, 8, 8, 10, 10, 10, 8, 10, 10, 10, 94, 2),
(2567, 1332, 8, 8, 10, 10, 10, 10, 10, 10, 10, 10, 10, 98, 1),
(2568, 1347, 7, 8, 8, 8, 8, 8, 8, 8, 8, 8, 8, 80, 2),
(2569, 1325, 1, 8, 10, 10, 10, 10, 10, 10, 6, 10, 10, 94, 2),
(2570, 1387, 7, 6, 6, 8, 8, 6, 6, 8, 8, 6, 6, 68, 2),
(2571, 1372, 6, 10, 10, 10, 10, 10, 10, 10, 10, 10, 10, 100, 2),
(2572, 1374, 5, 4, 4, 4, 4, 4, 4, 4, 4, 4, 4, 40, 1),
(2573, 1356, 8, 10, 10, 10, 10, 10, 10, 10, 10, 10, 10, 100, 1),
(2574, 1382, 2, 8, 6, 6, 8, 6, 4, 4, 8, 2, 10, 62, 1),
(2575, 1378, 3, 6, 6, 6, 6, 6, 6, 4, 4, 4, 4, 52, 2),
(2576, 1371, 1, 10, 10, 8, 10, 10, 10, 10, 8, 10, 10, 96, 2),
(2577, 1381, 2, 6, 6, 2, 4, 2, 6, 6, 6, 4, 8, 50, 1),
(2578, 1365, 1, 10, 10, 10, 10, 8, 6, 8, 6, 8, 10, 86, 1),
(2579, 1341, 5, 8, 10, 8, 10, 10, 8, 6, 10, 10, 10, 90, 1),
(2580, 1370, 1, 10, 10, 10, 10, 10, 10, 10, 10, 10, 10, 100, 2),
(2581, 1387, 8, 6, 6, 6, 6, 6, 6, 6, 6, 6, 6, 60, 2),
(2582, 1326, 7, 8, 6, 6, 4, 6, 8, 8, 6, 6, 6, 64, 1),
(2583, 1324, 1, 10, 10, 10, 10, 10, 10, 10, 10, 8, 10, 98, 2),
(2584, 1338, 2, 6, 4, 6, 6, 6, 6, 6, 6, 6, 6, 58, 2);
INSERT INTO `feedbacks` (`id`, `student_id`, `sa_id`, `q1`, `q2`, `q3`, `q4`, `q5`, `q6`, `q7`, `q8`, `q9`, `q10`, `sum`, `phase`) VALUES
(2585, 1330, 5, 10, 10, 10, 10, 10, 10, 10, 10, 10, 10, 100, 2),
(2586, 1378, 4, 10, 10, 10, 10, 10, 10, 10, 10, 10, 10, 100, 2),
(2587, 1347, 8, 6, 6, 6, 6, 6, 6, 6, 6, 6, 6, 60, 2),
(2588, 1374, 6, 10, 10, 10, 10, 10, 10, 10, 10, 10, 10, 100, 1),
(2589, 1325, 2, 10, 10, 10, 10, 10, 10, 6, 10, 10, 10, 96, 2),
(2590, 1372, 5, 8, 6, 6, 8, 6, 8, 6, 6, 6, 6, 66, 2),
(2591, 1363, 6, 8, 8, 8, 8, 8, 8, 8, 8, 8, 8, 80, 2),
(2592, 1339, 4, 8, 6, 8, 8, 8, 8, 8, 6, 6, 2, 68, 1),
(2593, 1380, 2, 8, 8, 10, 10, 8, 6, 6, 4, 8, 8, 76, 1),
(2594, 1323, 1, 8, 8, 8, 10, 10, 10, 10, 10, 8, 10, 92, 2),
(2595, 1366, 1, 8, 8, 8, 10, 8, 8, 8, 8, 8, 10, 84, 2),
(2596, 1365, 4, 2, 2, 2, 2, 2, 2, 6, 4, 4, 2, 28, 1),
(2597, 1357, 7, 10, 10, 10, 10, 10, 10, 10, 10, 10, 10, 100, 2),
(2598, 1324, 2, 10, 8, 8, 8, 10, 10, 10, 8, 10, 10, 92, 2),
(2599, 1373, 4, 10, 10, 10, 10, 10, 10, 10, 10, 10, 10, 100, 1),
(2600, 1368, 2, 8, 2, 8, 8, 8, 10, 4, 2, 2, 8, 60, 1),
(2601, 1327, 1, 10, 10, 10, 10, 10, 10, 10, 10, 10, 10, 100, 1),
(2602, 1370, 2, 8, 8, 8, 8, 8, 8, 6, 8, 8, 8, 78, 2),
(2603, 1341, 6, 10, 10, 10, 10, 10, 10, 10, 10, 10, 10, 100, 1),
(2604, 1378, 5, 6, 8, 8, 8, 8, 8, 8, 8, 8, 8, 78, 2),
(2605, 1372, 7, 8, 8, 6, 8, 8, 8, 8, 8, 8, 8, 78, 2),
(2606, 1346, 2, 8, 8, 10, 8, 6, 6, 4, 6, 8, 10, 74, 2),
(2607, 1384, 8, 6, 6, 8, 8, 6, 8, 8, 8, 6, 6, 70, 1),
(2608, 1357, 8, 10, 10, 10, 10, 10, 10, 10, 10, 10, 10, 100, 2),
(2609, 1381, 3, 6, 4, 4, 6, 6, 8, 6, 8, 6, 8, 62, 1),
(2610, 1323, 2, 10, 10, 10, 10, 10, 10, 8, 10, 8, 10, 96, 2),
(2611, 1338, 3, 4, 6, 8, 4, 4, 4, 6, 6, 4, 8, 54, 2),
(2612, 1330, 6, 10, 10, 10, 10, 10, 10, 10, 10, 10, 10, 100, 2),
(2613, 1378, 6, 10, 10, 10, 10, 10, 10, 10, 10, 10, 10, 100, 2),
(2614, 1327, 2, 10, 10, 10, 10, 10, 10, 10, 10, 10, 10, 100, 1),
(2615, 1332, 2, 8, 10, 8, 10, 10, 10, 10, 10, 10, 8, 94, 2),
(2616, 1365, 3, 6, 6, 2, 8, 2, 6, 6, 4, 4, 4, 48, 1),
(2617, 1324, 3, 10, 8, 10, 10, 8, 10, 8, 8, 10, 8, 90, 2),
(2618, 1371, 2, 10, 10, 8, 10, 10, 10, 10, 8, 10, 10, 96, 2),
(2619, 1325, 3, 10, 8, 8, 8, 10, 10, 6, 6, 8, 4, 78, 2),
(2620, 1370, 3, 8, 8, 8, 8, 8, 8, 8, 8, 10, 8, 82, 2),
(2621, 1341, 7, 10, 10, 10, 10, 10, 10, 10, 10, 10, 10, 100, 1),
(2622, 1358, 2, 10, 8, 8, 8, 10, 10, 4, 10, 8, 8, 84, 2),
(2623, 1349, 4, 8, 8, 8, 8, 8, 8, 8, 8, 8, 8, 80, 1),
(2624, 1356, 7, 10, 10, 10, 10, 10, 10, 10, 10, 10, 10, 100, 1),
(2625, 1374, 7, 8, 8, 8, 8, 8, 8, 8, 8, 8, 8, 80, 1),
(2626, 1381, 8, 10, 10, 6, 10, 8, 10, 10, 10, 10, 10, 94, 1),
(2627, 1378, 7, 6, 6, 8, 10, 10, 6, 6, 10, 10, 10, 82, 2),
(2628, 1326, 8, 6, 6, 8, 8, 8, 6, 6, 8, 6, 8, 70, 1),
(2629, 1341, 8, 10, 10, 10, 10, 10, 10, 10, 10, 10, 10, 100, 1),
(2630, 1373, 5, 10, 10, 10, 10, 10, 10, 10, 10, 10, 10, 100, 1),
(2631, 1370, 4, 8, 8, 8, 8, 8, 8, 8, 8, 8, 8, 80, 2),
(2632, 1339, 5, 10, 10, 10, 6, 8, 8, 8, 8, 8, 10, 86, 1),
(2633, 1330, 7, 10, 10, 10, 10, 10, 10, 10, 10, 10, 10, 100, 2),
(2634, 1367, 8, 4, 2, 6, 4, 6, 6, 4, 6, 6, 6, 50, 1),
(2635, 1365, 5, 4, 4, 6, 2, 6, 4, 6, 6, 4, 2, 44, 1),
(2636, 1378, 8, 6, 6, 6, 6, 6, 6, 6, 6, 6, 4, 58, 2),
(2637, 1381, 5, 6, 10, 8, 8, 8, 8, 8, 8, 10, 8, 82, 1),
(2638, 1332, 1, 8, 10, 10, 10, 8, 8, 8, 8, 6, 10, 86, 2),
(2639, 1374, 8, 4, 4, 4, 4, 4, 4, 4, 4, 4, 4, 40, 1),
(2640, 1324, 4, 10, 8, 10, 10, 10, 8, 10, 10, 10, 8, 94, 2),
(2641, 1325, 4, 8, 8, 8, 8, 10, 8, 10, 8, 10, 4, 82, 2),
(2642, 1380, 3, 4, 6, 4, 2, 8, 10, 4, 4, 2, 4, 48, 1),
(2643, 1382, 3, 2, 2, 6, 2, 4, 10, 4, 2, 2, 2, 36, 1),
(2644, 1372, 8, 6, 6, 6, 8, 8, 8, 8, 8, 6, 8, 72, 2),
(2645, 1358, 3, 6, 4, 4, 4, 6, 10, 6, 6, 6, 6, 58, 2),
(2646, 1370, 5, 8, 8, 8, 8, 8, 8, 8, 8, 8, 8, 80, 2),
(2647, 1327, 3, 10, 10, 10, 6, 10, 10, 10, 10, 10, 10, 96, 1),
(2648, 1366, 2, 8, 8, 8, 8, 10, 6, 6, 6, 8, 8, 76, 2),
(2649, 1323, 3, 2, 4, 4, 2, 8, 10, 10, 2, 6, 2, 50, 2),
(2650, 1330, 8, 10, 10, 10, 10, 10, 10, 10, 10, 10, 10, 100, 2),
(2651, 1349, 5, 8, 8, 8, 8, 8, 8, 8, 8, 8, 8, 80, 1),
(2652, 1370, 6, 10, 10, 10, 10, 10, 10, 10, 10, 10, 10, 100, 2),
(2653, 1381, 6, 10, 8, 10, 10, 8, 10, 8, 8, 8, 8, 88, 1),
(2654, 1341, 1, 10, 10, 10, 10, 10, 10, 10, 10, 10, 10, 100, 2),
(2655, 1324, 5, 8, 10, 10, 8, 10, 8, 8, 10, 8, 10, 90, 2),
(2656, 1332, 3, 10, 8, 10, 10, 10, 10, 8, 8, 10, 10, 94, 2),
(2657, 1365, 2, 8, 4, 2, 4, 8, 8, 8, 8, 6, 10, 66, 1),
(2658, 1338, 4, 10, 6, 6, 10, 10, 6, 10, 10, 6, 4, 78, 2),
(2659, 1339, 6, 10, 10, 10, 8, 10, 10, 8, 8, 6, 4, 84, 1),
(2660, 1363, 7, 8, 8, 8, 8, 8, 8, 4, 8, 8, 8, 76, 2),
(2661, 1371, 3, 8, 6, 8, 4, 10, 10, 8, 10, 8, 6, 78, 2),
(2662, 1326, 1, 4, 6, 6, 8, 8, 6, 6, 6, 6, 8, 64, 2),
(2663, 1373, 6, 10, 10, 10, 10, 10, 10, 10, 10, 10, 10, 100, 1),
(2664, 1325, 5, 8, 8, 8, 6, 10, 10, 6, 10, 8, 10, 84, 2),
(2665, 1327, 4, 10, 10, 10, 10, 10, 10, 10, 10, 10, 10, 100, 1),
(2666, 1381, 7, 4, 4, 2, 6, 4, 4, 4, 4, 4, 2, 38, 1),
(2667, 1370, 7, 8, 8, 8, 8, 8, 8, 8, 8, 8, 8, 80, 2),
(2668, 1332, 4, 10, 10, 10, 10, 10, 10, 8, 8, 8, 8, 92, 2),
(2669, 1349, 6, 10, 10, 10, 10, 10, 10, 10, 10, 10, 10, 100, 1),
(2670, 1324, 6, 10, 10, 10, 10, 8, 10, 8, 10, 10, 8, 94, 2),
(2671, 1326, 3, 8, 8, 8, 6, 6, 8, 8, 8, 8, 8, 76, 2),
(2672, 1323, 4, 10, 8, 8, 8, 8, 8, 8, 10, 10, 10, 88, 2),
(2673, 1365, 6, 10, 10, 10, 10, 10, 10, 10, 10, 10, 10, 100, 1),
(2674, 1382, 4, 4, 4, 4, 6, 6, 6, 10, 4, 6, 4, 54, 1),
(2675, 1325, 6, 10, 10, 10, 8, 10, 10, 10, 10, 10, 10, 98, 2),
(2676, 1368, 3, 2, 2, 4, 2, 4, 10, 2, 4, 2, 10, 42, 1),
(2677, 1374, 1, 10, 10, 10, 8, 8, 8, 8, 8, 8, 8, 86, 2),
(2678, 1380, 4, 8, 6, 8, 6, 8, 6, 10, 8, 6, 8, 74, 1),
(2679, 1327, 5, 10, 10, 10, 10, 10, 10, 10, 10, 10, 10, 100, 1),
(2680, 1358, 4, 8, 8, 8, 6, 8, 10, 8, 8, 8, 8, 80, 2),
(2681, 1363, 8, 8, 8, 6, 8, 8, 8, 8, 8, 8, 8, 78, 2),
(2682, 1370, 8, 8, 8, 8, 8, 8, 8, 8, 8, 8, 8, 80, 2),
(2683, 1341, 2, 10, 8, 10, 10, 8, 10, 4, 6, 10, 10, 86, 2),
(2684, 1326, 2, 6, 6, 6, 6, 6, 8, 8, 6, 6, 8, 66, 2),
(2685, 1324, 7, 10, 8, 8, 10, 8, 10, 8, 8, 8, 10, 88, 2),
(2686, 1373, 7, 10, 10, 10, 10, 10, 10, 10, 10, 10, 10, 100, 1),
(2687, 1346, 4, 4, 4, 4, 6, 4, 4, 2, 6, 6, 6, 46, 2),
(2688, 1365, 7, 10, 4, 10, 8, 8, 8, 8, 8, 8, 8, 80, 1),
(2689, 1325, 7, 10, 10, 10, 10, 10, 10, 6, 10, 10, 8, 94, 2),
(2690, 1349, 7, 8, 8, 8, 8, 8, 8, 8, 8, 8, 8, 80, 1),
(2691, 1338, 5, 6, 6, 6, 4, 6, 4, 8, 6, 6, 10, 62, 2),
(2692, 1374, 2, 6, 6, 6, 6, 6, 6, 6, 6, 6, 6, 60, 2),
(2693, 1332, 5, 10, 10, 10, 10, 10, 10, 10, 10, 10, 10, 100, 2),
(2694, 1381, 1, 10, 10, 6, 8, 8, 8, 8, 8, 8, 8, 82, 2),
(2695, 1371, 4, 8, 8, 10, 8, 10, 8, 10, 6, 10, 6, 84, 2),
(2696, 1326, 5, 8, 8, 6, 6, 8, 8, 6, 6, 8, 6, 70, 2),
(2697, 1366, 3, 8, 8, 10, 6, 6, 8, 8, 6, 10, 6, 76, 2),
(2698, 1327, 6, 10, 10, 10, 10, 10, 10, 10, 10, 10, 10, 100, 1),
(2699, 1325, 8, 10, 10, 10, 10, 10, 10, 6, 10, 10, 10, 96, 2),
(2700, 1339, 7, 10, 10, 10, 10, 10, 10, 10, 10, 10, 10, 100, 1),
(2701, 1358, 5, 8, 8, 6, 6, 6, 8, 6, 6, 10, 6, 70, 2),
(2702, 1334, 1, 10, 10, 10, 10, 10, 10, 10, 10, 10, 10, 100, 2),
(2703, 1349, 8, 8, 8, 8, 8, 8, 8, 8, 8, 8, 8, 80, 1),
(2704, 1374, 3, 6, 6, 6, 6, 6, 6, 6, 6, 6, 6, 60, 2),
(2705, 1381, 2, 8, 8, 8, 4, 4, 6, 6, 4, 6, 4, 58, 2),
(2706, 1332, 6, 10, 10, 10, 10, 10, 10, 10, 10, 10, 10, 100, 2),
(2707, 1364, 1, 10, 10, 8, 10, 10, 10, 10, 10, 10, 10, 98, 1),
(2708, 1327, 7, 10, 10, 10, 10, 10, 10, 10, 10, 10, 10, 100, 1),
(2709, 1341, 3, 10, 10, 10, 6, 6, 10, 10, 10, 10, 10, 92, 2),
(2710, 1326, 8, 8, 6, 6, 6, 6, 8, 8, 8, 8, 8, 72, 2),
(2711, 1334, 2, 6, 6, 8, 8, 6, 6, 6, 6, 8, 8, 68, 2),
(2712, 1338, 6, 10, 10, 10, 10, 10, 10, 10, 10, 10, 10, 100, 2),
(2713, 1346, 3, 6, 4, 6, 4, 6, 4, 4, 6, 4, 8, 52, 2),
(2714, 1365, 8, 8, 10, 8, 4, 8, 8, 6, 10, 8, 6, 76, 1),
(2715, 1353, 1, 10, 10, 10, 10, 10, 10, 10, 10, 10, 10, 100, 2),
(2716, 1323, 5, 8, 4, 4, 2, 2, 2, 10, 2, 4, 8, 46, 2),
(2717, 1339, 8, 10, 10, 10, 10, 10, 10, 10, 10, 10, 10, 100, 1),
(2718, 1381, 3, 6, 6, 8, 6, 6, 8, 8, 8, 8, 8, 72, 2),
(2719, 1358, 6, 10, 10, 8, 8, 8, 10, 10, 8, 8, 8, 88, 2),
(2720, 1374, 4, 6, 6, 6, 6, 6, 6, 6, 6, 6, 6, 60, 2),
(2721, 1327, 8, 10, 10, 10, 10, 10, 10, 10, 10, 10, 10, 100, 1),
(2722, 1334, 3, 10, 10, 10, 10, 10, 10, 10, 10, 10, 10, 100, 2),
(2723, 1326, 7, 10, 10, 8, 8, 8, 8, 8, 6, 6, 8, 80, 2),
(2724, 1332, 7, 10, 8, 10, 10, 10, 10, 10, 10, 10, 10, 98, 2),
(2725, 1373, 8, 10, 10, 10, 10, 10, 10, 10, 10, 10, 10, 100, 1),
(2726, 1367, 1, 10, 10, 6, 10, 8, 10, 8, 10, 8, 10, 90, 2),
(2727, 1380, 5, 6, 6, 2, 4, 4, 4, 10, 2, 4, 10, 52, 1),
(2728, 1382, 5, 6, 4, 2, 2, 2, 2, 10, 2, 8, 10, 48, 1),
(2729, 1368, 4, 2, 2, 4, 2, 6, 4, 8, 6, 6, 6, 46, 1),
(2730, 1374, 5, 4, 4, 4, 4, 4, 4, 4, 4, 4, 4, 40, 2),
(2731, 1334, 5, 8, 8, 8, 8, 8, 8, 8, 8, 8, 10, 82, 2),
(2732, 1341, 4, 10, 10, 6, 10, 6, 8, 10, 10, 8, 8, 86, 2),
(2733, 1366, 6, 8, 10, 8, 8, 8, 10, 8, 6, 8, 6, 80, 2),
(2734, 1381, 4, 10, 10, 10, 8, 10, 10, 10, 10, 10, 10, 98, 2),
(2735, 1326, 4, 8, 8, 8, 6, 6, 6, 8, 8, 8, 4, 70, 2),
(2736, 1332, 8, 10, 10, 8, 8, 6, 8, 8, 8, 8, 8, 82, 2),
(2737, 1338, 7, 6, 6, 8, 6, 8, 8, 6, 8, 8, 10, 74, 2),
(2738, 1353, 3, 10, 10, 10, 10, 10, 10, 10, 10, 10, 10, 100, 2),
(2739, 1358, 7, 10, 8, 8, 8, 8, 10, 6, 8, 4, 8, 78, 2),
(2740, 1346, 5, 4, 6, 6, 4, 4, 6, 4, 4, 8, 8, 54, 2),
(2741, 1339, 1, 10, 10, 10, 10, 10, 10, 10, 10, 10, 10, 100, 2),
(2742, 1374, 6, 10, 10, 10, 10, 10, 10, 10, 10, 10, 10, 100, 2),
(2743, 1334, 4, 10, 10, 8, 8, 6, 2, 2, 2, 2, 2, 52, 2),
(2744, 1326, 6, 8, 8, 10, 8, 8, 8, 6, 8, 8, 8, 80, 2),
(2745, 1365, 1, 8, 10, 10, 10, 6, 6, 4, 4, 8, 6, 72, 2),
(2746, 1381, 5, 4, 4, 10, 10, 8, 10, 10, 10, 8, 8, 82, 2),
(2747, 1353, 2, 10, 10, 10, 8, 6, 6, 6, 10, 6, 4, 76, 2),
(2748, 1323, 6, 10, 8, 10, 10, 10, 10, 8, 10, 8, 8, 92, 2),
(2749, 1339, 2, 10, 10, 10, 10, 10, 10, 10, 10, 10, 10, 100, 2),
(2750, 1341, 5, 10, 8, 10, 10, 2, 10, 6, 4, 10, 8, 78, 2),
(2751, 1338, 8, 8, 6, 8, 6, 6, 8, 8, 8, 6, 10, 74, 2),
(2752, 1334, 8, 8, 6, 8, 6, 6, 4, 4, 8, 6, 8, 64, 2),
(2753, 1365, 4, 2, 2, 2, 2, 2, 2, 2, 2, 2, 2, 20, 2),
(2754, 1374, 7, 4, 4, 4, 4, 4, 4, 4, 4, 4, 4, 40, 2),
(2755, 1346, 6, 8, 10, 8, 6, 10, 10, 4, 4, 4, 6, 70, 2),
(2756, 1353, 4, 6, 6, 6, 8, 8, 8, 6, 8, 8, 4, 68, 2),
(2757, 1364, 2, 10, 10, 10, 10, 10, 10, 6, 10, 10, 10, 96, 1),
(2758, 1358, 8, 8, 8, 8, 6, 6, 8, 6, 6, 4, 6, 66, 2),
(2759, 1380, 6, 10, 8, 8, 8, 10, 10, 8, 6, 6, 2, 76, 1),
(2760, 1324, 8, 10, 8, 10, 8, 8, 10, 10, 8, 8, 8, 88, 2),
(2761, 1382, 6, 10, 10, 8, 6, 10, 10, 8, 6, 6, 2, 76, 1),
(2762, 1365, 2, 10, 4, 10, 6, 6, 6, 10, 8, 8, 6, 74, 2),
(2763, 1381, 6, 8, 8, 8, 8, 6, 8, 6, 6, 2, 4, 64, 2),
(2764, 1341, 6, 10, 10, 10, 10, 10, 10, 10, 10, 10, 10, 100, 2),
(2765, 1323, 7, 10, 10, 10, 10, 10, 10, 10, 10, 8, 10, 98, 2),
(2766, 1384, 1, 10, 10, 8, 10, 10, 10, 10, 8, 8, 10, 94, 2),
(2767, 1334, 6, 10, 10, 10, 10, 10, 10, 10, 10, 10, 10, 100, 2),
(2768, 1353, 5, 8, 10, 8, 6, 4, 6, 4, 8, 8, 6, 68, 2),
(2769, 1327, 1, 10, 10, 10, 10, 10, 10, 10, 10, 10, 10, 100, 2),
(2770, 1366, 5, 8, 8, 8, 8, 8, 8, 8, 6, 8, 8, 78, 2),
(2771, 1374, 8, 4, 4, 4, 4, 4, 4, 4, 4, 4, 4, 40, 2),
(2772, 1365, 3, 10, 10, 10, 10, 4, 6, 4, 4, 4, 4, 66, 2),
(2773, 1339, 3, 8, 8, 6, 6, 6, 8, 4, 6, 6, 6, 64, 2),
(2774, 1367, 2, 10, 8, 6, 10, 10, 10, 8, 8, 10, 10, 90, 2),
(2775, 1341, 7, 10, 10, 10, 10, 10, 10, 10, 10, 10, 10, 100, 2),
(2776, 1353, 6, 4, 8, 6, 6, 8, 8, 6, 6, 8, 6, 66, 2),
(2777, 1371, 5, 8, 8, 10, 4, 8, 6, 6, 8, 10, 6, 74, 2),
(2778, 1380, 7, 6, 6, 8, 6, 6, 6, 6, 6, 8, 6, 64, 1),
(2779, 1327, 2, 10, 10, 10, 10, 10, 10, 10, 10, 10, 10, 100, 2),
(2780, 1334, 7, 10, 10, 10, 10, 10, 10, 10, 10, 10, 10, 100, 2),
(2781, 1365, 5, 4, 6, 6, 8, 8, 8, 6, 8, 8, 8, 70, 2),
(2782, 1381, 7, 6, 6, 6, 8, 4, 6, 8, 6, 6, 6, 62, 2),
(2783, 1346, 7, 6, 4, 8, 4, 6, 8, 4, 8, 6, 10, 64, 2),
(2784, 1368, 5, 4, 2, 6, 2, 4, 4, 4, 6, 4, 10, 46, 1),
(2785, 1353, 7, 6, 8, 8, 6, 6, 6, 8, 8, 6, 6, 68, 2),
(2786, 1341, 8, 10, 10, 10, 10, 10, 10, 10, 10, 10, 10, 100, 2),
(2787, 1339, 8, 10, 10, 10, 10, 10, 10, 10, 10, 10, 10, 100, 2),
(2788, 1365, 6, 10, 10, 10, 10, 10, 10, 10, 10, 10, 10, 100, 2),
(2789, 1380, 8, 6, 6, 6, 4, 8, 8, 6, 8, 6, 8, 66, 1),
(2790, 1327, 3, 10, 10, 10, 6, 10, 10, 10, 10, 10, 10, 96, 2),
(2791, 1364, 3, 10, 8, 8, 8, 10, 10, 6, 10, 6, 4, 80, 1),
(2792, 1384, 2, 10, 8, 6, 10, 10, 10, 8, 6, 8, 10, 86, 2),
(2793, 1382, 7, 10, 8, 8, 8, 6, 4, 2, 4, 2, 8, 60, 1),
(2794, 1381, 8, 10, 10, 10, 10, 10, 10, 10, 10, 10, 10, 100, 2),
(2795, 1323, 8, 8, 8, 10, 6, 6, 4, 6, 6, 8, 10, 72, 2),
(2796, 1349, 1, 8, 8, 8, 10, 10, 10, 10, 10, 10, 10, 94, 2),
(2797, 1327, 4, 10, 10, 10, 10, 10, 10, 10, 10, 10, 10, 100, 2),
(2798, 1367, 3, 6, 10, 8, 10, 10, 10, 10, 10, 8, 8, 90, 2),
(2799, 1365, 8, 10, 10, 6, 6, 6, 6, 8, 6, 6, 4, 68, 2),
(2800, 1339, 7, 10, 10, 10, 10, 10, 10, 10, 10, 10, 10, 100, 2),
(2801, 1346, 8, 4, 6, 6, 4, 6, 6, 2, 4, 8, 8, 54, 2),
(2802, 1382, 8, 6, 2, 6, 2, 6, 2, 6, 2, 6, 2, 40, 1),
(2803, 1371, 6, 10, 10, 10, 8, 10, 10, 8, 8, 8, 6, 88, 2),
(2804, 1353, 8, 6, 8, 6, 6, 6, 10, 6, 6, 6, 4, 64, 2),
(2805, 1336, 1, 10, 10, 10, 10, 10, 10, 10, 10, 10, 10, 100, 1),
(2806, 1368, 6, 6, 4, 10, 6, 10, 10, 6, 6, 4, 2, 64, 1),
(2807, 1365, 7, 10, 10, 8, 8, 8, 2, 8, 8, 8, 8, 78, 2),
(2808, 1384, 3, 6, 6, 8, 8, 10, 10, 8, 8, 8, 10, 82, 2),
(2809, 1367, 4, 6, 6, 8, 8, 10, 6, 6, 6, 6, 8, 70, 2),
(2810, 1327, 5, 10, 10, 10, 10, 10, 10, 10, 10, 10, 10, 100, 2),
(2811, 1380, 1, 8, 10, 10, 10, 8, 8, 10, 10, 10, 10, 94, 2),
(2812, 1336, 2, 10, 8, 10, 8, 10, 10, 10, 10, 8, 10, 94, 1),
(2813, 1327, 6, 10, 10, 10, 10, 10, 10, 10, 10, 10, 10, 100, 2),
(2814, 1367, 5, 4, 6, 4, 8, 8, 4, 6, 6, 4, 4, 54, 2),
(2815, 1380, 2, 6, 8, 6, 6, 8, 4, 6, 8, 6, 10, 68, 2),
(2816, 1327, 7, 10, 10, 10, 10, 10, 10, 10, 10, 10, 10, 100, 2),
(2817, 1339, 6, 10, 10, 10, 8, 8, 10, 8, 8, 8, 4, 84, 2),
(2818, 1380, 3, 8, 4, 6, 4, 6, 6, 4, 6, 6, 6, 56, 2),
(2819, 1371, 7, 10, 10, 8, 10, 10, 10, 8, 10, 8, 10, 94, 2),
(2820, 1336, 3, 8, 6, 2, 2, 6, 10, 10, 2, 2, 2, 50, 1),
(2821, 1327, 8, 10, 10, 10, 10, 10, 10, 10, 10, 10, 10, 100, 2),
(2822, 1380, 4, 6, 6, 6, 8, 6, 8, 8, 6, 6, 6, 66, 2),
(2823, 1364, 4, 6, 6, 6, 6, 6, 6, 6, 6, 4, 4, 56, 1),
(2824, 1367, 6, 10, 10, 10, 8, 10, 10, 8, 10, 6, 6, 88, 2),
(2825, 1349, 2, 8, 8, 8, 8, 8, 10, 10, 10, 10, 10, 90, 2),
(2826, 1382, 1, 10, 10, 10, 10, 10, 10, 10, 10, 10, 10, 100, 2),
(2827, 1336, 4, 8, 8, 6, 8, 10, 10, 10, 10, 6, 10, 86, 1),
(2828, 1380, 5, 6, 6, 6, 4, 6, 6, 4, 8, 10, 10, 66, 2),
(2829, 1367, 7, 4, 4, 4, 6, 2, 6, 4, 6, 6, 6, 48, 2),
(2830, 1371, 8, 6, 6, 8, 4, 8, 6, 6, 8, 6, 6, 64, 2),
(2831, 1349, 3, 10, 10, 10, 10, 8, 8, 8, 8, 8, 8, 88, 2),
(2832, 1382, 2, 8, 6, 6, 10, 8, 6, 6, 6, 6, 6, 68, 2),
(2833, 1339, 4, 8, 6, 8, 8, 6, 6, 6, 6, 6, 4, 64, 2),
(2834, 1380, 6, 8, 8, 6, 8, 6, 8, 6, 6, 8, 8, 72, 2),
(2835, 1368, 7, 10, 2, 10, 10, 10, 10, 6, 2, 6, 10, 76, 1),
(2836, 1367, 8, 4, 4, 4, 6, 6, 4, 4, 6, 6, 8, 52, 2),
(2837, 1380, 7, 8, 6, 8, 8, 8, 10, 8, 8, 10, 10, 84, 2),
(2838, 1339, 5, 10, 10, 10, 8, 8, 8, 8, 8, 8, 10, 88, 2),
(2839, 1349, 4, 8, 8, 8, 8, 8, 8, 8, 8, 8, 8, 80, 2),
(2840, 1364, 5, 8, 8, 8, 4, 8, 6, 6, 8, 10, 8, 74, 1),
(2841, 1382, 3, 2, 4, 6, 2, 4, 6, 2, 4, 6, 10, 46, 2),
(2842, 1380, 8, 8, 6, 6, 4, 8, 6, 6, 10, 6, 8, 68, 2),
(2843, 1382, 4, 10, 10, 10, 10, 10, 10, 10, 10, 10, 10, 100, 2),
(2844, 1349, 5, 8, 8, 8, 8, 8, 8, 8, 8, 8, 8, 80, 2),
(2845, 1336, 5, 10, 2, 6, 6, 2, 4, 10, 2, 6, 8, 56, 1),
(2846, 1368, 8, 2, 4, 10, 2, 4, 6, 4, 6, 8, 8, 54, 1),
(2847, 1364, 6, 10, 10, 10, 10, 10, 10, 10, 10, 10, 6, 96, 1),
(2848, 1336, 6, 10, 10, 10, 10, 10, 10, 10, 10, 8, 10, 98, 1),
(2849, 1382, 5, 6, 8, 10, 10, 10, 10, 10, 10, 10, 10, 94, 2),
(2850, 1382, 6, 10, 10, 10, 10, 10, 10, 10, 10, 10, 10, 100, 2),
(2851, 1364, 7, 8, 10, 10, 6, 10, 10, 8, 6, 8, 10, 86, 1),
(2852, 1384, 4, 8, 6, 8, 8, 8, 10, 10, 8, 8, 10, 84, 2),
(2853, 1336, 7, 10, 10, 10, 10, 10, 10, 10, 10, 10, 10, 100, 1),
(2854, 1382, 7, 6, 8, 8, 8, 8, 8, 6, 8, 10, 10, 80, 2),
(2855, 1366, 8, 8, 6, 8, 8, 8, 8, 8, 8, 8, 8, 78, 1),
(2856, 1382, 8, 8, 10, 10, 8, 8, 8, 8, 8, 6, 6, 80, 2),
(2857, 1384, 5, 8, 8, 8, 8, 6, 8, 8, 6, 6, 10, 76, 2),
(2858, 1364, 8, 8, 8, 6, 6, 6, 4, 4, 4, 4, 6, 56, 1),
(2859, 1366, 7, 8, 8, 8, 8, 8, 8, 8, 8, 4, 8, 76, 1),
(2860, 1349, 6, 10, 10, 10, 10, 10, 10, 10, 10, 10, 10, 100, 2),
(2861, 1384, 6, 10, 8, 10, 8, 6, 10, 8, 6, 6, 10, 82, 2),
(2862, 1336, 8, 6, 2, 2, 2, 2, 2, 4, 2, 2, 4, 28, 1),
(2863, 1366, 7, 8, 8, 8, 8, 8, 8, 8, 8, 4, 8, 76, 2),
(2864, 1384, 7, 8, 8, 8, 10, 6, 10, 6, 8, 6, 10, 80, 2),
(2865, 1366, 8, 8, 8, 8, 8, 8, 8, 8, 8, 4, 8, 76, 2),
(2866, 1336, 6, 10, 10, 10, 10, 10, 10, 10, 10, 8, 10, 98, 2),
(2867, 1384, 8, 6, 6, 8, 8, 8, 10, 6, 8, 6, 10, 76, 2),
(2868, 1336, 1, 10, 10, 10, 10, 10, 10, 10, 10, 8, 10, 98, 2),
(2869, 1336, 2, 10, 10, 10, 10, 10, 10, 10, 10, 6, 10, 96, 2),
(2870, 1336, 7, 10, 10, 10, 10, 10, 10, 10, 10, 10, 10, 100, 2),
(2871, 1364, 1, 10, 10, 8, 10, 10, 10, 10, 10, 10, 10, 98, 2),
(2872, 1336, 8, 8, 4, 6, 2, 2, 2, 6, 2, 2, 10, 44, 2),
(2873, 1364, 2, 10, 8, 10, 10, 10, 10, 8, 10, 8, 8, 92, 2),
(2874, 1336, 4, 8, 10, 6, 8, 10, 10, 10, 8, 10, 10, 90, 2),
(2875, 1368, 2, 10, 4, 10, 10, 8, 10, 6, 2, 6, 10, 76, 2),
(2876, 1364, 3, 10, 10, 8, 6, 10, 10, 8, 6, 8, 8, 84, 2),
(2877, 1368, 1, 10, 8, 10, 10, 6, 10, 6, 10, 10, 10, 90, 2),
(2878, 1336, 5, 8, 4, 6, 6, 4, 4, 10, 2, 6, 10, 60, 2),
(2879, 1368, 3, 6, 4, 8, 2, 6, 10, 6, 10, 10, 6, 68, 2),
(2880, 1364, 4, 10, 8, 8, 6, 8, 8, 8, 8, 8, 8, 80, 2),
(2881, 1336, 3, 2, 4, 6, 6, 8, 10, 8, 2, 6, 4, 56, 2),
(2882, 1364, 5, 10, 8, 8, 6, 8, 8, 8, 8, 8, 8, 80, 2),
(2883, 1368, 4, 2, 4, 4, 4, 8, 6, 6, 6, 8, 4, 52, 2),
(2884, 1364, 6, 10, 10, 10, 10, 10, 10, 10, 10, 10, 4, 94, 2),
(2885, 1368, 5, 6, 4, 8, 6, 4, 6, 4, 4, 4, 4, 50, 2),
(2886, 1368, 6, 2, 8, 8, 6, 8, 10, 8, 6, 8, 8, 72, 2),
(2887, 1368, 7, 8, 6, 6, 6, 8, 6, 8, 8, 6, 6, 68, 2),
(2888, 1368, 8, 4, 8, 8, 8, 8, 8, 8, 6, 6, 10, 74, 2),
(2889, 1364, 7, 10, 10, 8, 10, 8, 10, 8, 10, 10, 8, 92, 2),
(2890, 1364, 8, 8, 8, 6, 8, 6, 8, 8, 8, 6, 6, 72, 2),
(2891, 1356, 2, 10, 10, 10, 10, 10, 10, 10, 10, 10, 10, 100, 2),
(2892, 1356, 3, 10, 8, 10, 10, 10, 10, 10, 10, 10, 10, 98, 2),
(2893, 1356, 1, 10, 10, 10, 10, 10, 10, 10, 10, 10, 10, 100, 2),
(2894, 1356, 4, 10, 10, 10, 10, 10, 10, 10, 10, 10, 10, 100, 2),
(2895, 1356, 5, 8, 8, 8, 8, 8, 8, 8, 8, 8, 8, 80, 2),
(2896, 1356, 6, 10, 10, 10, 10, 10, 10, 10, 10, 10, 10, 100, 2),
(2897, 1356, 7, 6, 8, 8, 8, 8, 8, 8, 8, 8, 8, 78, 2),
(2898, 1356, 8, 10, 10, 10, 10, 10, 10, 10, 10, 10, 10, 100, 2),
(2899, 1379, 1, 10, 10, 10, 10, 10, 10, 10, 10, 10, 10, 100, 2),
(2900, 1379, 2, 10, 10, 10, 10, 10, 10, 10, 10, 10, 10, 100, 2),
(2901, 1349, 7, 10, 10, 10, 10, 8, 10, 10, 10, 10, 10, 98, 2),
(2902, 1379, 3, 10, 8, 6, 8, 10, 8, 10, 8, 8, 10, 86, 2),
(2903, 1379, 4, 10, 8, 8, 8, 4, 10, 10, 8, 10, 10, 86, 2),
(2904, 1349, 8, 8, 10, 10, 10, 10, 8, 10, 10, 10, 10, 96, 2),
(2905, 1379, 5, 10, 8, 8, 10, 8, 8, 10, 8, 10, 10, 90, 2),
(2906, 1379, 6, 10, 8, 10, 10, 10, 10, 10, 10, 8, 10, 96, 2),
(2907, 1379, 7, 8, 10, 10, 10, 10, 10, 10, 8, 10, 10, 96, 2),
(2908, 1379, 8, 10, 8, 10, 10, 8, 10, 10, 10, 10, 10, 96, 2),
(2909, 1373, 1, 10, 8, 10, 10, 8, 10, 10, 10, 10, 10, 96, 2),
(2910, 1373, 2, 10, 10, 8, 10, 10, 8, 10, 10, 10, 8, 94, 2),
(2911, 1373, 3, 10, 10, 8, 10, 10, 10, 10, 10, 10, 8, 96, 2),
(2912, 1373, 4, 10, 10, 10, 8, 8, 10, 10, 10, 8, 10, 94, 2),
(2913, 1373, 5, 10, 10, 8, 10, 8, 10, 10, 10, 8, 10, 94, 2),
(2914, 1373, 6, 10, 10, 10, 10, 10, 8, 10, 6, 10, 10, 94, 2),
(2915, 1373, 7, 10, 10, 10, 10, 10, 10, 8, 10, 10, 10, 98, 2),
(2916, 1373, 8, 10, 10, 10, 10, 8, 10, 10, 8, 10, 10, 96, 2),
(2917, 234, 141, 10, 10, 10, 8, 10, 10, 8, 8, 8, 10, 92, 1),
(2918, 263, 141, 10, 10, 10, 10, 10, 10, 10, 10, 10, 10, 100, 1),
(2919, 263, 142, 10, 10, 10, 10, 10, 10, 10, 10, 10, 10, 100, 1),
(2920, 234, 142, 8, 8, 10, 10, 8, 8, 8, 8, 10, 10, 88, 1),
(2921, 229, 143, 10, 10, 10, 10, 10, 10, 10, 10, 10, 10, 100, 1),
(2922, 261, 141, 10, 10, 10, 10, 10, 10, 10, 10, 10, 10, 100, 1),
(2923, 248, 141, 10, 10, 10, 10, 10, 10, 10, 10, 10, 10, 100, 1),
(2924, 263, 143, 10, 10, 10, 10, 10, 10, 10, 10, 10, 10, 100, 1),
(2925, 244, 141, 10, 10, 10, 10, 10, 10, 10, 10, 10, 10, 100, 1),
(2926, 260, 141, 10, 10, 10, 10, 10, 10, 10, 10, 10, 10, 100, 1),
(2927, 261, 142, 10, 10, 10, 10, 10, 10, 10, 10, 10, 10, 100, 1),
(2928, 239, 141, 10, 10, 10, 10, 10, 10, 10, 10, 10, 10, 100, 1),
(2929, 225, 141, 10, 10, 10, 10, 10, 10, 10, 10, 10, 10, 100, 1),
(2930, 265, 141, 10, 10, 10, 10, 10, 10, 10, 10, 10, 10, 100, 1),
(2931, 266, 141, 10, 10, 10, 10, 10, 10, 10, 10, 10, 10, 100, 1),
(2932, 278, 246, 10, 10, 10, 10, 2, 4, 10, 8, 10, 10, 84, 1),
(2933, 234, 143, 10, 10, 10, 6, 10, 10, 10, 10, 10, 10, 96, 1),
(2934, 249, 141, 10, 10, 6, 10, 10, 8, 10, 10, 10, 10, 94, 1),
(2935, 244, 142, 10, 10, 10, 10, 10, 10, 10, 10, 10, 10, 100, 1),
(2936, 230, 141, 8, 4, 8, 10, 10, 6, 10, 10, 10, 10, 86, 1),
(2937, 261, 143, 10, 10, 10, 10, 10, 10, 10, 10, 10, 10, 100, 1),
(2938, 229, 142, 2, 2, 8, 2, 2, 2, 6, 6, 8, 4, 42, 1),
(2939, 238, 141, 10, 10, 10, 10, 10, 10, 10, 10, 10, 10, 100, 1),
(2940, 248, 142, 10, 10, 10, 10, 10, 10, 10, 10, 10, 10, 100, 1),
(2941, 262, 141, 10, 10, 10, 10, 10, 10, 10, 10, 10, 10, 100, 1),
(2942, 281, 141, 10, 10, 10, 10, 10, 6, 8, 10, 10, 10, 94, 1),
(2943, 278, 141, 10, 10, 10, 10, 10, 10, 10, 8, 10, 10, 98, 1),
(2944, 244, 143, 10, 10, 10, 10, 10, 10, 10, 10, 10, 10, 100, 1),
(2945, 261, 246, 10, 10, 10, 10, 10, 10, 10, 10, 10, 10, 100, 1),
(2946, 238, 142, 10, 10, 10, 10, 10, 10, 10, 10, 10, 10, 100, 1),
(2947, 230, 142, 10, 10, 10, 10, 10, 10, 10, 10, 10, 10, 100, 1),
(2948, 229, 141, 8, 6, 8, 4, 6, 8, 6, 4, 6, 6, 62, 1),
(2949, 263, 246, 10, 10, 10, 10, 10, 10, 10, 10, 10, 10, 100, 1),
(2950, 260, 142, 10, 10, 10, 10, 10, 10, 10, 10, 10, 10, 100, 1),
(2951, 248, 143, 10, 10, 10, 10, 10, 10, 10, 10, 10, 10, 100, 1),
(2952, 239, 142, 10, 10, 10, 10, 10, 8, 8, 10, 8, 8, 92, 1),
(2953, 262, 142, 10, 10, 10, 10, 10, 10, 10, 10, 10, 10, 100, 1),
(2954, 266, 142, 10, 10, 10, 10, 10, 10, 10, 10, 10, 10, 100, 1),
(2955, 278, 142, 8, 8, 8, 8, 8, 8, 10, 10, 8, 8, 84, 1),
(2956, 236, 141, 10, 10, 10, 10, 10, 10, 2, 10, 10, 10, 92, 1),
(2957, 238, 143, 10, 10, 10, 10, 10, 6, 6, 6, 10, 10, 88, 1),
(2958, 230, 143, 10, 10, 10, 10, 10, 10, 10, 10, 10, 10, 100, 1),
(2959, 281, 142, 8, 6, 8, 8, 6, 8, 6, 8, 6, 10, 74, 1),
(2960, 282, 141, 8, 8, 8, 8, 8, 8, 8, 8, 8, 8, 80, 1),
(2961, 262, 143, 10, 10, 10, 10, 10, 10, 10, 10, 10, 10, 100, 1),
(2962, 229, 246, 10, 10, 10, 10, 10, 10, 10, 10, 10, 10, 100, 1),
(2963, 248, 246, 10, 10, 10, 10, 10, 10, 10, 10, 10, 10, 100, 1),
(2964, 278, 143, 10, 10, 10, 10, 10, 10, 10, 10, 10, 10, 100, 1),
(2965, 238, 246, 10, 10, 10, 10, 10, 10, 10, 10, 10, 10, 100, 1),
(2966, 260, 143, 10, 10, 10, 10, 10, 10, 10, 10, 10, 10, 100, 1),
(2967, 225, 142, 8, 6, 10, 8, 10, 10, 6, 8, 10, 8, 84, 1),
(2968, 266, 143, 10, 10, 10, 10, 10, 10, 10, 10, 10, 10, 100, 1),
(2969, 265, 142, 8, 10, 10, 10, 8, 10, 10, 8, 10, 8, 92, 1),
(2970, 230, 246, 10, 10, 10, 10, 10, 10, 10, 10, 10, 10, 100, 1),
(2971, 282, 142, 8, 8, 8, 8, 8, 8, 8, 8, 8, 8, 80, 1),
(2972, 262, 246, 10, 10, 10, 10, 10, 10, 10, 10, 10, 10, 100, 1),
(2973, 225, 143, 10, 10, 10, 10, 10, 10, 10, 10, 10, 10, 100, 1),
(2974, 281, 143, 10, 10, 10, 10, 10, 10, 8, 10, 10, 10, 98, 1),
(2975, 244, 246, 10, 10, 10, 10, 10, 10, 10, 10, 10, 10, 100, 1),
(2976, 265, 143, 10, 10, 10, 10, 10, 10, 10, 10, 10, 10, 100, 1),
(2977, 245, 141, 10, 10, 10, 10, 10, 10, 10, 10, 10, 10, 100, 1),
(2978, 239, 143, 8, 10, 10, 10, 8, 8, 8, 10, 10, 10, 92, 1),
(2979, 282, 143, 8, 8, 8, 8, 8, 8, 8, 8, 8, 8, 80, 1),
(2980, 225, 246, 10, 10, 10, 10, 10, 10, 10, 10, 10, 10, 100, 1),
(2981, 260, 246, 10, 10, 10, 10, 10, 10, 10, 10, 10, 10, 100, 1),
(2982, 232, 141, 10, 10, 10, 10, 10, 10, 10, 10, 10, 10, 100, 1),
(2983, 261, 141, 10, 10, 10, 10, 10, 10, 10, 10, 10, 10, 100, 2),
(2984, 278, 141, 10, 10, 10, 10, 10, 10, 10, 10, 10, 10, 100, 2),
(2985, 281, 246, 6, 8, 8, 6, 10, 10, 10, 10, 10, 10, 88, 1),
(2986, 265, 246, 10, 10, 10, 10, 10, 10, 10, 10, 10, 10, 100, 1),
(2987, 252, 141, 10, 8, 10, 6, 6, 6, 8, 8, 8, 10, 80, 1),
(2988, 248, 141, 10, 10, 10, 10, 10, 10, 10, 10, 10, 10, 100, 2),
(2989, 282, 246, 8, 8, 8, 8, 8, 8, 8, 8, 8, 8, 80, 1),
(2990, 236, 142, 8, 8, 8, 10, 10, 6, 8, 8, 10, 10, 86, 1),
(2991, 274, 141, 8, 8, 8, 10, 10, 10, 8, 10, 6, 2, 80, 1),
(2992, 261, 142, 10, 10, 10, 10, 10, 10, 10, 10, 10, 10, 100, 2),
(2993, 245, 142, 10, 10, 10, 10, 10, 10, 10, 8, 8, 8, 94, 1),
(2994, 266, 246, 10, 10, 10, 10, 10, 10, 10, 10, 10, 10, 100, 1),
(2995, 278, 142, 10, 10, 10, 10, 10, 10, 10, 10, 10, 10, 100, 2),
(2996, 230, 141, 10, 10, 10, 10, 10, 10, 10, 10, 10, 10, 100, 2),
(2997, 239, 246, 10, 10, 10, 10, 10, 10, 10, 10, 10, 10, 100, 1),
(2998, 265, 141, 10, 10, 10, 10, 10, 10, 10, 10, 10, 10, 100, 2),
(2999, 244, 141, 10, 10, 10, 10, 10, 10, 10, 10, 10, 10, 100, 2),
(3000, 225, 141, 10, 10, 10, 10, 10, 10, 10, 10, 10, 10, 100, 2),
(3001, 232, 142, 6, 6, 8, 10, 8, 6, 10, 8, 4, 2, 68, 1),
(3002, 261, 143, 10, 10, 10, 10, 10, 10, 10, 10, 10, 10, 100, 2),
(3003, 236, 143, 6, 6, 6, 2, 2, 8, 8, 2, 2, 2, 44, 1),
(3004, 245, 143, 10, 10, 10, 10, 10, 10, 10, 10, 10, 10, 100, 1),
(3005, 265, 142, 10, 10, 10, 10, 10, 10, 10, 10, 10, 10, 100, 2),
(3006, 230, 142, 10, 10, 10, 10, 10, 10, 10, 10, 10, 10, 100, 2),
(3007, 244, 142, 10, 10, 10, 10, 10, 10, 10, 10, 10, 10, 100, 2),
(3008, 225, 142, 10, 10, 10, 10, 10, 10, 10, 10, 10, 10, 100, 2),
(3009, 248, 142, 10, 10, 10, 10, 10, 10, 10, 10, 10, 10, 100, 2),
(3010, 232, 143, 10, 10, 10, 10, 10, 10, 10, 10, 10, 10, 100, 1),
(3011, 252, 142, 10, 6, 6, 6, 6, 6, 6, 6, 6, 10, 68, 1),
(3012, 278, 143, 10, 10, 8, 10, 10, 10, 10, 10, 10, 10, 98, 2),
(3013, 262, 141, 10, 10, 10, 10, 10, 10, 10, 10, 10, 10, 100, 2),
(3014, 265, 143, 10, 10, 10, 10, 10, 10, 10, 10, 10, 10, 100, 2),
(3015, 236, 246, 10, 10, 10, 10, 10, 10, 10, 10, 10, 10, 100, 1),
(3016, 244, 143, 10, 10, 10, 10, 10, 10, 10, 10, 10, 10, 100, 2),
(3017, 245, 246, 10, 10, 10, 10, 10, 10, 10, 10, 10, 10, 100, 1),
(3018, 261, 246, 10, 10, 10, 10, 10, 10, 10, 10, 10, 10, 100, 2),
(3019, 225, 143, 10, 10, 10, 10, 10, 8, 10, 10, 10, 10, 98, 2),
(3020, 230, 143, 10, 10, 8, 8, 8, 8, 8, 8, 8, 8, 84, 2),
(3021, 248, 143, 10, 10, 10, 10, 10, 10, 10, 10, 10, 10, 100, 2),
(3022, 249, 142, 10, 10, 10, 10, 10, 10, 10, 10, 10, 10, 100, 2),
(3023, 232, 246, 10, 10, 10, 10, 10, 10, 10, 10, 10, 10, 100, 1),
(3024, 278, 246, 8, 8, 8, 8, 8, 6, 8, 8, 8, 8, 78, 2),
(3025, 262, 142, 10, 10, 10, 10, 10, 10, 10, 10, 10, 10, 100, 2),
(3026, 266, 141, 10, 10, 10, 10, 10, 10, 10, 10, 10, 10, 100, 2),
(3027, 260, 141, 10, 10, 10, 10, 10, 10, 10, 10, 10, 10, 100, 2),
(3028, 265, 246, 10, 10, 10, 10, 10, 10, 10, 10, 10, 10, 100, 2),
(3029, 252, 143, 10, 10, 10, 10, 10, 10, 10, 10, 10, 10, 100, 1),
(3030, 225, 246, 10, 10, 10, 10, 10, 10, 10, 10, 10, 10, 100, 2),
(3031, 244, 246, 10, 10, 10, 10, 10, 10, 10, 10, 10, 10, 100, 2),
(3032, 230, 246, 10, 10, 10, 10, 10, 10, 10, 10, 10, 10, 100, 2),
(3033, 248, 246, 10, 10, 10, 10, 10, 10, 10, 10, 10, 10, 100, 2),
(3034, 274, 246, 10, 10, 10, 10, 10, 10, 10, 10, 10, 10, 100, 2),
(3035, 273, 141, 8, 8, 8, 8, 8, 8, 10, 8, 8, 8, 82, 1),
(3036, 262, 143, 10, 10, 10, 10, 10, 10, 10, 10, 10, 10, 100, 2),
(3037, 249, 141, 10, 10, 10, 10, 10, 10, 10, 10, 10, 10, 100, 2),
(3038, 266, 142, 10, 10, 10, 10, 10, 10, 10, 10, 10, 10, 100, 2),
(3039, 260, 142, 10, 10, 10, 10, 10, 10, 10, 10, 10, 10, 100, 2),
(3040, 236, 141, 10, 10, 10, 10, 10, 10, 2, 10, 10, 10, 92, 2),
(3041, 249, 143, 10, 10, 10, 10, 10, 10, 10, 10, 10, 10, 100, 2),
(3042, 260, 143, 10, 10, 10, 10, 10, 10, 10, 10, 10, 10, 100, 2),
(3043, 252, 246, 10, 4, 4, 4, 4, 4, 4, 4, 4, 10, 52, 1),
(3044, 242, 141, 10, 8, 10, 8, 10, 8, 10, 8, 10, 8, 90, 1),
(3045, 262, 246, 10, 10, 10, 10, 10, 10, 10, 10, 10, 10, 100, 2),
(3046, 273, 142, 8, 8, 8, 8, 8, 8, 10, 10, 10, 10, 88, 1),
(3047, 266, 143, 10, 10, 10, 10, 10, 10, 10, 10, 10, 10, 100, 2),
(3048, 236, 142, 6, 6, 8, 6, 8, 6, 10, 8, 2, 2, 62, 2),
(3049, 249, 246, 10, 10, 10, 10, 10, 10, 10, 10, 10, 10, 100, 2),
(3050, 260, 246, 10, 10, 10, 10, 10, 10, 10, 10, 10, 10, 100, 2),
(3051, 282, 141, 8, 8, 8, 8, 8, 8, 8, 8, 8, 8, 80, 2),
(3052, 236, 143, 6, 6, 6, 4, 6, 6, 6, 6, 6, 6, 58, 2),
(3053, 273, 143, 6, 8, 10, 8, 8, 10, 8, 10, 10, 8, 86, 1),
(3054, 252, 141, 10, 10, 10, 10, 10, 10, 10, 10, 10, 10, 100, 2),
(3055, 282, 142, 8, 8, 8, 8, 8, 8, 8, 8, 8, 8, 80, 2),
(3056, 281, 141, 10, 10, 10, 10, 10, 10, 8, 10, 10, 10, 98, 2),
(3057, 236, 246, 10, 10, 10, 10, 10, 10, 10, 10, 10, 10, 100, 2),
(3058, 232, 141, 10, 10, 10, 10, 10, 10, 10, 10, 10, 10, 100, 2),
(3059, 252, 143, 10, 10, 10, 10, 10, 10, 10, 10, 10, 10, 100, 2),
(3060, 282, 143, 8, 8, 8, 8, 8, 8, 8, 8, 8, 8, 80, 2),
(3061, 266, 246, 10, 10, 10, 10, 10, 10, 10, 10, 10, 10, 100, 2),
(3062, 273, 246, 6, 8, 8, 8, 8, 8, 8, 8, 8, 8, 78, 1),
(3063, 281, 142, 8, 6, 8, 8, 6, 6, 4, 6, 6, 6, 64, 2),
(3064, 232, 143, 10, 10, 10, 10, 10, 10, 10, 10, 10, 10, 100, 2),
(3065, 242, 142, 10, 10, 10, 10, 10, 10, 10, 10, 10, 10, 100, 1),
(3066, 282, 246, 8, 8, 8, 8, 8, 8, 8, 8, 8, 8, 80, 2),
(3067, 249, 142, 10, 10, 10, 10, 10, 10, 10, 10, 10, 10, 100, 1),
(3068, 281, 143, 10, 10, 8, 10, 8, 10, 10, 10, 10, 10, 96, 2),
(3069, 249, 143, 10, 10, 10, 10, 10, 10, 10, 10, 10, 10, 100, 1),
(3070, 252, 142, 2, 2, 2, 2, 2, 2, 2, 2, 2, 2, 20, 2),
(3071, 273, 141, 10, 10, 10, 10, 10, 10, 8, 10, 10, 8, 96, 2),
(3072, 232, 142, 8, 6, 4, 2, 6, 8, 10, 8, 6, 4, 62, 2),
(3073, 281, 246, 8, 6, 8, 6, 8, 8, 6, 6, 6, 6, 68, 2),
(3074, 249, 246, 10, 10, 10, 10, 10, 10, 10, 10, 10, 10, 100, 1),
(3075, 242, 246, 10, 10, 10, 10, 10, 10, 10, 10, 10, 10, 100, 1),
(3076, 232, 246, 10, 10, 10, 10, 10, 10, 10, 10, 10, 10, 100, 2),
(3077, 273, 142, 10, 10, 10, 8, 8, 10, 8, 8, 8, 8, 88, 2),
(3078, 283, 143, 10, 10, 10, 8, 6, 6, 8, 2, 10, 8, 78, 1),
(3079, 273, 143, 10, 10, 10, 10, 10, 10, 10, 10, 10, 10, 100, 2),
(3080, 252, 246, 2, 4, 6, 8, 10, 2, 4, 6, 8, 10, 60, 2),
(3081, 273, 246, 10, 10, 10, 10, 10, 10, 10, 10, 10, 10, 100, 2),
(3082, 242, 143, 10, 10, 10, 10, 10, 10, 10, 10, 10, 10, 100, 1),
(3083, 234, 246, 10, 10, 10, 10, 10, 10, 10, 10, 10, 10, 100, 1),
(3084, 245, 141, 10, 10, 10, 10, 10, 10, 10, 10, 10, 10, 100, 2),
(3085, 245, 142, 10, 10, 10, 10, 10, 10, 10, 10, 10, 10, 100, 2),
(3086, 245, 143, 10, 10, 10, 10, 10, 10, 10, 10, 10, 10, 100, 2),
(3087, 242, 141, 10, 10, 10, 10, 10, 10, 10, 10, 10, 10, 100, 2),
(3088, 288, 141, 10, 10, 10, 10, 10, 10, 10, 10, 10, 10, 100, 1),
(3089, 283, 246, 8, 8, 8, 2, 6, 8, 6, 6, 8, 6, 66, 1),
(3090, 245, 246, 10, 10, 10, 10, 10, 10, 10, 10, 10, 10, 100, 2),
(3091, 242, 143, 10, 10, 10, 10, 10, 10, 10, 10, 10, 10, 100, 2),
(3092, 288, 142, 10, 10, 10, 10, 10, 10, 10, 10, 10, 10, 100, 1),
(3093, 288, 143, 10, 10, 10, 10, 10, 10, 10, 10, 10, 10, 100, 1),
(3094, 283, 142, 6, 6, 8, 8, 6, 8, 8, 6, 8, 8, 72, 1),
(3095, 288, 246, 10, 10, 10, 10, 10, 10, 10, 10, 10, 10, 100, 1),
(3096, 283, 141, 8, 8, 8, 8, 8, 8, 8, 8, 8, 8, 80, 1),
(3097, 242, 142, 10, 10, 10, 10, 10, 10, 10, 10, 10, 10, 100, 2),
(3098, 234, 141, 10, 10, 10, 10, 10, 10, 10, 8, 10, 10, 98, 2),
(3099, 234, 142, 6, 6, 8, 10, 10, 10, 10, 10, 10, 10, 90, 2),
(3100, 234, 143, 10, 10, 10, 6, 10, 10, 10, 10, 10, 10, 96, 2),
(3101, 268, 141, 10, 10, 10, 10, 10, 10, 10, 10, 10, 10, 100, 1),
(3102, 234, 246, 10, 10, 10, 10, 10, 10, 10, 10, 10, 10, 100, 2),
(3103, 284, 141, 4, 4, 4, 4, 4, 4, 4, 4, 4, 4, 40, 1),
(3104, 268, 142, 10, 10, 10, 10, 10, 10, 10, 10, 10, 10, 100, 1),
(3105, 284, 142, 10, 10, 10, 10, 10, 10, 10, 10, 10, 10, 100, 1),
(3106, 268, 143, 10, 10, 10, 10, 10, 10, 10, 10, 10, 10, 100, 1),
(3107, 284, 143, 10, 10, 10, 10, 10, 10, 10, 10, 10, 10, 100, 1),
(3108, 284, 246, 10, 10, 10, 10, 10, 10, 10, 10, 10, 10, 100, 1),
(3109, 268, 246, 10, 10, 10, 10, 10, 10, 10, 10, 10, 10, 100, 1),
(3110, 284, 141, 4, 4, 4, 4, 4, 2, 2, 2, 2, 4, 32, 2),
(3111, 351, 123, 8, 6, 8, 6, 8, 6, 8, 4, 8, 10, 72, 1),
(3112, 362, 123, 8, 8, 6, 10, 8, 8, 10, 8, 10, 8, 84, 1),
(3113, 367, 123, 8, 10, 6, 8, 10, 8, 8, 8, 8, 8, 82, 1),
(3114, 351, 124, 8, 8, 6, 10, 8, 8, 8, 8, 8, 8, 80, 1),
(3115, 362, 124, 10, 10, 10, 10, 10, 8, 10, 8, 10, 10, 96, 1),
(3116, 362, 125, 10, 10, 10, 10, 10, 10, 10, 10, 10, 10, 100, 1),
(3117, 351, 125, 8, 8, 8, 8, 8, 8, 8, 8, 8, 8, 80, 1),
(3118, 367, 124, 10, 10, 8, 10, 8, 8, 8, 8, 8, 10, 88, 1),
(3119, 351, 126, 8, 6, 4, 8, 6, 6, 6, 8, 6, 8, 66, 1),
(3120, 367, 125, 10, 10, 10, 10, 10, 10, 10, 10, 10, 8, 98, 1),
(3121, 362, 126, 8, 6, 8, 6, 6, 6, 8, 8, 6, 10, 72, 1),
(3122, 351, 128, 8, 8, 8, 8, 8, 6, 6, 8, 8, 8, 76, 1),
(3123, 362, 127, 6, 8, 6, 8, 6, 8, 6, 8, 6, 8, 70, 1),
(3124, 351, 127, 8, 6, 8, 8, 6, 8, 8, 8, 8, 8, 76, 1),
(3125, 351, 129, 8, 8, 8, 8, 8, 8, 8, 6, 8, 4, 74, 1),
(3126, 362, 128, 10, 10, 10, 6, 8, 10, 8, 8, 8, 8, 86, 1),
(3127, 351, 130, 8, 8, 8, 8, 8, 8, 8, 8, 8, 8, 80, 1),
(3128, 367, 126, 8, 10, 10, 10, 10, 10, 8, 10, 8, 8, 92, 1),
(3129, 362, 129, 8, 8, 6, 8, 6, 10, 8, 6, 8, 6, 74, 1),
(3130, 362, 130, 10, 8, 10, 8, 8, 10, 8, 10, 8, 10, 90, 1),
(3131, 367, 127, 10, 8, 8, 8, 8, 8, 8, 8, 10, 8, 84, 1),
(3132, 351, 131, 8, 8, 8, 8, 8, 8, 8, 8, 8, 8, 80, 1),
(3133, 362, 131, 8, 6, 6, 6, 8, 6, 10, 8, 8, 8, 74, 1),
(3134, 351, 123, 8, 8, 6, 8, 8, 8, 10, 8, 6, 6, 76, 2),
(3135, 351, 124, 8, 8, 8, 6, 8, 8, 8, 8, 8, 8, 78, 2),
(3136, 367, 128, 10, 8, 8, 8, 6, 8, 8, 10, 8, 10, 84, 1),
(3137, 362, 123, 8, 10, 8, 10, 8, 10, 8, 10, 8, 10, 90, 2),
(3138, 351, 125, 8, 10, 8, 10, 8, 10, 8, 10, 8, 10, 90, 2),
(3139, 362, 124, 10, 8, 8, 10, 8, 8, 10, 8, 8, 10, 88, 2),
(3140, 351, 126, 8, 8, 6, 6, 8, 8, 8, 8, 8, 8, 76, 2),
(3141, 362, 125, 10, 10, 10, 10, 10, 10, 10, 10, 10, 10, 100, 2),
(3142, 367, 129, 10, 8, 8, 10, 8, 8, 8, 8, 10, 10, 88, 1),
(3143, 351, 127, 8, 8, 10, 6, 8, 8, 8, 10, 6, 4, 76, 2),
(3144, 362, 126, 8, 8, 10, 8, 6, 8, 8, 10, 8, 8, 82, 2),
(3145, 351, 128, 8, 8, 8, 8, 8, 8, 8, 8, 8, 8, 80, 2),
(3146, 353, 123, 8, 8, 8, 8, 8, 8, 8, 6, 8, 8, 78, 1),
(3147, 367, 130, 10, 8, 10, 8, 8, 8, 8, 8, 10, 10, 88, 1),
(3148, 362, 127, 6, 4, 6, 6, 8, 8, 6, 10, 8, 8, 70, 2),
(3149, 353, 126, 8, 8, 8, 8, 8, 8, 8, 8, 8, 8, 80, 1),
(3150, 351, 129, 6, 8, 8, 8, 8, 8, 8, 8, 8, 8, 78, 2),
(3151, 367, 131, 10, 10, 10, 10, 10, 10, 8, 8, 8, 10, 94, 1),
(3152, 353, 125, 10, 10, 10, 10, 8, 10, 10, 6, 10, 10, 94, 1),
(3153, 351, 130, 8, 8, 6, 8, 8, 8, 8, 8, 8, 8, 78, 2),
(3154, 362, 128, 8, 6, 8, 6, 8, 6, 8, 8, 6, 8, 72, 2),
(3155, 351, 131, 8, 6, 6, 6, 8, 8, 6, 8, 8, 6, 70, 2),
(3156, 362, 129, 6, 10, 8, 8, 6, 8, 6, 8, 8, 6, 74, 2),
(3157, 362, 130, 10, 8, 10, 8, 10, 10, 10, 10, 10, 8, 94, 2),
(3158, 362, 131, 8, 8, 6, 8, 8, 6, 8, 6, 6, 8, 72, 2),
(3159, 367, 123, 8, 10, 10, 8, 10, 10, 8, 8, 10, 10, 92, 2),
(3160, 367, 124, 10, 10, 10, 8, 8, 8, 10, 8, 8, 10, 90, 2),
(3161, 367, 125, 8, 10, 8, 8, 10, 8, 8, 10, 8, 10, 88, 2),
(3162, 367, 126, 10, 10, 8, 8, 10, 10, 8, 8, 8, 10, 90, 2),
(3163, 367, 127, 8, 10, 8, 8, 10, 8, 10, 8, 10, 10, 90, 2),
(3164, 367, 128, 10, 8, 10, 10, 8, 10, 8, 8, 8, 10, 90, 2),
(3165, 162, 145, 10, 10, 10, 10, 10, 10, 10, 10, 10, 10, 100, 1),
(3166, 367, 129, 10, 10, 10, 10, 10, 8, 8, 8, 8, 10, 92, 2),
(3167, 200, 144, 6, 4, 6, 6, 8, 10, 8, 8, 6, 8, 70, 1),
(3168, 162, 144, 10, 10, 10, 10, 10, 10, 10, 10, 10, 10, 100, 1),
(3169, 367, 130, 10, 8, 10, 8, 10, 10, 10, 8, 8, 10, 92, 2),
(3170, 413, 123, 6, 4, 6, 10, 8, 8, 8, 10, 8, 8, 76, 1),
(3171, 162, 146, 10, 10, 10, 10, 10, 10, 10, 10, 10, 10, 100, 1),
(3172, 367, 131, 10, 10, 8, 8, 8, 10, 10, 10, 8, 10, 92, 2),
(3173, 200, 145, 6, 6, 8, 8, 8, 6, 8, 8, 10, 6, 74, 1),
(3174, 162, 247, 10, 10, 10, 10, 10, 10, 10, 10, 10, 10, 100, 1),
(3175, 200, 146, 6, 6, 8, 10, 6, 8, 10, 6, 8, 10, 78, 1),
(3176, 162, 144, 10, 10, 10, 10, 10, 10, 10, 10, 10, 10, 100, 2),
(3177, 413, 126, 8, 8, 6, 10, 8, 8, 8, 10, 8, 8, 82, 1),
(3178, 162, 145, 10, 10, 10, 10, 10, 10, 10, 10, 10, 10, 100, 2),
(3179, 162, 146, 10, 10, 10, 10, 10, 10, 10, 10, 10, 10, 100, 2),
(3180, 200, 247, 8, 8, 8, 8, 4, 6, 10, 10, 10, 6, 78, 1),
(3181, 162, 247, 10, 10, 10, 10, 10, 10, 10, 10, 10, 10, 100, 2),
(3182, 413, 124, 8, 10, 8, 10, 8, 8, 10, 8, 8, 8, 86, 1),
(3183, 200, 144, 10, 10, 10, 6, 10, 10, 8, 8, 10, 10, 92, 2),
(3184, 413, 125, 8, 10, 8, 8, 8, 8, 10, 8, 8, 10, 86, 1),
(3185, 353, 123, 8, 8, 8, 8, 8, 8, 8, 8, 8, 8, 80, 2),
(3186, 353, 124, 8, 8, 8, 8, 8, 8, 8, 8, 8, 8, 80, 2),
(3187, 353, 125, 8, 8, 8, 8, 8, 8, 8, 8, 8, 8, 80, 2),
(3188, 397, 124, 10, 10, 8, 10, 8, 10, 10, 8, 10, 10, 94, 1),
(3189, 413, 127, 8, 6, 8, 8, 8, 6, 8, 8, 8, 10, 78, 1),
(3190, 200, 145, 10, 10, 10, 8, 8, 8, 8, 8, 8, 8, 86, 2),
(3191, 397, 123, 10, 10, 8, 10, 8, 10, 10, 8, 10, 8, 92, 1),
(3192, 397, 125, 8, 10, 8, 10, 10, 8, 10, 8, 10, 8, 90, 1),
(3193, 413, 128, 8, 8, 10, 8, 8, 8, 8, 8, 8, 8, 82, 1),
(3194, 353, 127, 8, 8, 8, 8, 8, 8, 8, 8, 8, 8, 80, 2),
(3195, 397, 126, 8, 8, 10, 10, 10, 8, 8, 10, 10, 8, 90, 1),
(3196, 397, 127, 10, 10, 10, 10, 8, 8, 8, 10, 10, 8, 92, 1),
(3197, 353, 126, 8, 8, 8, 8, 8, 8, 8, 8, 8, 8, 80, 2),
(3198, 402, 123, 8, 8, 8, 6, 8, 8, 8, 8, 8, 8, 78, 1),
(3199, 407, 123, 10, 10, 10, 10, 10, 10, 10, 10, 10, 10, 100, 1),
(3200, 397, 128, 8, 10, 10, 8, 8, 10, 8, 10, 8, 10, 90, 1),
(3201, 402, 124, 10, 10, 10, 10, 8, 10, 10, 8, 10, 8, 94, 1),
(3202, 353, 128, 8, 8, 8, 8, 10, 10, 10, 8, 10, 10, 90, 2),
(3203, 413, 129, 8, 8, 6, 8, 8, 8, 8, 8, 8, 8, 78, 1),
(3204, 397, 129, 8, 8, 8, 10, 8, 10, 8, 8, 10, 8, 86, 1),
(3205, 382, 123, 8, 10, 8, 10, 8, 6, 10, 8, 8, 8, 84, 1),
(3206, 200, 146, 6, 10, 10, 8, 10, 8, 10, 6, 8, 6, 82, 2),
(3207, 402, 125, 8, 10, 10, 8, 8, 10, 10, 10, 10, 8, 92, 1),
(3208, 353, 129, 8, 8, 8, 8, 8, 8, 8, 8, 8, 8, 80, 2),
(3209, 397, 130, 10, 10, 10, 10, 10, 8, 10, 10, 8, 10, 96, 1),
(3210, 407, 124, 10, 10, 10, 10, 10, 10, 10, 10, 10, 10, 100, 1),
(3211, 200, 247, 8, 8, 8, 8, 10, 8, 10, 10, 10, 10, 90, 2),
(3212, 353, 130, 8, 8, 8, 8, 8, 8, 8, 8, 8, 8, 80, 2),
(3213, 402, 126, 8, 6, 8, 6, 8, 8, 8, 6, 8, 10, 76, 1),
(3214, 397, 131, 10, 10, 10, 10, 10, 10, 10, 8, 8, 10, 96, 1),
(3215, 377, 123, 10, 10, 10, 10, 10, 10, 10, 10, 10, 10, 100, 1),
(3216, 353, 131, 10, 8, 8, 8, 8, 8, 8, 8, 8, 8, 82, 2),
(3217, 407, 125, 10, 10, 10, 10, 10, 10, 10, 10, 10, 10, 100, 1),
(3218, 377, 124, 10, 10, 10, 10, 10, 10, 10, 10, 10, 10, 100, 1),
(3219, 402, 127, 8, 8, 10, 8, 10, 8, 10, 8, 8, 10, 88, 1),
(3220, 413, 130, 8, 8, 6, 8, 8, 6, 6, 8, 6, 6, 70, 1),
(3221, 407, 126, 10, 10, 10, 10, 10, 10, 10, 10, 10, 10, 100, 1),
(3222, 377, 125, 10, 10, 10, 10, 10, 10, 10, 10, 10, 10, 100, 1),
(3223, 402, 128, 8, 10, 10, 10, 10, 10, 8, 10, 8, 8, 92, 1),
(3224, 356, 123, 10, 10, 8, 10, 10, 8, 10, 10, 10, 10, 96, 1),
(3225, 407, 127, 10, 10, 10, 10, 10, 10, 10, 10, 10, 10, 100, 1),
(3226, 402, 129, 8, 8, 10, 10, 10, 8, 8, 10, 8, 10, 90, 1),
(3227, 353, 124, 8, 8, 8, 8, 8, 8, 8, 8, 8, 8, 80, 1),
(3228, 402, 130, 10, 10, 10, 10, 10, 10, 10, 10, 10, 10, 100, 1),
(3229, 353, 127, 8, 8, 8, 8, 8, 8, 8, 8, 8, 8, 80, 1),
(3230, 356, 124, 10, 10, 10, 10, 10, 10, 10, 10, 10, 10, 100, 1),
(3231, 407, 128, 10, 10, 10, 10, 10, 10, 10, 10, 10, 10, 100, 1),
(3232, 402, 131, 10, 10, 10, 10, 10, 10, 8, 10, 8, 10, 96, 1),
(3233, 382, 124, 10, 10, 8, 8, 6, 10, 8, 10, 10, 8, 88, 1),
(3234, 353, 128, 10, 10, 10, 10, 10, 10, 10, 10, 10, 8, 98, 1),
(3235, 413, 131, 8, 8, 10, 8, 10, 8, 10, 10, 8, 10, 90, 1),
(3236, 356, 125, 10, 8, 8, 10, 10, 10, 10, 10, 10, 10, 96, 1),
(3237, 407, 129, 10, 10, 10, 10, 10, 10, 10, 10, 10, 10, 100, 1),
(3238, 353, 129, 8, 8, 8, 8, 8, 8, 8, 8, 8, 8, 80, 1),
(3239, 382, 125, 8, 10, 10, 8, 10, 6, 10, 10, 8, 6, 86, 1),
(3240, 377, 126, 10, 10, 6, 6, 8, 8, 8, 8, 8, 8, 80, 1),
(3241, 353, 130, 8, 8, 8, 8, 8, 8, 8, 8, 8, 8, 80, 1),
(3242, 368, 123, 10, 8, 10, 8, 8, 8, 8, 10, 8, 10, 88, 1),
(3243, 407, 130, 10, 10, 10, 10, 10, 10, 10, 10, 10, 10, 100, 1),
(3244, 356, 126, 10, 10, 10, 10, 10, 10, 10, 10, 10, 10, 100, 1),
(3245, 382, 126, 8, 10, 10, 8, 6, 10, 10, 8, 10, 8, 88, 1),
(3246, 377, 127, 8, 8, 10, 10, 8, 8, 10, 8, 6, 6, 82, 1),
(3247, 364, 123, 8, 10, 8, 8, 10, 8, 6, 8, 8, 10, 84, 1),
(3248, 368, 124, 8, 10, 8, 10, 8, 10, 8, 10, 8, 10, 90, 1),
(3249, 407, 131, 10, 10, 10, 10, 10, 10, 10, 10, 10, 10, 100, 1),
(3250, 412, 123, 8, 8, 8, 8, 10, 10, 10, 10, 10, 10, 92, 1),
(3251, 377, 128, 8, 6, 8, 8, 8, 10, 10, 8, 10, 8, 84, 1),
(3252, 382, 127, 8, 8, 10, 10, 6, 10, 10, 10, 8, 8, 88, 1),
(3253, 356, 127, 10, 8, 8, 10, 8, 8, 10, 10, 10, 10, 92, 1),
(3254, 359, 123, 6, 6, 8, 4, 2, 2, 6, 6, 8, 10, 58, 1),
(3255, 402, 123, 8, 10, 8, 8, 8, 10, 8, 10, 8, 10, 88, 2),
(3256, 364, 124, 10, 10, 10, 8, 8, 8, 10, 8, 8, 10, 90, 1),
(3257, 412, 124, 8, 8, 10, 10, 8, 8, 8, 8, 8, 8, 84, 1),
(3258, 368, 125, 10, 10, 10, 10, 10, 8, 10, 8, 10, 10, 96, 1),
(3259, 402, 124, 10, 8, 10, 8, 10, 8, 10, 8, 10, 8, 90, 2),
(3260, 382, 128, 10, 6, 10, 8, 10, 8, 8, 8, 6, 10, 84, 1),
(3261, 412, 125, 10, 10, 10, 10, 8, 8, 8, 8, 8, 8, 88, 1),
(3262, 359, 124, 10, 10, 10, 10, 10, 10, 10, 10, 10, 10, 100, 1),
(3263, 356, 128, 10, 10, 10, 10, 10, 10, 10, 10, 10, 10, 100, 1),
(3264, 393, 123, 10, 10, 10, 10, 10, 10, 10, 10, 10, 10, 100, 1),
(3265, 368, 126, 8, 8, 8, 8, 10, 8, 10, 8, 10, 6, 84, 1),
(3266, 402, 125, 10, 8, 10, 8, 10, 8, 6, 8, 6, 8, 82, 2),
(3267, 361, 123, 10, 10, 10, 10, 10, 10, 10, 10, 10, 10, 100, 1),
(3268, 364, 125, 10, 10, 10, 10, 10, 8, 8, 10, 10, 8, 94, 1),
(3269, 386, 123, 10, 10, 10, 10, 10, 10, 10, 10, 10, 10, 100, 1),
(3270, 412, 126, 6, 6, 6, 6, 6, 8, 6, 8, 8, 8, 68, 1),
(3271, 353, 131, 10, 10, 10, 8, 8, 8, 8, 8, 8, 8, 86, 1),
(3272, 361, 124, 10, 10, 10, 10, 10, 10, 10, 10, 10, 10, 100, 1),
(3273, 382, 129, 8, 10, 10, 8, 8, 8, 6, 8, 10, 8, 84, 1),
(3274, 368, 127, 10, 10, 8, 8, 10, 10, 8, 10, 10, 10, 94, 1),
(3275, 402, 126, 6, 8, 6, 8, 6, 10, 8, 6, 8, 6, 72, 2),
(3276, 356, 129, 10, 10, 10, 10, 10, 10, 10, 10, 10, 10, 100, 1),
(3277, 377, 129, 10, 10, 10, 10, 10, 10, 10, 10, 10, 10, 100, 1),
(3278, 393, 124, 10, 10, 10, 10, 10, 10, 10, 10, 10, 10, 100, 1),
(3279, 389, 123, 10, 10, 10, 10, 8, 10, 8, 10, 8, 10, 94, 1),
(3280, 386, 124, 10, 10, 10, 10, 10, 10, 10, 10, 10, 10, 100, 1),
(3281, 407, 123, 10, 10, 10, 10, 10, 10, 10, 10, 10, 10, 100, 2),
(3282, 412, 127, 10, 10, 10, 10, 10, 10, 10, 8, 8, 6, 92, 1),
(3283, 364, 126, 10, 6, 10, 8, 10, 10, 8, 6, 6, 8, 82, 1),
(3284, 369, 123, 8, 8, 8, 8, 8, 8, 8, 6, 8, 10, 80, 1),
(3285, 359, 125, 2, 4, 6, 4, 6, 4, 2, 2, 4, 6, 40, 1),
(3286, 368, 128, 10, 10, 10, 10, 10, 10, 10, 10, 10, 10, 100, 1),
(3287, 393, 129, 10, 10, 10, 10, 10, 10, 10, 10, 10, 10, 100, 1),
(3288, 386, 125, 10, 10, 10, 10, 10, 10, 10, 10, 10, 10, 100, 1),
(3289, 382, 130, 8, 10, 8, 8, 8, 6, 10, 10, 10, 8, 86, 1),
(3290, 356, 130, 10, 10, 10, 10, 10, 10, 10, 10, 10, 10, 100, 1),
(3291, 389, 124, 10, 10, 8, 8, 8, 8, 8, 8, 8, 8, 84, 1),
(3292, 412, 128, 10, 10, 10, 10, 10, 10, 10, 10, 10, 10, 100, 1),
(3293, 402, 127, 10, 8, 10, 8, 10, 8, 10, 8, 8, 8, 88, 2),
(3294, 413, 123, 8, 8, 10, 8, 8, 8, 10, 8, 8, 8, 84, 2),
(3295, 407, 124, 10, 10, 10, 10, 10, 10, 10, 10, 10, 10, 100, 2),
(3296, 364, 127, 10, 8, 10, 8, 6, 6, 8, 8, 8, 8, 80, 1),
(3297, 359, 126, 10, 10, 10, 10, 10, 10, 8, 10, 10, 10, 98, 1),
(3298, 368, 129, 8, 8, 8, 8, 8, 8, 6, 8, 8, 6, 76, 1),
(3299, 386, 126, 10, 10, 10, 10, 10, 10, 10, 10, 10, 10, 100, 1),
(3300, 369, 124, 10, 10, 10, 10, 10, 10, 10, 10, 10, 10, 100, 1),
(3301, 361, 125, 10, 10, 10, 10, 10, 10, 10, 10, 10, 10, 100, 1),
(3302, 389, 125, 10, 10, 10, 8, 8, 8, 8, 8, 8, 8, 86, 1),
(3303, 402, 128, 10, 10, 10, 8, 6, 8, 10, 8, 6, 10, 86, 2),
(3304, 412, 129, 8, 8, 10, 10, 10, 8, 10, 8, 10, 10, 92, 1),
(3305, 386, 127, 10, 10, 10, 10, 10, 10, 10, 10, 10, 10, 100, 1),
(3306, 377, 130, 10, 10, 10, 10, 10, 10, 10, 10, 10, 10, 100, 1),
(3307, 413, 124, 8, 6, 8, 6, 8, 8, 8, 8, 8, 8, 76, 2),
(3308, 382, 131, 8, 8, 10, 8, 8, 8, 6, 10, 8, 10, 84, 1),
(3309, 407, 125, 10, 10, 10, 10, 10, 10, 10, 10, 10, 10, 100, 2),
(3310, 393, 131, 10, 10, 10, 10, 10, 10, 10, 10, 10, 10, 100, 1),
(3311, 368, 130, 10, 10, 10, 10, 10, 10, 10, 10, 10, 10, 100, 1),
(3312, 361, 126, 10, 8, 8, 8, 8, 8, 6, 6, 6, 8, 76, 1),
(3313, 364, 128, 8, 8, 10, 8, 8, 10, 10, 10, 8, 10, 90, 1),
(3314, 386, 128, 10, 10, 10, 10, 10, 10, 10, 10, 10, 10, 100, 1),
(3315, 402, 129, 8, 6, 8, 6, 10, 10, 8, 6, 8, 10, 80, 2),
(3316, 377, 131, 10, 10, 10, 10, 10, 10, 10, 10, 10, 10, 100, 1),
(3317, 412, 130, 10, 8, 8, 8, 8, 8, 8, 8, 8, 8, 82, 1),
(3318, 359, 127, 2, 2, 2, 2, 2, 4, 4, 2, 2, 4, 26, 1),
(3319, 389, 126, 10, 10, 10, 10, 10, 10, 10, 10, 10, 10, 100, 1),
(3320, 413, 125, 8, 8, 8, 8, 10, 10, 8, 8, 8, 8, 84, 2),
(3321, 368, 131, 10, 10, 10, 10, 10, 10, 10, 10, 10, 10, 100, 1),
(3322, 361, 127, 10, 10, 10, 10, 10, 10, 10, 10, 10, 10, 100, 1),
(3323, 386, 129, 10, 10, 10, 10, 10, 10, 10, 10, 10, 10, 100, 1),
(3324, 369, 125, 10, 10, 8, 8, 6, 6, 8, 6, 8, 6, 76, 1),
(3325, 356, 131, 10, 8, 8, 8, 8, 10, 8, 10, 8, 10, 88, 1),
(3326, 402, 130, 10, 8, 10, 8, 10, 10, 10, 8, 10, 10, 94, 2),
(3327, 393, 130, 10, 10, 10, 10, 10, 10, 10, 10, 10, 10, 100, 1),
(3328, 407, 126, 10, 10, 10, 10, 10, 10, 10, 10, 10, 10, 100, 2),
(3329, 364, 129, 10, 10, 10, 10, 10, 6, 8, 6, 8, 8, 86, 1),
(3330, 413, 126, 10, 10, 10, 10, 10, 10, 8, 8, 8, 10, 94, 2),
(3331, 386, 130, 10, 10, 10, 10, 10, 10, 10, 10, 10, 10, 100, 1),
(3332, 361, 128, 10, 10, 10, 10, 10, 10, 10, 10, 10, 10, 100, 1),
(3333, 359, 128, 6, 8, 8, 6, 8, 8, 6, 8, 6, 10, 74, 1),
(3334, 389, 127, 2, 2, 2, 2, 2, 2, 2, 2, 2, 2, 20, 1),
(3335, 402, 131, 10, 8, 6, 8, 10, 10, 8, 6, 8, 10, 84, 2),
(3336, 386, 131, 10, 10, 10, 10, 10, 10, 10, 10, 10, 10, 100, 1),
(3337, 369, 126, 8, 8, 10, 10, 8, 10, 8, 10, 10, 8, 90, 1),
(3338, 407, 127, 10, 10, 10, 10, 10, 10, 10, 10, 10, 10, 100, 2),
(3339, 413, 127, 8, 8, 10, 8, 8, 10, 10, 8, 10, 10, 90, 2),
(3340, 361, 129, 10, 10, 10, 10, 10, 10, 10, 10, 10, 10, 100, 1),
(3341, 364, 130, 10, 10, 10, 8, 8, 8, 8, 10, 10, 8, 90, 1),
(3342, 389, 128, 8, 8, 10, 8, 10, 10, 10, 10, 8, 10, 92, 1),
(3343, 393, 125, 6, 10, 10, 10, 10, 10, 10, 10, 10, 10, 96, 1),
(3344, 359, 129, 6, 8, 8, 6, 8, 6, 8, 8, 8, 6, 72, 1),
(3345, 413, 128, 8, 10, 10, 8, 10, 8, 8, 10, 8, 10, 90, 2),
(3346, 369, 127, 10, 8, 10, 8, 8, 6, 6, 8, 8, 6, 78, 1),
(3347, 407, 128, 10, 10, 10, 10, 10, 10, 10, 10, 10, 10, 100, 2),
(3348, 393, 126, 10, 10, 10, 10, 10, 8, 6, 8, 8, 10, 90, 1),
(3349, 361, 130, 10, 10, 10, 10, 10, 10, 10, 10, 10, 10, 100, 1),
(3350, 400, 123, 8, 8, 10, 10, 8, 10, 10, 8, 8, 8, 88, 1),
(3351, 389, 129, 8, 8, 8, 10, 10, 10, 10, 10, 10, 10, 94, 1),
(3352, 364, 131, 8, 10, 8, 8, 8, 8, 8, 8, 8, 8, 82, 1),
(3353, 359, 130, 10, 8, 8, 10, 8, 8, 10, 10, 10, 10, 92, 1),
(3354, 413, 129, 8, 10, 8, 10, 8, 10, 8, 10, 8, 10, 90, 2),
(3355, 407, 129, 10, 10, 10, 10, 10, 10, 10, 10, 10, 10, 100, 2),
(3356, 369, 128, 10, 8, 8, 10, 10, 10, 10, 10, 8, 10, 94, 1),
(3357, 382, 123, 10, 6, 10, 8, 8, 8, 8, 10, 6, 10, 84, 2),
(3358, 412, 123, 8, 10, 8, 10, 10, 8, 8, 10, 10, 10, 92, 2),
(3359, 380, 123, 8, 8, 8, 8, 8, 6, 8, 8, 8, 8, 78, 1),
(3360, 393, 127, 8, 10, 8, 8, 8, 8, 8, 10, 8, 10, 86, 1),
(3361, 361, 131, 10, 10, 10, 10, 10, 10, 10, 10, 10, 10, 100, 1),
(3362, 389, 130, 10, 10, 10, 10, 10, 10, 10, 10, 10, 10, 100, 1),
(3363, 369, 129, 10, 10, 8, 8, 8, 10, 8, 10, 8, 10, 90, 1),
(3364, 400, 124, 10, 10, 8, 10, 10, 8, 10, 10, 10, 10, 96, 1),
(3365, 412, 124, 10, 10, 10, 10, 10, 10, 10, 10, 10, 8, 98, 2),
(3366, 407, 130, 10, 10, 10, 10, 10, 10, 10, 10, 10, 10, 100, 2),
(3367, 408, 124, 8, 8, 10, 10, 10, 8, 8, 10, 8, 8, 88, 2),
(3368, 393, 128, 10, 10, 10, 10, 10, 10, 10, 10, 10, 10, 100, 1),
(3369, 382, 124, 8, 10, 6, 10, 10, 10, 8, 10, 8, 8, 88, 2),
(3370, 386, 123, 10, 10, 10, 10, 10, 10, 10, 10, 10, 10, 100, 2),
(3371, 380, 124, 10, 8, 10, 10, 8, 10, 8, 8, 8, 8, 88, 1),
(3372, 413, 130, 8, 8, 10, 8, 8, 8, 8, 8, 8, 8, 82, 2),
(3373, 389, 131, 10, 10, 10, 10, 10, 10, 10, 10, 10, 10, 100, 1),
(3374, 356, 123, 10, 8, 10, 10, 10, 8, 8, 8, 10, 10, 92, 2),
(3375, 364, 123, 8, 10, 10, 8, 8, 8, 10, 10, 6, 8, 86, 2),
(3376, 407, 131, 10, 10, 10, 10, 10, 10, 10, 10, 10, 10, 100, 2),
(3377, 400, 125, 8, 10, 10, 8, 10, 10, 10, 10, 10, 10, 96, 1),
(3378, 386, 124, 10, 10, 10, 10, 10, 10, 10, 10, 10, 10, 100, 2),
(3379, 412, 125, 10, 10, 10, 10, 10, 10, 10, 10, 10, 8, 98, 2),
(3380, 380, 125, 6, 8, 8, 8, 8, 8, 8, 10, 8, 8, 80, 1),
(3381, 369, 130, 10, 10, 8, 10, 10, 8, 8, 10, 8, 10, 92, 1),
(3382, 382, 125, 8, 8, 8, 8, 6, 10, 10, 8, 8, 10, 84, 2),
(3383, 368, 123, 8, 10, 8, 10, 8, 10, 10, 8, 10, 8, 90, 2),
(3384, 386, 125, 10, 10, 10, 10, 10, 10, 10, 10, 10, 10, 100, 2),
(3385, 356, 124, 10, 10, 10, 10, 10, 10, 10, 10, 10, 10, 100, 2),
(3386, 412, 126, 10, 10, 10, 10, 10, 10, 10, 10, 10, 10, 100, 2),
(3387, 400, 126, 10, 10, 10, 10, 10, 10, 10, 10, 10, 10, 100, 1),
(3388, 413, 131, 8, 8, 8, 8, 10, 8, 8, 8, 10, 8, 84, 2),
(3389, 361, 124, 10, 10, 10, 10, 10, 10, 10, 10, 10, 10, 100, 2),
(3390, 380, 126, 10, 10, 8, 10, 10, 10, 8, 8, 10, 8, 92, 1),
(3391, 364, 124, 10, 10, 10, 8, 10, 8, 10, 10, 6, 10, 92, 2),
(3392, 386, 126, 10, 10, 10, 10, 10, 10, 10, 10, 10, 10, 100, 2),
(3393, 368, 124, 10, 8, 10, 8, 10, 8, 10, 8, 10, 8, 90, 2),
(3394, 382, 126, 8, 10, 10, 10, 8, 8, 6, 10, 10, 8, 88, 2),
(3395, 361, 123, 10, 10, 10, 10, 10, 10, 10, 10, 10, 10, 100, 2),
(3396, 380, 127, 8, 6, 8, 10, 6, 8, 8, 8, 8, 10, 80, 1),
(3397, 400, 127, 8, 10, 10, 10, 10, 10, 8, 10, 10, 10, 96, 1),
(3398, 412, 127, 8, 8, 10, 10, 8, 10, 10, 10, 10, 10, 94, 2),
(3399, 386, 127, 10, 10, 10, 10, 10, 10, 10, 10, 10, 10, 100, 2),
(3400, 356, 125, 10, 10, 10, 8, 8, 8, 10, 8, 10, 10, 92, 2),
(3401, 368, 125, 10, 10, 10, 8, 10, 8, 10, 8, 10, 10, 94, 2),
(3402, 369, 131, 8, 8, 10, 10, 10, 10, 10, 8, 10, 10, 94, 1),
(3403, 380, 128, 10, 8, 8, 10, 10, 8, 8, 8, 8, 10, 88, 1),
(3404, 386, 128, 10, 10, 10, 10, 10, 10, 10, 10, 10, 10, 100, 2),
(3405, 361, 125, 10, 10, 10, 10, 10, 10, 10, 10, 10, 10, 100, 2),
(3406, 412, 128, 8, 10, 10, 10, 10, 10, 10, 10, 8, 10, 96, 2),
(3407, 356, 126, 10, 10, 8, 10, 10, 10, 8, 10, 10, 10, 96, 2),
(3408, 400, 128, 10, 10, 10, 10, 10, 10, 10, 10, 10, 10, 100, 1),
(3409, 408, 123, 10, 8, 8, 10, 10, 10, 6, 8, 10, 8, 88, 2),
(3410, 386, 129, 10, 10, 10, 10, 10, 10, 10, 10, 10, 10, 100, 2),
(3411, 368, 126, 8, 8, 8, 8, 8, 8, 6, 8, 6, 6, 74, 2),
(3412, 377, 123, 10, 10, 10, 10, 10, 10, 10, 10, 10, 10, 100, 2),
(3413, 412, 129, 10, 10, 10, 10, 10, 10, 10, 10, 10, 10, 100, 2),
(3414, 380, 129, 8, 10, 8, 10, 10, 10, 8, 10, 8, 8, 90, 1),
(3415, 386, 130, 10, 10, 10, 10, 10, 10, 10, 10, 10, 10, 100, 2),
(3416, 359, 123, 6, 6, 4, 6, 6, 8, 4, 8, 8, 4, 60, 2),
(3417, 361, 126, 10, 10, 10, 8, 8, 8, 6, 6, 8, 10, 84, 2),
(3418, 368, 127, 10, 8, 10, 8, 10, 8, 10, 8, 10, 10, 92, 2),
(3419, 389, 123, 10, 10, 8, 8, 8, 10, 8, 8, 10, 8, 88, 2),
(3420, 377, 124, 10, 10, 10, 10, 10, 10, 10, 10, 10, 10, 100, 2),
(3421, 412, 130, 10, 10, 10, 10, 10, 10, 10, 8, 10, 10, 98, 2),
(3422, 386, 131, 10, 10, 10, 10, 10, 10, 10, 10, 10, 10, 100, 2),
(3423, 364, 125, 10, 10, 10, 8, 10, 10, 10, 10, 10, 10, 98, 2),
(3424, 380, 130, 8, 10, 8, 8, 10, 8, 8, 8, 8, 8, 84, 1),
(3425, 356, 127, 10, 8, 10, 10, 10, 8, 10, 10, 10, 8, 94, 2),
(3426, 382, 127, 10, 8, 6, 10, 8, 10, 10, 8, 10, 4, 84, 2),
(3427, 400, 129, 8, 10, 8, 8, 8, 10, 8, 10, 8, 10, 88, 1),
(3428, 359, 124, 10, 10, 10, 10, 10, 10, 10, 10, 10, 10, 100, 2),
(3429, 377, 125, 10, 10, 10, 10, 10, 10, 10, 10, 10, 10, 100, 2),
(3430, 389, 124, 8, 10, 8, 8, 10, 10, 10, 8, 10, 8, 90, 2),
(3431, 412, 131, 10, 10, 10, 10, 10, 10, 10, 10, 10, 10, 100, 2),
(3432, 380, 131, 8, 8, 8, 8, 8, 8, 8, 8, 8, 10, 82, 1),
(3433, 356, 128, 10, 8, 8, 10, 10, 10, 10, 10, 10, 10, 96, 2),
(3434, 364, 126, 6, 8, 10, 10, 10, 10, 10, 10, 10, 8, 92, 2),
(3435, 400, 130, 8, 10, 10, 10, 8, 8, 8, 8, 8, 8, 86, 1);
INSERT INTO `feedbacks` (`id`, `student_id`, `sa_id`, `q1`, `q2`, `q3`, `q4`, `q5`, `q6`, `q7`, `q8`, `q9`, `q10`, `sum`, `phase`) VALUES
(3436, 382, 128, 8, 8, 8, 8, 8, 8, 8, 6, 8, 8, 78, 2),
(3437, 359, 125, 4, 4, 6, 4, 6, 8, 4, 6, 8, 8, 58, 2),
(3438, 408, 125, 6, 8, 10, 4, 10, 8, 10, 10, 10, 10, 86, 2),
(3439, 389, 125, 10, 8, 10, 8, 8, 8, 8, 10, 6, 8, 84, 2),
(3440, 368, 128, 10, 10, 10, 10, 10, 10, 10, 10, 10, 10, 100, 2),
(3441, 364, 127, 10, 10, 10, 8, 8, 10, 8, 8, 10, 6, 88, 2),
(3442, 356, 129, 10, 10, 8, 10, 10, 10, 8, 10, 10, 10, 96, 2),
(3443, 361, 127, 10, 10, 10, 10, 10, 10, 10, 10, 10, 10, 100, 2),
(3444, 359, 126, 10, 10, 10, 10, 10, 10, 10, 10, 10, 10, 100, 2),
(3445, 382, 129, 8, 8, 10, 6, 8, 8, 8, 8, 8, 8, 80, 2),
(3446, 400, 131, 10, 8, 10, 10, 8, 10, 10, 8, 10, 10, 94, 1),
(3447, 389, 126, 10, 10, 10, 8, 10, 10, 8, 8, 8, 10, 92, 2),
(3448, 377, 126, 10, 10, 10, 10, 10, 10, 10, 10, 10, 10, 100, 2),
(3449, 364, 128, 8, 10, 10, 10, 8, 10, 10, 8, 10, 10, 94, 2),
(3450, 361, 128, 10, 10, 10, 10, 10, 10, 8, 8, 8, 8, 92, 2),
(3451, 356, 130, 10, 10, 10, 10, 10, 10, 10, 10, 10, 10, 100, 2),
(3452, 368, 129, 8, 6, 6, 6, 8, 6, 6, 6, 6, 10, 68, 2),
(3453, 359, 127, 2, 2, 2, 2, 4, 2, 4, 2, 2, 6, 28, 2),
(3454, 408, 126, 8, 8, 10, 10, 10, 10, 10, 10, 8, 10, 94, 2),
(3455, 377, 127, 10, 10, 10, 10, 10, 10, 10, 10, 10, 10, 100, 2),
(3456, 389, 127, 2, 2, 2, 2, 2, 2, 2, 2, 2, 2, 20, 2),
(3457, 364, 129, 8, 10, 10, 10, 10, 8, 8, 10, 10, 10, 94, 2),
(3458, 382, 130, 8, 8, 8, 8, 10, 8, 6, 8, 10, 10, 84, 2),
(3459, 368, 130, 10, 10, 10, 10, 10, 10, 10, 10, 10, 10, 100, 2),
(3460, 361, 129, 6, 6, 6, 6, 6, 4, 10, 10, 10, 10, 74, 2),
(3461, 377, 128, 10, 10, 10, 10, 10, 10, 10, 10, 10, 10, 100, 2),
(3462, 389, 128, 10, 10, 10, 10, 10, 10, 10, 10, 10, 10, 100, 2),
(3463, 361, 131, 10, 10, 10, 10, 10, 10, 10, 10, 10, 10, 100, 2),
(3464, 364, 130, 10, 10, 10, 8, 6, 8, 10, 8, 8, 8, 86, 2),
(3465, 382, 131, 8, 8, 8, 8, 8, 6, 10, 8, 8, 8, 80, 2),
(3466, 377, 129, 10, 10, 10, 10, 10, 10, 10, 10, 10, 10, 100, 2),
(3467, 354, 125, 10, 8, 6, 10, 8, 10, 8, 6, 10, 10, 86, 1),
(3468, 400, 123, 10, 10, 10, 10, 8, 6, 8, 10, 6, 4, 82, 2),
(3469, 356, 131, 10, 10, 10, 10, 10, 10, 10, 10, 10, 10, 100, 2),
(3470, 361, 130, 10, 10, 10, 10, 10, 10, 10, 10, 10, 10, 100, 2),
(3471, 389, 130, 10, 8, 10, 8, 10, 8, 10, 10, 8, 10, 92, 2),
(3472, 364, 131, 8, 10, 8, 10, 6, 10, 8, 10, 6, 10, 86, 2),
(3473, 377, 130, 10, 10, 10, 10, 10, 10, 10, 10, 10, 10, 100, 2),
(3474, 359, 128, 6, 4, 6, 8, 6, 6, 6, 8, 6, 8, 64, 2),
(3475, 377, 131, 10, 10, 10, 10, 10, 10, 10, 10, 10, 10, 100, 2),
(3476, 389, 129, 8, 8, 8, 8, 8, 8, 8, 8, 8, 8, 80, 2),
(3477, 359, 129, 6, 4, 6, 6, 4, 6, 6, 4, 6, 8, 56, 2),
(3478, 383, 123, 4, 6, 4, 8, 8, 4, 6, 8, 8, 8, 64, 1),
(3479, 400, 124, 8, 10, 8, 10, 10, 10, 10, 8, 10, 8, 92, 2),
(3480, 389, 131, 10, 8, 10, 8, 10, 8, 10, 8, 10, 10, 92, 2),
(3481, 354, 126, 8, 10, 10, 10, 10, 8, 6, 6, 10, 10, 88, 1),
(3482, 359, 130, 10, 10, 10, 10, 10, 10, 10, 10, 10, 10, 100, 2),
(3483, 368, 131, 10, 10, 10, 10, 10, 10, 10, 10, 10, 10, 100, 2),
(3484, 400, 125, 10, 10, 10, 10, 10, 10, 10, 10, 10, 10, 100, 2),
(3485, 383, 124, 8, 6, 6, 6, 8, 8, 6, 6, 8, 6, 68, 1),
(3486, 359, 131, 2, 6, 4, 2, 6, 4, 6, 6, 6, 8, 50, 2),
(3487, 400, 126, 8, 8, 10, 8, 10, 8, 10, 10, 8, 10, 90, 2),
(3488, 383, 126, 6, 6, 8, 6, 4, 8, 6, 8, 8, 8, 68, 1),
(3489, 354, 124, 10, 8, 10, 6, 8, 8, 8, 6, 10, 8, 82, 1),
(3490, 400, 127, 10, 10, 10, 8, 8, 8, 8, 8, 8, 8, 86, 2),
(3491, 383, 127, 6, 6, 8, 8, 4, 8, 8, 4, 6, 8, 66, 1),
(3492, 400, 128, 10, 10, 10, 10, 10, 10, 10, 10, 10, 10, 100, 2),
(3493, 373, 123, 6, 8, 6, 6, 4, 4, 6, 4, 4, 10, 58, 1),
(3494, 383, 125, 8, 6, 6, 6, 8, 8, 4, 6, 6, 4, 62, 1),
(3495, 400, 129, 10, 10, 10, 8, 10, 10, 10, 8, 10, 10, 96, 2),
(3496, 383, 128, 8, 8, 8, 8, 8, 8, 6, 6, 6, 6, 72, 1),
(3497, 400, 130, 8, 8, 8, 10, 8, 8, 10, 8, 8, 10, 86, 2),
(3498, 400, 131, 8, 8, 8, 8, 8, 10, 10, 10, 10, 10, 90, 2),
(3499, 394, 124, 10, 10, 10, 10, 10, 10, 10, 10, 10, 10, 100, 1),
(3500, 395, 123, 10, 10, 10, 10, 10, 10, 10, 10, 10, 10, 100, 1),
(3501, 394, 123, 10, 10, 10, 10, 10, 10, 10, 10, 10, 10, 100, 1),
(3502, 395, 124, 10, 10, 10, 10, 10, 10, 10, 10, 10, 10, 100, 1),
(3503, 396, 127, 8, 8, 8, 8, 8, 8, 8, 8, 8, 8, 80, 1),
(3504, 395, 125, 10, 10, 10, 10, 10, 10, 10, 10, 10, 10, 100, 1),
(3505, 396, 126, 8, 8, 8, 8, 8, 8, 8, 8, 8, 8, 80, 1),
(3506, 392, 123, 10, 10, 10, 10, 10, 10, 10, 10, 10, 10, 100, 2),
(3507, 395, 126, 10, 10, 10, 10, 10, 10, 10, 10, 10, 10, 100, 1),
(3508, 396, 124, 8, 8, 8, 8, 8, 8, 8, 8, 8, 8, 80, 1),
(3509, 395, 127, 10, 10, 10, 10, 10, 10, 10, 10, 10, 10, 100, 1),
(3510, 392, 124, 10, 10, 10, 10, 10, 10, 10, 10, 10, 10, 100, 2),
(3511, 392, 126, 10, 10, 10, 10, 10, 10, 10, 10, 10, 10, 100, 2),
(3512, 395, 128, 10, 10, 10, 10, 10, 10, 10, 10, 10, 10, 100, 1),
(3513, 392, 125, 10, 10, 10, 10, 10, 10, 10, 10, 10, 10, 100, 2),
(3514, 395, 129, 10, 10, 10, 10, 10, 10, 10, 10, 10, 10, 100, 1),
(3515, 394, 125, 4, 4, 8, 8, 2, 2, 10, 2, 2, 2, 44, 1),
(3516, 395, 130, 10, 10, 10, 10, 10, 10, 10, 10, 10, 10, 100, 1),
(3517, 392, 127, 10, 10, 10, 10, 10, 10, 10, 10, 10, 10, 100, 2),
(3518, 375, 123, 8, 8, 6, 8, 8, 10, 6, 8, 6, 6, 74, 1),
(3519, 395, 131, 10, 10, 10, 10, 10, 10, 10, 10, 10, 10, 100, 1),
(3520, 375, 124, 8, 10, 10, 8, 8, 10, 8, 8, 10, 8, 88, 1),
(3521, 394, 126, 4, 6, 8, 6, 4, 2, 4, 2, 6, 6, 48, 1),
(3522, 392, 128, 10, 10, 10, 10, 10, 10, 10, 10, 10, 10, 100, 2),
(3523, 375, 125, 6, 8, 8, 6, 8, 8, 6, 8, 10, 8, 76, 1),
(3524, 409, 123, 10, 10, 10, 8, 10, 8, 8, 8, 10, 10, 92, 2),
(3525, 394, 127, 8, 8, 8, 8, 8, 8, 8, 8, 8, 8, 80, 1),
(3526, 392, 129, 10, 10, 10, 10, 10, 10, 10, 10, 10, 10, 100, 2),
(3527, 375, 126, 6, 8, 8, 8, 8, 6, 10, 10, 8, 10, 82, 1),
(3528, 394, 128, 10, 10, 10, 10, 10, 10, 10, 10, 10, 10, 100, 1),
(3529, 392, 131, 10, 10, 10, 10, 10, 10, 10, 10, 10, 10, 100, 2),
(3530, 398, 124, 8, 8, 8, 8, 8, 8, 8, 8, 8, 8, 80, 1),
(3531, 409, 124, 8, 10, 10, 10, 10, 8, 10, 8, 10, 8, 92, 2),
(3532, 375, 127, 10, 10, 10, 8, 10, 8, 8, 10, 8, 10, 92, 1),
(3533, 394, 129, 6, 6, 6, 6, 6, 6, 6, 6, 6, 6, 60, 1),
(3534, 392, 130, 10, 10, 10, 10, 10, 10, 10, 10, 10, 10, 100, 2),
(3535, 375, 128, 10, 10, 10, 10, 10, 10, 10, 8, 8, 8, 94, 1),
(3536, 164, 144, 8, 8, 8, 10, 8, 8, 10, 10, 8, 8, 86, 1),
(3537, 409, 125, 10, 8, 10, 8, 8, 10, 10, 8, 8, 10, 90, 2),
(3538, 371, 124, 10, 10, 8, 8, 10, 8, 10, 10, 8, 8, 90, 1),
(3539, 394, 130, 10, 10, 10, 10, 10, 10, 10, 10, 10, 10, 100, 1),
(3540, 375, 129, 10, 10, 10, 10, 10, 10, 8, 8, 10, 10, 96, 1),
(3541, 204, 144, 8, 8, 10, 8, 10, 10, 10, 10, 8, 8, 90, 1),
(3542, 409, 126, 8, 10, 8, 10, 8, 10, 8, 10, 8, 10, 90, 2),
(3543, 375, 130, 10, 10, 10, 10, 10, 8, 8, 8, 10, 10, 94, 1),
(3544, 394, 131, 10, 10, 10, 10, 10, 10, 10, 10, 10, 10, 100, 1),
(3545, 375, 131, 10, 10, 10, 10, 8, 10, 10, 8, 8, 10, 94, 1),
(3546, 164, 145, 8, 10, 10, 10, 6, 8, 8, 6, 8, 8, 82, 1),
(3547, 409, 127, 8, 10, 10, 8, 10, 8, 10, 10, 10, 10, 94, 2),
(3548, 204, 145, 8, 10, 8, 8, 8, 8, 10, 10, 8, 8, 86, 1),
(3549, 409, 128, 8, 10, 10, 8, 8, 8, 8, 10, 10, 8, 88, 2),
(3550, 164, 146, 10, 10, 10, 8, 8, 8, 10, 8, 10, 10, 92, 1),
(3551, 371, 123, 8, 6, 8, 8, 8, 8, 10, 10, 8, 8, 82, 1),
(3552, 375, 123, 10, 10, 10, 10, 8, 8, 10, 8, 8, 10, 92, 2),
(3553, 398, 125, 10, 10, 10, 10, 10, 10, 10, 10, 10, 10, 100, 1),
(3554, 409, 129, 8, 10, 10, 8, 10, 10, 8, 10, 10, 8, 92, 2),
(3555, 204, 146, 10, 10, 10, 8, 10, 10, 10, 10, 10, 8, 96, 1),
(3556, 375, 124, 10, 10, 10, 8, 10, 8, 8, 10, 10, 10, 94, 2),
(3557, 371, 125, 8, 8, 10, 10, 8, 8, 8, 10, 8, 8, 86, 1),
(3558, 398, 126, 10, 10, 10, 10, 10, 10, 10, 10, 10, 10, 100, 1),
(3559, 185, 145, 8, 8, 8, 8, 8, 8, 8, 8, 8, 8, 80, 1),
(3560, 204, 247, 8, 8, 10, 8, 8, 10, 10, 8, 8, 8, 86, 1),
(3561, 375, 125, 8, 8, 8, 10, 10, 10, 8, 10, 8, 8, 88, 2),
(3562, 398, 123, 8, 8, 8, 8, 8, 8, 8, 8, 8, 8, 80, 1),
(3563, 371, 126, 8, 8, 10, 8, 8, 10, 10, 10, 8, 8, 88, 1),
(3564, 164, 247, 8, 8, 8, 8, 8, 10, 10, 10, 10, 10, 90, 1),
(3565, 409, 130, 10, 8, 10, 10, 10, 10, 8, 10, 10, 10, 96, 2),
(3566, 185, 144, 8, 8, 8, 8, 8, 8, 8, 8, 8, 8, 80, 1),
(3567, 398, 127, 8, 8, 8, 8, 10, 10, 8, 8, 8, 6, 82, 1),
(3568, 371, 127, 8, 8, 6, 8, 8, 10, 10, 10, 8, 10, 86, 1),
(3569, 409, 131, 10, 10, 8, 10, 8, 10, 10, 8, 10, 10, 94, 2),
(3570, 375, 126, 10, 10, 8, 8, 8, 8, 8, 10, 8, 10, 88, 2),
(3571, 398, 128, 10, 10, 10, 10, 10, 10, 10, 10, 10, 10, 100, 1),
(3572, 371, 128, 10, 8, 10, 8, 8, 10, 10, 8, 8, 8, 88, 1),
(3573, 185, 146, 10, 10, 10, 10, 10, 10, 10, 10, 10, 10, 100, 1),
(3574, 375, 127, 10, 10, 8, 8, 8, 10, 10, 8, 8, 10, 90, 2),
(3575, 398, 129, 10, 10, 10, 10, 10, 10, 10, 10, 10, 10, 100, 1),
(3576, 371, 129, 8, 10, 10, 8, 8, 8, 6, 8, 8, 8, 82, 1),
(3577, 398, 131, 10, 10, 10, 10, 10, 10, 10, 10, 10, 10, 100, 1),
(3578, 371, 130, 10, 8, 8, 6, 6, 8, 8, 10, 10, 10, 84, 1),
(3579, 398, 130, 8, 8, 8, 8, 8, 8, 8, 8, 8, 8, 80, 1),
(3580, 371, 131, 10, 10, 8, 8, 10, 10, 10, 10, 10, 8, 94, 1),
(3581, 375, 128, 10, 10, 10, 8, 8, 10, 10, 8, 8, 10, 92, 2),
(3582, 375, 129, 8, 8, 8, 10, 10, 10, 8, 8, 10, 10, 90, 2),
(3583, 375, 130, 8, 8, 8, 10, 10, 8, 10, 10, 10, 10, 92, 2),
(3584, 375, 131, 10, 10, 10, 8, 8, 10, 10, 8, 8, 8, 90, 2),
(3585, 182, 247, 10, 10, 2, 6, 2, 2, 2, 2, 2, 2, 40, 1),
(3586, 404, 124, 10, 8, 8, 10, 10, 8, 10, 10, 8, 10, 92, 1),
(3587, 411, 123, 10, 10, 10, 10, 10, 10, 10, 10, 10, 10, 100, 1),
(3588, 387, 123, 10, 10, 10, 10, 10, 10, 10, 10, 10, 10, 100, 2),
(3589, 387, 124, 10, 10, 10, 10, 10, 10, 10, 10, 10, 10, 100, 2),
(3590, 411, 124, 10, 10, 10, 10, 10, 10, 10, 10, 10, 10, 100, 1),
(3591, 404, 123, 10, 10, 6, 10, 10, 10, 10, 10, 8, 10, 94, 1),
(3592, 387, 125, 10, 10, 10, 10, 10, 10, 10, 10, 10, 10, 100, 2),
(3593, 411, 125, 10, 10, 10, 10, 10, 10, 10, 10, 10, 10, 100, 1),
(3594, 387, 126, 10, 10, 10, 10, 10, 10, 10, 10, 10, 10, 100, 2),
(3595, 411, 126, 10, 10, 10, 10, 10, 10, 10, 10, 10, 10, 100, 1),
(3596, 411, 127, 10, 10, 10, 10, 10, 10, 10, 10, 10, 10, 100, 1),
(3597, 198, 144, 8, 8, 8, 8, 8, 10, 8, 10, 10, 8, 86, 1),
(3598, 387, 127, 6, 6, 6, 6, 6, 6, 6, 6, 6, 6, 60, 2),
(3599, 411, 128, 10, 10, 10, 10, 10, 10, 10, 10, 10, 10, 100, 1),
(3600, 387, 128, 10, 10, 10, 10, 10, 10, 10, 10, 10, 10, 100, 2),
(3601, 411, 129, 10, 10, 10, 10, 10, 10, 10, 10, 10, 10, 100, 1),
(3602, 175, 144, 8, 8, 8, 8, 8, 8, 8, 8, 8, 8, 80, 1),
(3603, 198, 145, 6, 6, 4, 10, 8, 8, 10, 8, 8, 8, 76, 1),
(3604, 387, 129, 10, 10, 10, 10, 10, 10, 10, 10, 10, 10, 100, 2),
(3605, 411, 130, 10, 10, 10, 10, 10, 10, 10, 10, 10, 10, 100, 1),
(3606, 190, 144, 6, 6, 10, 8, 8, 8, 8, 10, 10, 10, 84, 1),
(3607, 185, 247, 8, 8, 8, 8, 8, 8, 8, 8, 8, 8, 80, 1),
(3608, 175, 145, 8, 8, 8, 8, 8, 10, 8, 10, 8, 8, 84, 1),
(3609, 411, 131, 10, 10, 10, 10, 10, 10, 10, 10, 10, 10, 100, 1),
(3610, 198, 146, 8, 8, 10, 8, 10, 8, 8, 6, 8, 8, 82, 1),
(3611, 387, 130, 10, 10, 10, 10, 10, 10, 10, 10, 10, 10, 100, 2),
(3612, 387, 131, 10, 10, 10, 10, 10, 10, 10, 10, 10, 10, 100, 2),
(3613, 175, 146, 8, 10, 8, 8, 8, 8, 8, 8, 8, 8, 82, 1),
(3614, 175, 247, 10, 8, 8, 8, 8, 8, 8, 8, 8, 8, 82, 1),
(3615, 198, 247, 8, 8, 8, 8, 8, 10, 8, 10, 10, 10, 88, 1),
(3616, 190, 145, 8, 8, 8, 6, 10, 8, 8, 8, 10, 10, 84, 1),
(3617, 167, 144, 8, 6, 8, 8, 8, 8, 8, 8, 10, 8, 80, 1),
(3618, 190, 146, 8, 8, 8, 8, 6, 8, 8, 10, 8, 10, 82, 1),
(3619, 190, 247, 8, 8, 8, 10, 10, 10, 8, 8, 8, 6, 84, 1),
(3620, 387, 123, 10, 10, 10, 10, 10, 10, 10, 10, 10, 10, 100, 1),
(3621, 204, 144, 8, 8, 8, 10, 10, 8, 8, 8, 8, 10, 86, 2),
(3622, 387, 124, 10, 10, 10, 10, 10, 10, 10, 10, 10, 10, 100, 1),
(3623, 204, 145, 8, 8, 8, 10, 8, 8, 8, 8, 8, 10, 84, 2),
(3624, 387, 125, 10, 10, 10, 10, 10, 10, 10, 10, 10, 10, 100, 1),
(3625, 204, 146, 8, 8, 8, 8, 10, 10, 8, 10, 10, 10, 90, 2),
(3626, 387, 126, 10, 10, 10, 10, 10, 10, 10, 10, 10, 10, 100, 1),
(3627, 204, 247, 10, 10, 8, 8, 8, 10, 8, 10, 10, 8, 90, 2),
(3628, 387, 127, 6, 6, 8, 6, 8, 8, 8, 8, 8, 8, 74, 1),
(3629, 387, 128, 10, 10, 10, 10, 10, 10, 10, 10, 10, 10, 100, 1),
(3630, 387, 129, 10, 10, 10, 10, 10, 10, 10, 10, 10, 10, 100, 1),
(3631, 212, 144, 10, 10, 10, 8, 10, 10, 8, 10, 8, 8, 92, 1),
(3632, 387, 130, 10, 10, 10, 10, 10, 10, 10, 10, 10, 10, 100, 1),
(3633, 387, 131, 10, 10, 10, 10, 10, 10, 10, 10, 10, 10, 100, 1),
(3634, 212, 145, 8, 8, 10, 10, 10, 10, 8, 8, 10, 10, 92, 1),
(3635, 212, 146, 10, 10, 10, 10, 10, 10, 10, 10, 10, 10, 100, 1),
(3636, 212, 247, 10, 10, 10, 10, 10, 10, 10, 10, 10, 10, 100, 1),
(3637, 212, 144, 10, 10, 10, 10, 10, 10, 10, 8, 10, 10, 98, 2),
(3638, 212, 145, 8, 10, 10, 10, 10, 10, 10, 10, 10, 10, 98, 2),
(3639, 212, 146, 10, 10, 10, 8, 10, 10, 10, 10, 8, 10, 96, 2),
(3640, 212, 247, 10, 10, 8, 10, 10, 10, 8, 8, 10, 10, 94, 2),
(3641, 436, 114, 2, 4, 6, 6, 4, 8, 8, 10, 8, 8, 64, 1),
(3642, 436, 115, 10, 10, 10, 10, 10, 10, 10, 10, 10, 10, 100, 1),
(3643, 436, 116, 4, 2, 2, 6, 6, 6, 4, 6, 8, 8, 52, 1),
(3644, 436, 117, 10, 10, 10, 10, 10, 10, 10, 8, 8, 10, 96, 1),
(3645, 436, 118, 4, 10, 10, 6, 8, 10, 10, 2, 10, 10, 80, 1),
(3646, 436, 119, 10, 10, 10, 10, 10, 10, 10, 10, 10, 10, 100, 1),
(3647, 438, 115, 10, 10, 10, 10, 10, 10, 10, 10, 10, 10, 100, 1),
(3648, 436, 120, 2, 2, 2, 2, 2, 2, 2, 2, 2, 2, 20, 1),
(3649, 436, 121, 10, 10, 10, 10, 10, 10, 10, 10, 10, 10, 100, 1),
(3650, 436, 122, 2, 4, 6, 8, 10, 2, 4, 6, 8, 10, 60, 1),
(3651, 416, 114, 8, 10, 8, 10, 10, 8, 8, 8, 8, 10, 88, 1),
(3652, 438, 116, 10, 10, 10, 10, 10, 10, 10, 10, 10, 10, 100, 1),
(3653, 436, 114, 2, 2, 2, 2, 2, 2, 2, 2, 2, 2, 20, 2),
(3654, 438, 114, 8, 8, 8, 6, 10, 10, 8, 6, 10, 6, 80, 1),
(3655, 438, 117, 10, 10, 10, 10, 10, 10, 10, 10, 10, 10, 100, 1),
(3656, 436, 115, 10, 10, 10, 10, 10, 10, 10, 10, 10, 10, 100, 2),
(3657, 438, 118, 8, 6, 10, 6, 10, 8, 10, 10, 10, 10, 88, 1),
(3658, 436, 122, 2, 4, 6, 8, 10, 2, 4, 6, 8, 10, 60, 2),
(3659, 416, 115, 10, 8, 10, 10, 10, 10, 10, 10, 10, 10, 98, 1),
(3660, 436, 121, 10, 10, 10, 10, 10, 10, 10, 10, 10, 10, 100, 2),
(3661, 438, 119, 10, 10, 10, 10, 10, 10, 10, 10, 10, 10, 100, 1),
(3662, 416, 116, 10, 8, 10, 10, 10, 8, 10, 10, 10, 10, 96, 1),
(3663, 444, 114, 10, 6, 6, 4, 8, 10, 2, 10, 10, 8, 74, 1),
(3664, 436, 116, 6, 6, 6, 6, 6, 6, 6, 6, 6, 6, 60, 2),
(3665, 438, 120, 10, 10, 10, 10, 10, 10, 10, 10, 10, 10, 100, 1),
(3666, 416, 117, 10, 10, 10, 10, 10, 10, 8, 10, 8, 10, 96, 1),
(3667, 438, 121, 10, 10, 10, 10, 10, 10, 10, 10, 10, 10, 100, 1),
(3668, 459, 114, 6, 6, 4, 6, 6, 6, 4, 6, 6, 6, 56, 1),
(3669, 416, 118, 10, 10, 10, 10, 10, 10, 10, 10, 10, 8, 98, 1),
(3670, 436, 117, 10, 10, 10, 10, 10, 10, 10, 10, 10, 10, 100, 2),
(3671, 444, 115, 10, 10, 10, 10, 10, 10, 10, 10, 8, 10, 98, 1),
(3672, 438, 122, 8, 10, 10, 10, 8, 10, 10, 10, 10, 10, 96, 1),
(3673, 416, 119, 10, 8, 10, 8, 10, 10, 10, 8, 8, 8, 90, 1),
(3674, 436, 119, 10, 10, 10, 10, 10, 10, 10, 10, 10, 10, 100, 2),
(3675, 416, 120, 10, 10, 10, 10, 6, 8, 10, 8, 8, 8, 88, 1),
(3676, 416, 121, 10, 10, 10, 10, 10, 10, 10, 10, 10, 10, 100, 1),
(3677, 436, 118, 10, 10, 2, 4, 2, 4, 2, 6, 2, 6, 48, 2),
(3678, 444, 116, 10, 10, 10, 8, 10, 10, 10, 10, 10, 10, 98, 1),
(3679, 440, 114, 8, 6, 8, 6, 8, 8, 8, 8, 8, 8, 76, 1),
(3680, 430, 114, 10, 10, 10, 10, 10, 10, 10, 10, 8, 6, 94, 1),
(3681, 438, 114, 8, 8, 8, 10, 8, 8, 8, 8, 8, 10, 84, 2),
(3682, 419, 114, 6, 10, 6, 8, 8, 4, 8, 6, 8, 8, 72, 1),
(3683, 436, 120, 2, 2, 2, 2, 2, 2, 2, 2, 2, 2, 20, 2),
(3684, 460, 114, 10, 10, 10, 10, 10, 10, 10, 10, 10, 10, 100, 1),
(3685, 438, 115, 10, 10, 10, 10, 10, 10, 10, 10, 10, 10, 100, 2),
(3686, 416, 122, 10, 10, 10, 8, 10, 8, 8, 8, 8, 10, 90, 1),
(3687, 440, 116, 10, 10, 10, 10, 10, 10, 10, 10, 10, 10, 100, 1),
(3688, 438, 116, 10, 10, 10, 10, 10, 10, 10, 10, 10, 10, 100, 2),
(3689, 419, 115, 10, 10, 10, 10, 10, 10, 10, 10, 10, 10, 100, 1),
(3690, 460, 115, 10, 10, 10, 10, 10, 10, 10, 10, 10, 10, 100, 1),
(3691, 444, 117, 6, 4, 10, 10, 10, 8, 8, 8, 6, 10, 80, 1),
(3692, 419, 116, 10, 10, 10, 2, 10, 2, 10, 2, 10, 2, 68, 1),
(3693, 438, 117, 10, 10, 10, 10, 10, 10, 10, 10, 10, 10, 100, 2),
(3694, 460, 116, 10, 10, 10, 10, 10, 10, 10, 10, 10, 10, 100, 1),
(3695, 430, 115, 10, 10, 10, 10, 10, 10, 10, 10, 10, 10, 100, 1),
(3696, 438, 118, 8, 8, 8, 8, 8, 8, 10, 10, 10, 10, 88, 2),
(3697, 424, 116, 8, 6, 8, 10, 6, 6, 8, 6, 8, 6, 72, 1),
(3698, 444, 118, 10, 10, 10, 10, 10, 10, 10, 10, 10, 8, 98, 1),
(3699, 438, 119, 10, 10, 10, 10, 10, 10, 10, 10, 10, 10, 100, 2),
(3700, 460, 117, 10, 10, 10, 10, 10, 10, 10, 10, 10, 10, 100, 1),
(3701, 419, 117, 6, 6, 6, 10, 6, 8, 6, 8, 6, 10, 72, 1),
(3702, 440, 118, 10, 8, 10, 8, 10, 8, 8, 10, 8, 10, 90, 1),
(3703, 438, 120, 10, 10, 10, 10, 8, 4, 6, 6, 6, 6, 76, 2),
(3704, 430, 116, 10, 10, 10, 10, 10, 10, 10, 10, 10, 8, 98, 1),
(3705, 460, 118, 10, 10, 10, 10, 10, 10, 10, 10, 10, 10, 100, 1),
(3706, 416, 114, 10, 10, 10, 10, 8, 8, 8, 8, 10, 6, 88, 2),
(3707, 438, 121, 10, 10, 10, 10, 10, 10, 10, 10, 10, 10, 100, 2),
(3708, 440, 119, 10, 10, 8, 8, 10, 8, 10, 10, 10, 10, 94, 1),
(3709, 419, 118, 10, 10, 10, 10, 10, 10, 10, 10, 10, 10, 100, 1),
(3710, 415, 114, 10, 8, 8, 10, 10, 10, 6, 10, 10, 10, 92, 1),
(3711, 416, 115, 10, 10, 10, 10, 10, 10, 10, 10, 10, 10, 100, 2),
(3712, 438, 122, 10, 10, 10, 10, 10, 10, 10, 8, 8, 8, 94, 2),
(3713, 460, 119, 10, 10, 10, 10, 10, 10, 10, 10, 10, 10, 100, 1),
(3714, 420, 114, 8, 8, 8, 8, 8, 8, 10, 8, 10, 8, 84, 1),
(3715, 440, 121, 10, 10, 10, 10, 10, 10, 10, 10, 10, 10, 100, 1),
(3716, 416, 116, 10, 10, 10, 10, 10, 10, 10, 10, 10, 10, 100, 2),
(3717, 419, 119, 10, 6, 8, 6, 10, 2, 8, 10, 2, 10, 72, 1),
(3718, 460, 120, 8, 6, 4, 4, 4, 6, 6, 4, 4, 6, 52, 1),
(3719, 459, 115, 8, 8, 6, 10, 10, 10, 8, 10, 6, 10, 86, 1),
(3720, 444, 119, 2, 2, 2, 4, 6, 2, 4, 4, 2, 8, 36, 1),
(3721, 451, 114, 10, 8, 8, 10, 10, 10, 8, 10, 10, 8, 92, 1),
(3722, 420, 115, 10, 10, 10, 10, 10, 10, 10, 10, 10, 10, 100, 1),
(3723, 416, 117, 10, 10, 10, 10, 10, 10, 10, 10, 10, 10, 100, 2),
(3724, 440, 122, 6, 8, 6, 4, 8, 10, 6, 6, 8, 8, 70, 1),
(3725, 420, 116, 10, 10, 10, 10, 10, 10, 10, 10, 10, 10, 100, 1),
(3726, 424, 115, 10, 10, 10, 8, 10, 10, 10, 8, 10, 10, 96, 1),
(3727, 415, 115, 10, 10, 10, 10, 10, 10, 10, 10, 6, 10, 96, 1),
(3728, 430, 117, 10, 8, 8, 10, 10, 10, 10, 10, 10, 8, 94, 1),
(3729, 451, 115, 10, 10, 10, 10, 10, 10, 10, 10, 6, 10, 96, 1),
(3730, 460, 121, 10, 10, 10, 10, 10, 10, 10, 10, 10, 10, 100, 1),
(3731, 419, 120, 6, 8, 10, 10, 6, 10, 10, 6, 4, 10, 80, 1),
(3732, 440, 120, 6, 8, 8, 6, 6, 6, 4, 6, 8, 8, 66, 1),
(3733, 420, 117, 10, 10, 10, 10, 10, 10, 10, 10, 10, 10, 100, 1),
(3734, 444, 120, 2, 2, 2, 2, 8, 10, 2, 8, 4, 6, 46, 1),
(3735, 419, 121, 10, 10, 10, 10, 10, 10, 10, 10, 10, 10, 100, 1),
(3736, 460, 122, 10, 10, 10, 10, 10, 10, 10, 10, 10, 10, 100, 1),
(3737, 459, 116, 6, 6, 6, 6, 6, 8, 8, 8, 8, 8, 70, 1),
(3738, 451, 116, 10, 10, 10, 10, 10, 10, 10, 10, 10, 8, 98, 1),
(3739, 430, 118, 10, 10, 10, 10, 10, 10, 10, 10, 10, 10, 100, 1),
(3740, 415, 116, 10, 10, 10, 10, 10, 10, 10, 10, 10, 6, 96, 1),
(3741, 420, 118, 10, 10, 10, 10, 10, 10, 10, 10, 10, 10, 100, 1),
(3742, 419, 122, 8, 8, 8, 8, 8, 8, 6, 8, 8, 8, 78, 1),
(3743, 440, 117, 6, 10, 10, 10, 10, 10, 10, 10, 8, 10, 94, 1),
(3744, 420, 119, 10, 10, 10, 10, 10, 10, 10, 10, 10, 10, 100, 1),
(3745, 444, 121, 10, 10, 10, 10, 10, 10, 10, 10, 10, 10, 100, 1),
(3746, 420, 120, 10, 10, 10, 10, 10, 10, 10, 10, 10, 10, 100, 1),
(3747, 419, 114, 6, 8, 6, 10, 6, 6, 8, 6, 6, 8, 70, 2),
(3748, 440, 115, 10, 10, 10, 10, 10, 10, 10, 10, 10, 10, 100, 1),
(3749, 415, 117, 10, 6, 10, 10, 10, 10, 8, 10, 6, 8, 88, 1),
(3750, 419, 115, 10, 10, 10, 10, 10, 10, 10, 10, 10, 10, 100, 2),
(3751, 451, 117, 10, 6, 10, 10, 10, 10, 10, 10, 8, 8, 92, 1),
(3752, 420, 121, 10, 10, 10, 10, 10, 10, 10, 10, 10, 10, 100, 1),
(3753, 459, 117, 6, 4, 8, 4, 6, 6, 4, 4, 8, 8, 58, 1),
(3754, 462, 117, 6, 4, 8, 6, 6, 6, 4, 8, 6, 6, 60, 1),
(3755, 444, 122, 10, 8, 8, 10, 10, 10, 10, 10, 10, 10, 96, 1),
(3756, 419, 116, 6, 8, 6, 8, 8, 6, 8, 6, 6, 8, 70, 2),
(3757, 453, 115, 10, 10, 10, 10, 10, 10, 10, 10, 10, 10, 100, 1),
(3758, 419, 117, 8, 6, 8, 6, 8, 6, 8, 6, 6, 10, 72, 2),
(3759, 420, 122, 10, 10, 10, 10, 10, 10, 10, 10, 10, 10, 100, 1),
(3760, 424, 114, 6, 6, 6, 6, 6, 4, 6, 6, 8, 8, 62, 1),
(3761, 415, 118, 10, 10, 10, 10, 10, 10, 10, 10, 8, 10, 98, 1),
(3762, 416, 118, 10, 8, 10, 10, 10, 10, 10, 10, 10, 10, 98, 2),
(3763, 430, 119, 10, 10, 10, 10, 10, 10, 10, 10, 8, 8, 96, 1),
(3764, 451, 118, 10, 10, 10, 10, 10, 10, 10, 10, 8, 10, 98, 1),
(3765, 419, 118, 10, 10, 10, 10, 10, 10, 10, 10, 10, 10, 100, 2),
(3766, 453, 118, 10, 10, 10, 10, 10, 10, 10, 10, 10, 10, 100, 1),
(3767, 416, 119, 10, 8, 10, 10, 10, 8, 10, 10, 10, 10, 96, 2),
(3768, 460, 114, 10, 10, 10, 10, 10, 10, 10, 10, 10, 10, 100, 2),
(3769, 462, 118, 6, 6, 6, 4, 2, 8, 6, 6, 6, 8, 58, 1),
(3770, 419, 119, 8, 6, 4, 2, 2, 2, 4, 6, 8, 10, 52, 2),
(3771, 459, 118, 6, 6, 6, 4, 8, 10, 4, 6, 4, 8, 62, 1),
(3772, 453, 116, 10, 10, 10, 10, 10, 10, 10, 10, 10, 10, 100, 1),
(3773, 460, 115, 10, 10, 10, 10, 10, 10, 10, 10, 10, 10, 100, 2),
(3774, 416, 120, 10, 8, 10, 10, 8, 8, 8, 10, 8, 10, 90, 2),
(3775, 444, 114, 8, 6, 6, 2, 10, 10, 6, 10, 10, 6, 74, 2),
(3776, 419, 120, 4, 8, 6, 6, 6, 6, 6, 8, 8, 8, 66, 2),
(3777, 430, 120, 10, 8, 8, 8, 10, 10, 8, 10, 10, 10, 92, 1),
(3778, 420, 114, 10, 10, 10, 10, 10, 10, 10, 10, 10, 10, 100, 2),
(3779, 459, 119, 2, 2, 2, 2, 2, 2, 2, 2, 2, 2, 20, 1),
(3780, 462, 119, 2, 2, 2, 2, 2, 2, 2, 2, 2, 2, 20, 1),
(3781, 458, 114, 6, 8, 6, 8, 8, 6, 10, 8, 8, 8, 76, 1),
(3782, 460, 116, 10, 10, 10, 10, 10, 10, 10, 10, 10, 10, 100, 2),
(3783, 419, 121, 10, 10, 10, 10, 10, 10, 10, 10, 10, 10, 100, 2),
(3784, 453, 117, 10, 10, 10, 10, 10, 10, 10, 10, 10, 10, 100, 1),
(3785, 448, 114, 10, 10, 10, 10, 10, 10, 10, 10, 10, 10, 100, 1),
(3786, 415, 119, 10, 10, 10, 10, 10, 6, 10, 10, 6, 2, 84, 1),
(3787, 451, 119, 10, 10, 10, 10, 10, 6, 10, 10, 6, 4, 86, 1),
(3788, 416, 121, 10, 10, 10, 10, 10, 10, 10, 8, 8, 10, 96, 2),
(3789, 419, 122, 8, 4, 8, 6, 8, 6, 8, 6, 8, 10, 72, 2),
(3790, 424, 117, 6, 8, 8, 6, 8, 10, 10, 8, 6, 8, 78, 1),
(3791, 444, 115, 10, 10, 10, 10, 10, 10, 10, 10, 6, 10, 96, 2),
(3792, 430, 121, 10, 10, 10, 10, 10, 10, 10, 10, 10, 10, 100, 1),
(3793, 420, 115, 10, 10, 10, 10, 10, 10, 10, 10, 10, 10, 100, 2),
(3794, 458, 115, 10, 10, 10, 10, 10, 10, 10, 10, 10, 10, 100, 1),
(3795, 453, 114, 10, 10, 10, 10, 10, 10, 10, 10, 10, 10, 100, 1),
(3796, 460, 117, 10, 10, 10, 10, 10, 10, 10, 10, 10, 10, 100, 2),
(3797, 448, 115, 10, 10, 10, 10, 10, 10, 10, 10, 10, 10, 100, 1),
(3798, 462, 120, 8, 6, 6, 8, 6, 8, 6, 8, 8, 8, 72, 1),
(3799, 416, 122, 10, 8, 10, 8, 10, 8, 10, 10, 10, 6, 90, 2),
(3800, 451, 120, 10, 10, 10, 10, 10, 10, 10, 10, 10, 10, 100, 1),
(3801, 420, 116, 10, 10, 10, 10, 10, 10, 10, 10, 10, 10, 100, 2),
(3802, 458, 116, 10, 10, 10, 10, 10, 10, 10, 10, 10, 10, 100, 1),
(3803, 444, 116, 10, 10, 10, 10, 10, 10, 10, 10, 10, 8, 98, 2),
(3804, 448, 116, 10, 10, 10, 10, 10, 10, 10, 10, 10, 10, 100, 1),
(3805, 453, 119, 10, 10, 10, 10, 10, 10, 10, 10, 10, 10, 100, 1),
(3806, 460, 118, 10, 10, 10, 10, 10, 10, 10, 10, 10, 10, 100, 2),
(3807, 415, 120, 10, 10, 8, 10, 10, 10, 10, 10, 10, 10, 98, 1),
(3808, 430, 122, 10, 10, 10, 10, 10, 10, 10, 10, 10, 10, 100, 1),
(3809, 459, 120, 4, 8, 6, 6, 8, 6, 6, 8, 8, 6, 66, 1),
(3810, 451, 121, 10, 10, 10, 10, 10, 10, 10, 10, 10, 10, 100, 1),
(3811, 420, 119, 10, 10, 10, 10, 10, 10, 10, 10, 10, 10, 100, 2),
(3812, 469, 114, 10, 10, 10, 10, 10, 6, 6, 8, 8, 10, 88, 1),
(3813, 448, 117, 10, 10, 10, 10, 10, 10, 10, 10, 10, 10, 100, 1),
(3814, 415, 121, 10, 10, 10, 10, 10, 10, 10, 10, 10, 10, 100, 1),
(3815, 453, 120, 10, 10, 10, 10, 10, 10, 10, 10, 10, 10, 100, 1),
(3816, 462, 121, 10, 10, 10, 10, 10, 10, 10, 10, 10, 10, 100, 1),
(3817, 424, 118, 10, 10, 8, 8, 10, 8, 8, 6, 10, 10, 88, 1),
(3818, 420, 117, 10, 10, 10, 10, 10, 10, 10, 10, 10, 10, 100, 2),
(3819, 451, 122, 10, 10, 10, 10, 10, 10, 10, 10, 10, 10, 100, 1),
(3820, 459, 121, 10, 10, 10, 10, 10, 10, 10, 10, 10, 10, 100, 1),
(3821, 444, 117, 10, 6, 10, 10, 8, 8, 8, 8, 6, 8, 82, 2),
(3822, 469, 115, 8, 10, 8, 6, 8, 6, 8, 8, 8, 6, 76, 1),
(3823, 448, 118, 10, 10, 10, 10, 10, 10, 10, 10, 10, 10, 100, 1),
(3824, 415, 122, 10, 10, 10, 10, 10, 10, 10, 10, 10, 10, 100, 1),
(3825, 442, 114, 10, 10, 10, 10, 10, 10, 10, 10, 10, 10, 100, 1),
(3826, 460, 119, 10, 10, 10, 10, 10, 10, 10, 10, 10, 10, 100, 2),
(3827, 458, 117, 10, 10, 10, 10, 10, 10, 10, 10, 10, 10, 100, 1),
(3828, 420, 118, 10, 10, 10, 10, 10, 10, 10, 10, 10, 10, 100, 2),
(3829, 469, 116, 8, 8, 10, 8, 8, 8, 8, 10, 10, 8, 86, 1),
(3830, 444, 118, 10, 10, 10, 10, 10, 10, 10, 10, 10, 6, 96, 2),
(3831, 442, 115, 10, 10, 10, 10, 10, 10, 10, 10, 10, 10, 100, 1),
(3832, 448, 119, 10, 10, 10, 10, 10, 10, 10, 10, 10, 10, 100, 1),
(3833, 420, 121, 10, 10, 10, 10, 10, 10, 10, 10, 10, 10, 100, 2),
(3834, 458, 118, 10, 8, 10, 10, 10, 10, 10, 10, 10, 10, 98, 1),
(3835, 434, 115, 10, 10, 10, 10, 10, 10, 10, 10, 10, 10, 100, 1),
(3836, 424, 119, 10, 10, 10, 10, 8, 8, 6, 8, 10, 10, 90, 1),
(3837, 460, 120, 10, 10, 10, 10, 10, 10, 10, 10, 10, 10, 100, 2),
(3838, 453, 122, 10, 8, 10, 8, 6, 8, 8, 8, 10, 6, 82, 1),
(3839, 420, 120, 10, 10, 10, 10, 10, 10, 10, 10, 10, 10, 100, 2),
(3840, 430, 114, 10, 8, 8, 10, 10, 10, 10, 10, 10, 8, 94, 2),
(3841, 442, 116, 10, 10, 10, 10, 10, 10, 10, 10, 10, 10, 100, 1),
(3842, 458, 119, 10, 10, 10, 10, 10, 10, 10, 10, 10, 10, 100, 1),
(3843, 448, 120, 10, 10, 10, 10, 10, 10, 10, 10, 10, 10, 100, 1),
(3844, 469, 118, 8, 10, 10, 8, 8, 10, 8, 10, 10, 10, 92, 1),
(3845, 459, 122, 8, 8, 8, 8, 8, 8, 8, 8, 8, 8, 80, 1),
(3846, 462, 122, 6, 6, 6, 6, 6, 6, 6, 6, 6, 6, 60, 1),
(3847, 420, 122, 10, 10, 10, 10, 10, 10, 10, 10, 10, 10, 100, 2),
(3848, 424, 121, 10, 10, 10, 10, 10, 10, 10, 10, 10, 10, 100, 1),
(3849, 442, 117, 10, 10, 10, 10, 10, 10, 10, 10, 10, 10, 100, 1),
(3850, 458, 120, 10, 10, 10, 10, 10, 10, 10, 10, 10, 10, 100, 1),
(3851, 448, 121, 10, 10, 10, 10, 10, 10, 10, 10, 10, 10, 100, 1),
(3852, 460, 121, 10, 10, 10, 10, 10, 10, 10, 10, 10, 10, 100, 2),
(3853, 444, 119, 6, 4, 2, 2, 4, 4, 6, 2, 2, 8, 40, 2),
(3854, 430, 115, 10, 10, 10, 10, 10, 10, 10, 10, 10, 10, 100, 2),
(3855, 462, 114, 6, 6, 6, 6, 6, 6, 6, 6, 6, 6, 60, 1),
(3856, 469, 117, 8, 8, 10, 8, 8, 8, 10, 10, 8, 8, 86, 1),
(3857, 442, 118, 10, 10, 10, 10, 10, 10, 10, 10, 10, 10, 100, 1),
(3858, 448, 122, 10, 10, 10, 10, 10, 10, 10, 10, 10, 10, 100, 1),
(3859, 424, 120, 6, 8, 8, 8, 8, 8, 8, 8, 6, 6, 74, 1),
(3860, 462, 115, 6, 8, 6, 6, 6, 8, 8, 6, 6, 8, 68, 1),
(3861, 458, 121, 10, 10, 10, 10, 10, 10, 10, 10, 10, 10, 100, 1),
(3862, 430, 116, 10, 10, 10, 10, 10, 10, 10, 10, 10, 10, 100, 2),
(3863, 460, 122, 10, 10, 10, 10, 10, 10, 10, 10, 10, 10, 100, 2),
(3864, 441, 115, 10, 10, 10, 10, 10, 10, 10, 10, 10, 10, 100, 1),
(3865, 469, 119, 6, 8, 8, 8, 10, 10, 10, 8, 8, 10, 86, 1),
(3866, 453, 121, 10, 10, 10, 10, 10, 10, 10, 10, 10, 10, 100, 1),
(3867, 462, 116, 6, 6, 6, 6, 6, 6, 6, 4, 6, 8, 60, 1),
(3868, 442, 119, 2, 2, 2, 2, 2, 2, 2, 2, 2, 2, 20, 1),
(3869, 451, 114, 10, 10, 8, 10, 10, 10, 10, 10, 10, 8, 96, 2),
(3870, 415, 114, 10, 10, 8, 10, 10, 10, 10, 10, 10, 8, 96, 2),
(3871, 442, 120, 10, 10, 10, 10, 10, 10, 10, 10, 10, 10, 100, 1),
(3872, 424, 122, 10, 10, 10, 10, 10, 10, 10, 10, 10, 10, 100, 1),
(3873, 469, 120, 4, 4, 2, 4, 4, 2, 2, 4, 4, 4, 34, 1),
(3874, 444, 120, 4, 4, 4, 8, 8, 8, 2, 6, 4, 8, 56, 2),
(3875, 458, 115, 8, 8, 8, 8, 10, 10, 10, 10, 10, 10, 92, 2),
(3876, 430, 117, 10, 8, 10, 10, 10, 10, 10, 10, 10, 8, 96, 2),
(3877, 448, 114, 10, 10, 10, 10, 10, 10, 10, 10, 10, 10, 100, 2),
(3878, 444, 121, 10, 10, 10, 10, 10, 10, 10, 10, 10, 10, 100, 2),
(3879, 469, 121, 10, 10, 10, 10, 10, 10, 10, 10, 10, 10, 100, 1),
(3880, 441, 114, 2, 2, 2, 2, 2, 2, 2, 2, 2, 2, 20, 1),
(3881, 415, 115, 10, 10, 10, 10, 10, 10, 10, 10, 8, 10, 98, 2),
(3882, 451, 115, 10, 10, 10, 10, 10, 10, 10, 10, 8, 10, 98, 2),
(3883, 442, 121, 2, 4, 6, 8, 10, 8, 6, 4, 2, 2, 52, 1),
(3884, 448, 115, 10, 10, 10, 10, 10, 10, 10, 10, 10, 10, 100, 2),
(3885, 469, 122, 2, 4, 2, 4, 2, 2, 2, 2, 2, 4, 26, 1),
(3886, 441, 116, 10, 10, 10, 10, 10, 10, 10, 10, 10, 10, 100, 1),
(3887, 458, 114, 10, 10, 8, 8, 8, 10, 10, 10, 10, 10, 94, 2),
(3888, 442, 122, 10, 10, 10, 8, 8, 6, 6, 6, 8, 6, 78, 1),
(3889, 443, 114, 8, 8, 8, 10, 10, 10, 8, 8, 10, 8, 88, 1),
(3890, 430, 118, 10, 10, 10, 10, 10, 10, 10, 10, 10, 10, 100, 2),
(3891, 444, 122, 10, 8, 10, 10, 10, 10, 10, 10, 10, 10, 98, 2),
(3892, 451, 116, 10, 10, 10, 10, 10, 10, 10, 10, 10, 8, 98, 2),
(3893, 469, 114, 6, 8, 6, 6, 6, 8, 6, 6, 6, 8, 66, 2),
(3894, 448, 116, 10, 10, 10, 10, 10, 10, 10, 10, 10, 10, 100, 2),
(3895, 415, 116, 10, 10, 10, 10, 10, 10, 10, 10, 10, 8, 98, 2),
(3896, 458, 116, 10, 10, 10, 10, 10, 10, 10, 10, 10, 10, 100, 2),
(3897, 441, 117, 8, 8, 8, 8, 8, 8, 8, 8, 8, 8, 80, 1),
(3898, 448, 117, 10, 10, 10, 10, 10, 10, 10, 10, 10, 10, 100, 2),
(3899, 459, 114, 6, 6, 6, 6, 6, 6, 6, 6, 6, 6, 60, 2),
(3900, 458, 117, 10, 10, 10, 10, 10, 10, 10, 10, 10, 10, 100, 2),
(3901, 442, 114, 10, 10, 10, 10, 10, 10, 10, 10, 10, 10, 100, 2),
(3902, 468, 114, 10, 10, 10, 10, 10, 10, 10, 10, 10, 10, 100, 1),
(3903, 469, 115, 6, 8, 8, 6, 8, 6, 8, 6, 6, 8, 70, 2),
(3904, 430, 119, 10, 10, 10, 10, 10, 10, 10, 10, 10, 8, 98, 2),
(3905, 448, 118, 10, 10, 10, 10, 10, 10, 10, 10, 10, 10, 100, 2),
(3906, 459, 115, 8, 8, 8, 8, 8, 8, 8, 8, 8, 8, 80, 2),
(3907, 441, 118, 10, 10, 10, 10, 10, 10, 10, 10, 10, 10, 100, 1),
(3908, 442, 115, 10, 10, 10, 10, 10, 8, 10, 6, 6, 4, 84, 2),
(3909, 458, 118, 10, 10, 10, 10, 10, 10, 10, 10, 10, 10, 100, 2),
(3910, 453, 114, 10, 10, 10, 10, 10, 10, 10, 10, 10, 10, 100, 2),
(3911, 448, 119, 10, 10, 10, 10, 10, 10, 10, 10, 10, 10, 100, 2),
(3912, 441, 119, 10, 10, 10, 10, 10, 10, 10, 10, 10, 10, 100, 1),
(3913, 468, 115, 10, 10, 10, 10, 10, 10, 10, 10, 10, 10, 100, 1),
(3914, 442, 116, 6, 6, 8, 8, 8, 6, 6, 6, 8, 6, 68, 2),
(3915, 459, 116, 6, 6, 8, 8, 8, 6, 6, 6, 8, 10, 72, 2),
(3916, 430, 120, 10, 10, 8, 10, 10, 10, 10, 10, 10, 10, 98, 2),
(3917, 469, 116, 8, 8, 8, 8, 8, 8, 10, 8, 8, 8, 82, 2),
(3918, 415, 117, 10, 8, 10, 10, 10, 10, 10, 10, 6, 6, 90, 2),
(3919, 458, 119, 10, 10, 10, 10, 10, 10, 10, 10, 10, 10, 100, 2),
(3920, 453, 115, 10, 10, 10, 10, 10, 10, 10, 10, 10, 10, 100, 2),
(3921, 443, 115, 10, 10, 10, 10, 10, 10, 10, 10, 10, 10, 100, 1),
(3922, 424, 114, 10, 8, 8, 8, 10, 10, 8, 6, 10, 8, 86, 2),
(3923, 441, 120, 2, 2, 2, 2, 2, 2, 2, 2, 2, 2, 20, 1),
(3924, 451, 117, 10, 8, 10, 10, 10, 10, 10, 10, 6, 8, 92, 2),
(3925, 442, 117, 6, 8, 6, 6, 8, 2, 10, 8, 6, 4, 64, 2),
(3926, 462, 114, 6, 6, 6, 6, 6, 6, 6, 6, 6, 6, 60, 2),
(3927, 469, 117, 6, 6, 4, 4, 6, 8, 6, 8, 8, 6, 62, 2),
(3928, 459, 117, 6, 6, 8, 8, 8, 6, 8, 6, 6, 10, 72, 2),
(3929, 448, 120, 10, 10, 10, 10, 10, 10, 10, 10, 10, 10, 100, 2),
(3930, 468, 116, 10, 10, 10, 10, 10, 10, 10, 10, 10, 10, 100, 1),
(3931, 430, 122, 10, 10, 10, 10, 10, 10, 10, 10, 10, 10, 100, 2),
(3932, 458, 120, 10, 10, 10, 10, 10, 10, 10, 10, 10, 10, 100, 2),
(3933, 459, 118, 8, 8, 8, 8, 8, 8, 8, 8, 8, 8, 80, 2),
(3934, 415, 118, 10, 10, 10, 10, 10, 10, 10, 10, 8, 10, 98, 2),
(3935, 462, 115, 8, 6, 8, 6, 8, 8, 6, 8, 6, 8, 72, 2),
(3936, 448, 121, 10, 10, 10, 10, 10, 10, 10, 10, 10, 10, 100, 2),
(3937, 442, 118, 10, 10, 10, 10, 10, 10, 10, 10, 10, 10, 100, 2),
(3938, 451, 118, 10, 10, 10, 10, 10, 10, 10, 10, 8, 10, 98, 2),
(3939, 424, 115, 10, 10, 10, 10, 10, 10, 10, 10, 10, 10, 100, 2),
(3940, 468, 117, 10, 10, 10, 10, 10, 10, 10, 10, 10, 10, 100, 1),
(3941, 458, 121, 10, 10, 10, 10, 10, 10, 10, 10, 10, 10, 100, 2),
(3942, 441, 121, 10, 10, 10, 10, 10, 10, 10, 10, 10, 10, 100, 1),
(3943, 430, 121, 10, 10, 10, 10, 10, 10, 10, 10, 10, 10, 100, 2),
(3944, 453, 116, 10, 10, 10, 10, 10, 10, 10, 10, 10, 10, 100, 2),
(3945, 459, 119, 4, 4, 4, 4, 4, 4, 4, 4, 4, 4, 40, 2),
(3946, 448, 122, 10, 10, 10, 10, 10, 10, 10, 10, 10, 10, 100, 2),
(3947, 443, 116, 10, 10, 10, 10, 10, 10, 10, 10, 10, 10, 100, 1),
(3948, 469, 118, 8, 8, 8, 8, 8, 10, 8, 10, 8, 10, 86, 2),
(3949, 442, 119, 6, 6, 6, 6, 6, 6, 6, 6, 6, 6, 60, 2),
(3950, 458, 122, 10, 10, 10, 10, 10, 10, 10, 10, 10, 10, 100, 2),
(3951, 441, 122, 10, 10, 10, 10, 10, 10, 10, 10, 10, 10, 100, 1),
(3952, 453, 117, 10, 10, 10, 10, 10, 10, 10, 10, 10, 10, 100, 2),
(3953, 462, 117, 6, 8, 6, 6, 6, 6, 6, 8, 6, 8, 66, 2),
(3954, 468, 118, 8, 10, 10, 10, 10, 10, 10, 10, 10, 10, 98, 1),
(3955, 442, 120, 10, 10, 10, 10, 10, 10, 10, 10, 10, 10, 100, 2),
(3956, 459, 120, 8, 8, 8, 6, 6, 8, 8, 8, 6, 10, 76, 2),
(3957, 453, 118, 10, 10, 10, 10, 10, 10, 10, 10, 10, 10, 100, 2),
(3958, 424, 116, 10, 8, 8, 8, 8, 8, 6, 8, 10, 8, 82, 2),
(3959, 462, 116, 4, 4, 6, 6, 6, 8, 8, 6, 6, 8, 62, 2),
(3960, 415, 119, 10, 10, 10, 10, 10, 10, 10, 10, 4, 2, 86, 2),
(3961, 451, 119, 10, 10, 10, 10, 10, 10, 10, 10, 4, 6, 90, 2),
(3962, 442, 121, 8, 8, 8, 8, 8, 8, 8, 8, 8, 8, 80, 2),
(3963, 459, 121, 10, 10, 10, 10, 10, 10, 10, 10, 10, 10, 100, 2),
(3964, 468, 119, 10, 10, 10, 10, 10, 10, 10, 10, 10, 10, 100, 1),
(3965, 453, 119, 10, 10, 10, 10, 10, 10, 10, 10, 10, 10, 100, 2),
(3966, 462, 118, 8, 6, 6, 6, 6, 6, 6, 6, 6, 6, 62, 2),
(3967, 442, 122, 8, 8, 8, 8, 8, 8, 8, 8, 8, 8, 80, 2),
(3968, 469, 119, 8, 8, 6, 6, 8, 8, 6, 6, 10, 8, 74, 2),
(3969, 468, 120, 10, 10, 10, 10, 10, 10, 10, 10, 10, 10, 100, 1),
(3970, 459, 122, 8, 8, 6, 6, 6, 6, 6, 6, 6, 6, 64, 2),
(3971, 451, 120, 10, 10, 10, 10, 10, 10, 10, 10, 10, 10, 100, 2),
(3972, 453, 120, 10, 8, 10, 8, 8, 8, 10, 8, 10, 10, 90, 2),
(3973, 415, 120, 10, 10, 8, 10, 10, 10, 10, 10, 10, 10, 98, 2),
(3974, 424, 117, 8, 8, 8, 8, 10, 10, 10, 10, 10, 10, 92, 2),
(3975, 469, 120, 4, 4, 2, 2, 2, 4, 4, 4, 2, 4, 32, 2),
(3976, 449, 114, 6, 8, 8, 8, 8, 6, 10, 8, 10, 8, 80, 1),
(3977, 462, 119, 4, 4, 4, 4, 4, 4, 4, 4, 4, 4, 40, 2),
(3978, 451, 121, 10, 10, 10, 10, 10, 10, 10, 10, 10, 10, 100, 2),
(3979, 468, 121, 10, 10, 10, 10, 10, 10, 10, 10, 10, 10, 100, 1),
(3980, 443, 117, 10, 10, 10, 10, 10, 10, 10, 10, 10, 10, 100, 1),
(3981, 415, 121, 10, 10, 10, 10, 10, 10, 10, 10, 10, 10, 100, 2),
(3982, 469, 121, 10, 10, 10, 10, 10, 10, 10, 10, 10, 10, 100, 2),
(3983, 453, 121, 10, 10, 10, 10, 10, 10, 10, 10, 10, 10, 100, 2),
(3984, 462, 121, 10, 10, 10, 10, 10, 10, 10, 10, 10, 10, 100, 2),
(3985, 424, 118, 10, 8, 8, 8, 8, 8, 8, 8, 8, 8, 82, 2),
(3986, 451, 122, 10, 10, 10, 10, 10, 10, 10, 10, 10, 10, 100, 2),
(3987, 449, 115, 8, 8, 10, 8, 10, 8, 10, 8, 10, 8, 88, 1),
(3988, 469, 122, 2, 2, 2, 2, 2, 2, 2, 2, 4, 4, 24, 2),
(3989, 468, 122, 8, 8, 8, 8, 8, 8, 8, 10, 10, 10, 86, 1),
(3990, 443, 118, 10, 10, 10, 8, 8, 10, 10, 10, 10, 8, 94, 1),
(3991, 462, 120, 8, 8, 8, 8, 8, 8, 8, 8, 8, 8, 80, 2),
(3992, 424, 119, 10, 10, 10, 10, 10, 10, 10, 10, 10, 8, 98, 2),
(3993, 427, 114, 10, 10, 10, 8, 8, 6, 6, 8, 8, 10, 84, 1),
(3994, 449, 116, 8, 10, 8, 8, 8, 8, 10, 8, 8, 8, 84, 1),
(3995, 445, 121, 10, 10, 10, 10, 10, 10, 10, 10, 10, 10, 100, 1),
(3996, 453, 122, 8, 8, 8, 8, 8, 8, 8, 8, 8, 8, 80, 2),
(3997, 462, 122, 6, 6, 6, 6, 8, 8, 8, 6, 6, 8, 68, 2),
(3998, 427, 115, 10, 10, 10, 10, 10, 10, 10, 10, 10, 10, 100, 1),
(3999, 467, 114, 10, 10, 10, 10, 10, 10, 10, 10, 10, 10, 100, 1),
(4000, 443, 121, 10, 10, 10, 10, 10, 10, 10, 10, 10, 10, 100, 1),
(4001, 449, 117, 10, 8, 8, 10, 8, 6, 8, 10, 8, 8, 84, 1),
(4002, 427, 116, 10, 10, 10, 8, 8, 8, 10, 10, 10, 10, 94, 1),
(4003, 468, 114, 10, 10, 10, 10, 10, 10, 10, 10, 10, 10, 100, 2),
(4004, 445, 115, 10, 10, 10, 10, 10, 10, 10, 10, 10, 10, 100, 1),
(4005, 467, 115, 10, 10, 10, 10, 10, 10, 10, 10, 10, 10, 100, 1),
(4006, 443, 119, 8, 8, 10, 10, 10, 10, 10, 10, 8, 10, 94, 1),
(4007, 427, 117, 10, 10, 10, 10, 10, 10, 10, 10, 10, 10, 100, 1),
(4008, 449, 118, 10, 8, 8, 8, 8, 10, 8, 8, 10, 10, 88, 1),
(4009, 467, 116, 10, 10, 10, 10, 10, 10, 10, 10, 10, 10, 100, 1),
(4010, 468, 115, 10, 10, 10, 10, 10, 10, 10, 10, 10, 10, 100, 2),
(4011, 445, 117, 10, 10, 10, 10, 10, 10, 10, 10, 10, 10, 100, 1),
(4012, 424, 120, 8, 8, 8, 8, 8, 8, 8, 6, 8, 8, 78, 2),
(4013, 427, 118, 10, 10, 10, 10, 10, 10, 10, 10, 10, 10, 100, 1),
(4014, 449, 119, 10, 8, 8, 8, 8, 8, 8, 10, 8, 6, 82, 1),
(4015, 443, 120, 8, 10, 8, 6, 8, 10, 10, 10, 8, 10, 88, 1),
(4016, 467, 117, 10, 10, 10, 10, 10, 10, 10, 10, 10, 10, 100, 1),
(4017, 468, 116, 10, 10, 10, 10, 10, 10, 10, 10, 10, 10, 100, 2),
(4018, 427, 119, 10, 10, 8, 8, 10, 10, 8, 8, 10, 10, 92, 1),
(4019, 449, 120, 8, 10, 10, 8, 8, 8, 8, 8, 8, 8, 84, 1),
(4020, 445, 119, 10, 10, 10, 10, 10, 10, 10, 10, 10, 10, 100, 1),
(4021, 423, 116, 10, 10, 10, 10, 10, 10, 10, 10, 10, 10, 100, 1),
(4022, 424, 121, 10, 10, 10, 10, 10, 10, 10, 10, 10, 10, 100, 2),
(4023, 443, 122, 8, 6, 6, 6, 8, 10, 10, 10, 8, 10, 82, 1),
(4024, 427, 120, 8, 8, 8, 8, 8, 8, 8, 8, 8, 8, 80, 1),
(4025, 468, 117, 10, 10, 10, 10, 10, 10, 10, 10, 10, 10, 100, 2),
(4026, 449, 121, 10, 10, 10, 10, 10, 10, 10, 10, 10, 10, 100, 1),
(4027, 467, 119, 10, 10, 10, 10, 10, 10, 10, 10, 10, 10, 100, 1),
(4028, 445, 114, 10, 10, 10, 10, 10, 10, 10, 10, 10, 10, 100, 1),
(4029, 427, 121, 10, 10, 10, 10, 10, 10, 10, 10, 10, 10, 100, 1),
(4030, 424, 122, 10, 10, 8, 10, 10, 10, 10, 10, 10, 10, 98, 2),
(4031, 449, 122, 8, 8, 8, 10, 10, 10, 10, 8, 8, 10, 90, 1),
(4032, 427, 122, 10, 10, 10, 10, 10, 10, 10, 10, 10, 10, 100, 1),
(4033, 468, 118, 8, 10, 10, 10, 10, 10, 10, 10, 10, 10, 98, 2),
(4034, 470, 114, 6, 6, 6, 6, 6, 4, 4, 8, 6, 8, 60, 1),
(4035, 445, 118, 10, 10, 10, 10, 10, 10, 10, 10, 10, 10, 100, 1),
(4036, 467, 118, 10, 10, 10, 10, 10, 10, 10, 10, 10, 10, 100, 1),
(4037, 468, 119, 10, 10, 10, 10, 10, 10, 10, 10, 10, 10, 100, 2),
(4038, 443, 121, 10, 10, 10, 10, 10, 10, 10, 10, 10, 10, 100, 2),
(4039, 449, 114, 8, 8, 10, 10, 6, 6, 6, 8, 6, 6, 74, 2),
(4040, 467, 120, 10, 10, 10, 10, 10, 10, 10, 10, 10, 10, 100, 1),
(4041, 423, 114, 10, 10, 10, 10, 10, 10, 10, 10, 10, 10, 100, 1),
(4042, 472, 114, 10, 10, 8, 8, 8, 4, 10, 2, 10, 10, 80, 1),
(4043, 445, 116, 10, 10, 10, 10, 10, 10, 10, 10, 10, 10, 100, 1),
(4044, 468, 120, 10, 10, 10, 10, 10, 10, 10, 10, 10, 10, 100, 2),
(4045, 467, 121, 10, 10, 10, 10, 10, 10, 10, 10, 10, 10, 100, 1),
(4046, 449, 115, 8, 10, 8, 8, 10, 10, 10, 8, 8, 8, 88, 2),
(4047, 423, 115, 10, 10, 10, 10, 10, 10, 10, 10, 10, 10, 100, 1),
(4048, 443, 115, 10, 10, 10, 10, 10, 10, 10, 10, 10, 10, 100, 2),
(4049, 468, 121, 10, 10, 10, 10, 10, 10, 10, 10, 10, 10, 100, 2),
(4050, 423, 118, 8, 8, 8, 8, 8, 8, 8, 6, 6, 10, 78, 1),
(4051, 449, 116, 8, 10, 10, 10, 10, 10, 8, 8, 10, 10, 94, 2),
(4052, 467, 122, 10, 6, 8, 8, 8, 8, 6, 10, 10, 10, 84, 1),
(4053, 445, 120, 10, 10, 10, 10, 10, 10, 10, 10, 10, 10, 100, 1),
(4054, 423, 117, 10, 10, 10, 10, 10, 10, 10, 8, 10, 10, 98, 1),
(4055, 470, 115, 10, 10, 8, 10, 8, 10, 6, 10, 10, 10, 92, 1),
(4056, 449, 117, 10, 8, 10, 8, 10, 10, 8, 8, 8, 10, 90, 2),
(4057, 443, 114, 10, 10, 10, 10, 10, 10, 10, 10, 10, 10, 100, 2),
(4058, 467, 114, 10, 8, 8, 10, 10, 10, 8, 8, 8, 10, 90, 2),
(4059, 423, 119, 10, 10, 10, 10, 10, 10, 10, 10, 10, 10, 100, 1),
(4060, 445, 122, 10, 6, 8, 10, 8, 6, 6, 8, 8, 8, 78, 1),
(4061, 443, 120, 10, 8, 10, 10, 10, 10, 10, 10, 10, 10, 98, 2),
(4062, 449, 118, 10, 8, 8, 8, 8, 10, 8, 8, 8, 10, 86, 2),
(4063, 467, 115, 6, 6, 8, 8, 8, 8, 8, 8, 8, 10, 78, 2),
(4064, 423, 120, 10, 10, 10, 10, 10, 10, 10, 10, 10, 10, 100, 1),
(4065, 449, 119, 8, 8, 8, 10, 10, 8, 8, 8, 8, 4, 80, 2),
(4066, 443, 117, 10, 10, 10, 8, 10, 10, 10, 10, 10, 10, 98, 2),
(4067, 435, 114, 2, 2, 2, 2, 10, 10, 10, 6, 6, 6, 56, 1),
(4068, 468, 122, 10, 10, 8, 8, 8, 8, 8, 8, 8, 8, 84, 2),
(4069, 467, 116, 8, 10, 10, 10, 10, 8, 8, 8, 8, 10, 90, 2),
(4070, 423, 121, 10, 10, 10, 10, 10, 10, 10, 10, 10, 10, 100, 1),
(4071, 449, 120, 10, 10, 8, 8, 8, 8, 8, 6, 10, 10, 86, 2),
(4072, 467, 117, 10, 10, 10, 10, 10, 10, 10, 10, 10, 10, 100, 2),
(4073, 443, 116, 10, 10, 10, 10, 10, 10, 8, 10, 10, 10, 98, 2),
(4074, 423, 122, 10, 10, 10, 10, 10, 10, 10, 10, 10, 10, 100, 1),
(4075, 467, 118, 10, 10, 10, 10, 8, 10, 8, 10, 8, 10, 94, 2),
(4076, 449, 121, 8, 10, 10, 10, 10, 10, 10, 10, 10, 10, 98, 2),
(4077, 435, 115, 10, 10, 10, 10, 10, 10, 10, 10, 10, 10, 100, 1),
(4078, 470, 116, 10, 8, 6, 8, 6, 6, 6, 10, 8, 8, 76, 1),
(4079, 443, 118, 10, 10, 10, 10, 10, 8, 10, 10, 10, 8, 96, 2),
(4080, 467, 120, 10, 10, 10, 10, 10, 10, 10, 10, 8, 8, 96, 2),
(4081, 449, 122, 10, 8, 8, 8, 8, 8, 8, 8, 10, 10, 86, 2),
(4082, 435, 116, 10, 10, 10, 10, 10, 10, 10, 10, 10, 10, 100, 1),
(4083, 467, 119, 6, 8, 8, 2, 2, 8, 6, 8, 8, 8, 64, 2),
(4084, 443, 119, 10, 10, 10, 10, 8, 10, 8, 10, 10, 10, 96, 2),
(4085, 467, 121, 10, 10, 10, 10, 10, 10, 10, 10, 10, 10, 100, 2),
(4086, 467, 122, 10, 10, 10, 10, 10, 10, 10, 8, 8, 10, 96, 2),
(4087, 443, 122, 10, 8, 10, 8, 8, 10, 10, 10, 10, 10, 94, 2),
(4088, 472, 115, 10, 10, 10, 10, 8, 8, 10, 10, 10, 10, 96, 1),
(4089, 423, 114, 10, 10, 10, 10, 10, 10, 10, 10, 10, 10, 100, 2),
(4090, 423, 115, 10, 10, 10, 10, 10, 10, 10, 10, 10, 10, 100, 2),
(4091, 470, 117, 2, 4, 6, 10, 8, 6, 10, 10, 10, 10, 76, 1),
(4092, 470, 118, 10, 10, 10, 10, 10, 10, 10, 10, 10, 10, 100, 1),
(4093, 423, 116, 10, 10, 10, 10, 10, 10, 10, 10, 10, 10, 100, 2),
(4094, 472, 116, 8, 8, 10, 8, 8, 8, 8, 8, 10, 10, 86, 1),
(4095, 423, 117, 10, 10, 10, 10, 10, 10, 10, 10, 10, 10, 100, 2),
(4096, 470, 119, 10, 10, 8, 10, 6, 10, 6, 10, 6, 8, 84, 1),
(4097, 435, 117, 10, 6, 10, 10, 6, 8, 10, 6, 8, 10, 84, 1),
(4098, 423, 119, 10, 10, 10, 10, 10, 10, 10, 10, 10, 10, 100, 2),
(4099, 472, 117, 6, 6, 6, 6, 6, 6, 4, 6, 6, 6, 58, 1),
(4100, 470, 120, 8, 10, 10, 8, 10, 8, 8, 8, 8, 10, 88, 1),
(4101, 435, 118, 10, 10, 10, 10, 10, 10, 10, 10, 10, 10, 100, 1),
(4102, 423, 118, 2, 8, 8, 2, 8, 8, 8, 8, 8, 2, 62, 2),
(4103, 470, 121, 8, 8, 8, 8, 10, 10, 8, 10, 10, 10, 90, 1),
(4104, 435, 119, 10, 10, 10, 10, 10, 10, 10, 10, 10, 10, 100, 1),
(4105, 423, 120, 10, 10, 10, 10, 10, 10, 10, 10, 10, 10, 100, 2),
(4106, 470, 122, 10, 10, 10, 10, 10, 10, 10, 10, 10, 10, 100, 1),
(4107, 423, 121, 10, 10, 10, 10, 10, 10, 10, 10, 10, 10, 100, 2),
(4108, 472, 118, 10, 10, 10, 10, 2, 2, 10, 10, 10, 10, 84, 1),
(4109, 423, 122, 10, 10, 10, 10, 10, 10, 10, 10, 10, 10, 100, 2),
(4110, 435, 120, 10, 10, 10, 10, 2, 10, 10, 6, 4, 2, 74, 1),
(4111, 433, 114, 6, 2, 4, 2, 2, 2, 2, 2, 2, 2, 26, 1),
(4112, 435, 121, 10, 10, 10, 10, 10, 10, 10, 10, 10, 10, 100, 1),
(4113, 472, 119, 10, 10, 10, 10, 10, 10, 10, 10, 10, 10, 100, 1),
(4114, 470, 114, 10, 10, 8, 6, 8, 10, 8, 8, 10, 8, 86, 2),
(4115, 435, 122, 10, 10, 10, 10, 10, 10, 10, 10, 10, 10, 100, 1),
(4116, 470, 115, 10, 10, 10, 10, 10, 10, 10, 10, 10, 10, 100, 2),
(4117, 472, 120, 10, 10, 10, 10, 10, 10, 10, 10, 10, 10, 100, 1),
(4118, 433, 115, 10, 10, 10, 10, 10, 10, 10, 10, 2, 10, 92, 1),
(4119, 470, 116, 10, 10, 10, 10, 10, 10, 10, 10, 10, 10, 100, 2),
(4120, 472, 121, 10, 10, 10, 10, 10, 10, 10, 10, 10, 10, 100, 1),
(4121, 470, 117, 8, 8, 6, 8, 8, 10, 10, 10, 10, 10, 88, 2),
(4122, 433, 116, 10, 10, 8, 8, 8, 8, 8, 8, 8, 8, 84, 1),
(4123, 470, 118, 10, 10, 10, 10, 10, 10, 10, 10, 10, 10, 100, 2),
(4124, 472, 122, 10, 10, 10, 10, 10, 10, 10, 10, 10, 10, 100, 1),
(4125, 435, 114, 2, 2, 2, 2, 6, 10, 10, 6, 6, 2, 48, 2),
(4126, 433, 117, 8, 6, 8, 8, 8, 6, 8, 6, 8, 8, 74, 1),
(4127, 470, 119, 8, 8, 8, 8, 8, 8, 8, 10, 8, 10, 84, 2),
(4128, 435, 115, 10, 10, 10, 10, 10, 10, 10, 10, 10, 10, 100, 2),
(4129, 470, 120, 10, 10, 10, 10, 10, 10, 8, 10, 8, 8, 94, 2),
(4130, 433, 118, 10, 10, 10, 10, 10, 10, 10, 10, 2, 10, 92, 1),
(4131, 435, 116, 10, 10, 10, 10, 2, 10, 10, 10, 10, 10, 92, 2),
(4132, 470, 121, 8, 8, 8, 8, 8, 8, 8, 8, 8, 10, 82, 2),
(4133, 472, 114, 10, 10, 10, 10, 10, 10, 10, 10, 10, 10, 100, 2),
(4134, 433, 119, 8, 8, 8, 8, 8, 8, 8, 8, 8, 8, 80, 1),
(4135, 470, 122, 10, 10, 10, 10, 10, 10, 10, 10, 10, 10, 100, 2),
(4136, 472, 115, 10, 10, 10, 10, 10, 10, 10, 10, 10, 10, 100, 2),
(4137, 435, 117, 10, 10, 10, 10, 6, 8, 6, 6, 6, 10, 82, 2),
(4138, 435, 118, 10, 10, 10, 10, 10, 10, 10, 10, 10, 10, 100, 2),
(4139, 472, 116, 8, 8, 8, 6, 8, 6, 6, 4, 6, 8, 68, 2),
(4140, 433, 120, 4, 4, 4, 2, 2, 2, 2, 2, 2, 2, 26, 1),
(4141, 433, 121, 10, 10, 10, 10, 10, 10, 10, 10, 10, 10, 100, 1),
(4142, 435, 119, 10, 10, 10, 10, 10, 10, 10, 10, 8, 10, 98, 2),
(4143, 472, 117, 4, 6, 4, 6, 4, 6, 4, 8, 6, 2, 50, 2),
(4144, 435, 120, 6, 6, 6, 6, 6, 6, 6, 6, 6, 6, 60, 2),
(4145, 472, 118, 10, 10, 10, 10, 10, 10, 10, 10, 10, 10, 100, 2),
(4146, 435, 121, 10, 10, 10, 10, 10, 10, 10, 10, 10, 10, 100, 2),
(4147, 433, 122, 10, 8, 10, 8, 10, 8, 10, 8, 10, 8, 90, 1),
(4148, 435, 122, 10, 10, 6, 6, 10, 8, 6, 6, 6, 10, 78, 2),
(4149, 472, 119, 10, 10, 10, 10, 10, 10, 10, 10, 10, 10, 100, 2),
(4150, 472, 120, 10, 10, 10, 10, 10, 10, 10, 10, 10, 10, 100, 2),
(4151, 433, 114, 2, 2, 2, 2, 2, 2, 2, 2, 2, 2, 20, 2),
(4152, 504, 107, 10, 10, 10, 10, 10, 10, 10, 10, 10, 10, 100, 1),
(4153, 472, 121, 10, 10, 10, 10, 10, 10, 10, 10, 10, 10, 100, 2),
(4154, 433, 115, 10, 10, 10, 10, 10, 10, 10, 10, 2, 10, 92, 2),
(4155, 472, 122, 10, 10, 10, 10, 10, 10, 10, 10, 10, 10, 100, 2),
(4156, 433, 116, 8, 8, 8, 8, 8, 8, 8, 8, 8, 8, 80, 2),
(4157, 504, 106, 10, 10, 10, 10, 10, 10, 10, 10, 10, 10, 100, 1),
(4158, 433, 117, 6, 8, 6, 8, 6, 8, 10, 8, 6, 8, 74, 2),
(4159, 504, 108, 10, 10, 10, 10, 10, 10, 10, 10, 10, 10, 100, 1),
(4160, 433, 118, 10, 10, 8, 8, 8, 8, 8, 8, 10, 8, 86, 2),
(4161, 504, 109, 2, 2, 2, 2, 2, 2, 2, 2, 2, 2, 20, 1),
(4162, 433, 119, 6, 8, 8, 8, 8, 8, 6, 8, 8, 8, 76, 2),
(4163, 514, 105, 8, 10, 8, 10, 8, 10, 8, 8, 8, 8, 86, 1),
(4164, 433, 120, 2, 4, 2, 2, 4, 2, 2, 2, 2, 2, 24, 2),
(4165, 504, 105, 10, 8, 8, 8, 6, 10, 8, 6, 8, 10, 82, 1),
(4166, 433, 121, 8, 10, 10, 8, 8, 8, 8, 8, 8, 8, 84, 2),
(4167, 514, 106, 10, 10, 10, 8, 6, 6, 8, 6, 8, 8, 80, 1),
(4168, 433, 122, 8, 8, 10, 8, 8, 8, 8, 8, 8, 10, 84, 2),
(4169, 504, 110, 2, 2, 2, 2, 2, 2, 2, 2, 2, 2, 20, 1),
(4170, 514, 107, 10, 10, 10, 10, 10, 10, 10, 10, 10, 10, 100, 1),
(4171, 504, 111, 10, 10, 10, 10, 10, 10, 10, 10, 10, 10, 100, 1),
(4172, 514, 108, 10, 10, 10, 10, 10, 10, 10, 10, 10, 10, 100, 1),
(4173, 504, 112, 4, 6, 4, 4, 4, 4, 2, 4, 2, 2, 36, 1),
(4174, 514, 109, 8, 6, 8, 8, 6, 8, 6, 6, 6, 6, 68, 1),
(4175, 561, 96, 8, 8, 6, 8, 8, 6, 8, 8, 8, 6, 74, 1),
(4176, 504, 113, 2, 2, 2, 2, 2, 2, 2, 2, 2, 2, 20, 1),
(4177, 514, 110, 8, 8, 6, 8, 8, 6, 6, 8, 6, 8, 72, 1),
(4178, 514, 111, 8, 10, 10, 10, 10, 10, 10, 10, 10, 10, 98, 1),
(4179, 514, 112, 8, 6, 8, 6, 4, 4, 2, 4, 2, 4, 48, 1),
(4180, 561, 97, 6, 4, 6, 6, 6, 4, 8, 6, 8, 8, 62, 1),
(4181, 514, 113, 4, 4, 6, 2, 6, 4, 2, 2, 4, 4, 38, 1),
(4182, 514, 105, 6, 2, 4, 4, 4, 6, 6, 8, 8, 8, 56, 2),
(4183, 514, 106, 10, 10, 10, 10, 10, 10, 10, 10, 10, 10, 100, 2),
(4184, 561, 98, 6, 4, 8, 8, 8, 8, 8, 8, 6, 2, 66, 1),
(4185, 514, 107, 10, 10, 8, 10, 10, 10, 8, 10, 10, 8, 94, 2),
(4186, 514, 108, 10, 10, 10, 10, 6, 8, 10, 6, 10, 6, 86, 2),
(4187, 561, 99, 6, 8, 8, 8, 6, 6, 6, 8, 8, 8, 72, 1),
(4188, 514, 109, 2, 2, 6, 2, 6, 8, 8, 6, 8, 6, 54, 2),
(4189, 514, 110, 2, 2, 2, 2, 6, 2, 2, 4, 2, 4, 28, 2),
(4190, 514, 111, 10, 10, 10, 10, 10, 10, 10, 10, 10, 10, 100, 2),
(4191, 514, 112, 2, 2, 6, 4, 6, 2, 6, 10, 8, 8, 54, 2),
(4192, 561, 100, 8, 8, 8, 8, 8, 8, 8, 8, 8, 8, 80, 1),
(4193, 514, 113, 4, 4, 6, 6, 6, 8, 8, 8, 8, 6, 64, 2),
(4194, 561, 101, 8, 4, 8, 8, 8, 8, 8, 8, 6, 10, 76, 1),
(4195, 561, 102, 8, 8, 8, 8, 8, 8, 6, 6, 2, 8, 70, 1),
(4196, 561, 103, 6, 6, 6, 6, 6, 6, 6, 6, 8, 6, 62, 1),
(4197, 561, 104, 8, 8, 8, 8, 8, 8, 8, 8, 8, 8, 80, 1),
(4198, 584, 96, 10, 10, 10, 8, 10, 8, 10, 10, 10, 10, 96, 1),
(4199, 583, 96, 10, 10, 8, 10, 10, 8, 6, 4, 8, 10, 84, 1),
(4200, 584, 97, 8, 10, 10, 10, 10, 8, 10, 10, 8, 10, 94, 1),
(4201, 584, 98, 8, 10, 10, 10, 8, 8, 10, 8, 10, 10, 92, 1),
(4202, 583, 97, 10, 8, 6, 8, 6, 8, 8, 8, 10, 10, 82, 1),
(4203, 584, 99, 10, 8, 8, 8, 10, 10, 8, 10, 10, 10, 92, 1),
(4204, 583, 98, 6, 6, 8, 8, 6, 10, 8, 6, 8, 6, 72, 1),
(4205, 584, 100, 10, 10, 10, 10, 10, 10, 10, 10, 10, 10, 100, 1),
(4206, 584, 101, 10, 10, 10, 10, 10, 10, 10, 10, 10, 10, 100, 1),
(4207, 584, 102, 10, 10, 10, 10, 10, 10, 10, 10, 10, 10, 100, 1),
(4208, 583, 99, 6, 8, 8, 6, 8, 10, 6, 8, 6, 8, 74, 1),
(4209, 584, 103, 10, 10, 10, 10, 10, 10, 10, 10, 10, 10, 100, 1),
(4210, 583, 100, 8, 10, 10, 10, 6, 8, 4, 8, 4, 8, 76, 1),
(4211, 584, 104, 10, 10, 10, 10, 10, 10, 10, 10, 10, 10, 100, 1),
(4212, 583, 101, 10, 10, 10, 10, 10, 10, 10, 10, 10, 10, 100, 1),
(4213, 583, 102, 10, 10, 10, 10, 10, 10, 10, 10, 10, 10, 100, 1),
(4214, 584, 96, 10, 8, 10, 10, 10, 10, 10, 10, 10, 10, 98, 2),
(4215, 583, 103, 8, 8, 10, 10, 10, 10, 8, 8, 6, 8, 86, 1),
(4216, 534, 96, 10, 6, 10, 6, 8, 6, 8, 4, 8, 6, 72, 1),
(4217, 583, 104, 10, 10, 10, 10, 10, 10, 10, 10, 10, 10, 100, 1),
(4218, 552, 96, 10, 10, 10, 10, 10, 10, 10, 10, 10, 10, 100, 1),
(4219, 534, 97, 10, 10, 10, 10, 10, 10, 10, 10, 10, 10, 100, 1),
(4220, 568, 96, 10, 8, 10, 6, 8, 6, 4, 10, 6, 10, 78, 1),
(4221, 584, 97, 10, 8, 10, 10, 10, 10, 10, 10, 10, 10, 98, 2),
(4222, 552, 97, 10, 10, 10, 10, 10, 10, 10, 10, 10, 10, 100, 1),
(4223, 584, 98, 10, 10, 8, 10, 10, 10, 10, 10, 10, 10, 98, 2),
(4224, 552, 98, 6, 6, 4, 4, 6, 10, 8, 8, 6, 6, 64, 1),
(4225, 583, 96, 8, 8, 10, 10, 10, 6, 8, 8, 10, 10, 88, 2),
(4226, 534, 98, 8, 8, 6, 6, 8, 6, 6, 6, 10, 6, 70, 1),
(4227, 584, 99, 10, 10, 10, 10, 10, 10, 10, 10, 10, 10, 100, 2),
(4228, 552, 100, 4, 4, 4, 4, 2, 2, 2, 4, 2, 4, 32, 1),
(4229, 583, 97, 10, 10, 10, 10, 10, 10, 10, 10, 10, 10, 100, 2),
(4230, 552, 99, 10, 10, 10, 10, 10, 10, 10, 10, 10, 10, 100, 1),
(4231, 561, 96, 8, 6, 8, 8, 8, 8, 8, 8, 8, 8, 78, 2),
(4232, 583, 98, 6, 8, 8, 8, 8, 10, 8, 10, 10, 10, 86, 2),
(4233, 584, 100, 10, 10, 10, 10, 10, 10, 10, 10, 10, 10, 100, 2),
(4234, 552, 101, 6, 10, 10, 10, 6, 8, 10, 10, 10, 10, 90, 1),
(4235, 534, 99, 4, 8, 10, 6, 4, 6, 4, 6, 8, 4, 60, 1),
(4236, 579, 97, 6, 8, 10, 10, 10, 8, 10, 6, 10, 8, 86, 1),
(4237, 552, 102, 10, 10, 10, 10, 10, 10, 10, 10, 10, 10, 100, 1),
(4238, 584, 101, 10, 10, 10, 10, 10, 10, 10, 10, 10, 10, 100, 2),
(4239, 583, 99, 8, 8, 8, 10, 10, 8, 6, 8, 10, 10, 86, 2),
(4240, 552, 104, 10, 10, 10, 10, 10, 10, 10, 10, 10, 10, 100, 1),
(4241, 584, 102, 10, 10, 10, 10, 10, 10, 10, 10, 10, 10, 100, 2),
(4242, 583, 100, 8, 8, 8, 8, 8, 6, 8, 10, 8, 8, 80, 2),
(4243, 568, 101, 4, 2, 4, 2, 2, 2, 2, 2, 2, 2, 24, 1),
(4244, 534, 100, 8, 8, 10, 10, 10, 10, 8, 8, 8, 10, 90, 1),
(4245, 552, 103, 6, 10, 10, 10, 8, 8, 8, 10, 10, 8, 88, 1),
(4246, 584, 103, 10, 10, 10, 10, 10, 10, 10, 10, 10, 10, 100, 2),
(4247, 579, 98, 10, 10, 10, 10, 10, 10, 10, 10, 10, 10, 100, 1),
(4248, 575, 96, 10, 10, 10, 10, 10, 10, 10, 10, 10, 10, 100, 2),
(4249, 584, 104, 10, 10, 10, 10, 10, 10, 10, 10, 10, 10, 100, 2),
(4250, 561, 97, 6, 4, 6, 6, 4, 6, 6, 6, 4, 6, 54, 2),
(4251, 582, 96, 10, 10, 10, 10, 10, 8, 6, 8, 8, 6, 86, 1),
(4252, 583, 101, 10, 10, 10, 10, 10, 10, 10, 10, 10, 10, 100, 2),
(4253, 555, 96, 10, 10, 10, 10, 10, 10, 10, 10, 10, 10, 100, 1),
(4254, 583, 102, 8, 8, 10, 10, 8, 10, 10, 10, 10, 10, 94, 2),
(4255, 568, 99, 10, 10, 10, 10, 10, 10, 6, 10, 10, 10, 96, 1),
(4256, 579, 99, 8, 8, 8, 10, 6, 8, 10, 10, 8, 8, 84, 1),
(4257, 554, 96, 10, 10, 10, 10, 10, 10, 10, 10, 10, 10, 100, 1),
(4258, 575, 97, 10, 10, 10, 10, 10, 10, 10, 10, 10, 10, 100, 2),
(4259, 583, 103, 6, 8, 6, 8, 10, 10, 8, 10, 10, 10, 86, 2),
(4260, 561, 98, 6, 8, 6, 8, 6, 8, 6, 6, 6, 2, 62, 2),
(4261, 534, 101, 10, 4, 4, 4, 6, 10, 10, 8, 8, 10, 74, 1),
(4262, 583, 104, 10, 10, 10, 10, 10, 10, 10, 10, 10, 10, 100, 2),
(4263, 575, 98, 10, 10, 10, 10, 10, 10, 10, 10, 10, 10, 100, 2),
(4264, 582, 97, 10, 6, 6, 6, 8, 8, 6, 10, 10, 10, 80, 1),
(4265, 561, 99, 6, 6, 6, 6, 6, 6, 6, 6, 6, 6, 60, 2),
(4266, 575, 99, 10, 10, 10, 10, 10, 10, 10, 10, 10, 10, 100, 2),
(4267, 568, 97, 10, 10, 10, 10, 10, 10, 8, 10, 10, 10, 98, 1),
(4268, 534, 102, 10, 10, 10, 10, 10, 8, 6, 6, 4, 10, 84, 1),
(4269, 555, 97, 10, 10, 10, 10, 10, 10, 10, 10, 10, 10, 100, 1);
INSERT INTO `feedbacks` (`id`, `student_id`, `sa_id`, `q1`, `q2`, `q3`, `q4`, `q5`, `q6`, `q7`, `q8`, `q9`, `q10`, `sum`, `phase`) VALUES
(4270, 561, 101, 6, 6, 6, 6, 6, 6, 6, 6, 6, 6, 60, 2),
(4271, 575, 100, 10, 10, 10, 10, 10, 10, 10, 10, 10, 10, 100, 2),
(4272, 554, 97, 10, 10, 10, 10, 10, 10, 10, 10, 10, 10, 100, 1),
(4273, 552, 96, 10, 10, 10, 10, 10, 10, 10, 10, 10, 10, 100, 2),
(4274, 561, 100, 8, 6, 8, 6, 8, 6, 6, 6, 8, 6, 68, 2),
(4275, 579, 100, 6, 8, 10, 10, 10, 6, 6, 8, 10, 8, 82, 1),
(4276, 575, 101, 10, 10, 10, 10, 10, 10, 10, 10, 10, 10, 100, 2),
(4277, 534, 103, 8, 6, 8, 6, 10, 6, 10, 10, 8, 10, 82, 1),
(4278, 561, 102, 6, 6, 4, 6, 6, 6, 6, 6, 4, 6, 56, 2),
(4279, 552, 97, 10, 10, 10, 10, 10, 10, 10, 10, 10, 10, 100, 2),
(4280, 555, 98, 10, 10, 10, 10, 10, 10, 10, 10, 10, 10, 100, 1),
(4281, 575, 102, 10, 10, 10, 10, 10, 10, 10, 10, 10, 10, 100, 2),
(4282, 561, 104, 8, 8, 8, 8, 8, 8, 8, 8, 8, 8, 80, 2),
(4283, 552, 98, 8, 10, 8, 10, 10, 6, 8, 8, 6, 10, 84, 2),
(4284, 534, 104, 10, 10, 10, 10, 10, 10, 10, 10, 10, 10, 100, 1),
(4285, 561, 103, 6, 6, 6, 6, 6, 6, 6, 6, 6, 6, 60, 2),
(4286, 579, 101, 4, 6, 8, 6, 4, 6, 6, 6, 8, 4, 58, 1),
(4287, 575, 103, 10, 10, 10, 10, 10, 10, 10, 10, 10, 10, 100, 2),
(4288, 552, 99, 10, 10, 10, 10, 10, 10, 10, 10, 10, 10, 100, 2),
(4289, 568, 100, 2, 8, 8, 8, 8, 4, 2, 4, 8, 6, 58, 1),
(4290, 570, 103, 10, 10, 10, 10, 10, 10, 10, 10, 10, 10, 100, 2),
(4291, 555, 99, 10, 10, 10, 10, 10, 10, 10, 10, 10, 10, 100, 1),
(4292, 575, 104, 10, 10, 10, 10, 10, 10, 10, 10, 10, 10, 100, 2),
(4293, 554, 98, 6, 6, 8, 10, 10, 10, 10, 6, 10, 8, 84, 1),
(4294, 579, 102, 10, 10, 10, 10, 8, 10, 10, 10, 10, 10, 98, 1),
(4295, 570, 96, 10, 10, 10, 10, 10, 10, 10, 10, 10, 10, 100, 2),
(4296, 531, 96, 8, 8, 8, 8, 6, 8, 8, 8, 8, 8, 78, 1),
(4297, 552, 100, 10, 10, 10, 6, 4, 8, 6, 8, 8, 8, 78, 2),
(4298, 582, 98, 10, 6, 6, 6, 8, 6, 8, 8, 6, 8, 72, 1),
(4299, 570, 97, 10, 10, 10, 10, 10, 10, 10, 10, 10, 10, 100, 2),
(4300, 607, 91, 10, 8, 10, 10, 10, 8, 8, 10, 10, 10, 94, 1),
(4301, 552, 101, 8, 6, 6, 8, 8, 8, 8, 6, 6, 6, 70, 2),
(4302, 575, 96, 10, 10, 10, 10, 10, 10, 10, 10, 10, 10, 100, 1),
(4303, 554, 99, 10, 10, 10, 10, 10, 10, 10, 10, 10, 10, 100, 1),
(4304, 604, 87, 6, 6, 8, 8, 8, 8, 8, 6, 6, 6, 70, 1),
(4305, 568, 98, 4, 2, 6, 4, 8, 2, 8, 4, 6, 2, 46, 1),
(4306, 579, 103, 8, 10, 10, 10, 10, 10, 10, 10, 10, 10, 98, 1),
(4307, 552, 102, 10, 10, 10, 10, 10, 10, 10, 10, 10, 10, 100, 2),
(4308, 570, 99, 10, 10, 10, 10, 10, 10, 10, 10, 10, 10, 100, 2),
(4309, 534, 96, 8, 10, 8, 8, 8, 8, 6, 8, 6, 6, 76, 2),
(4310, 590, 87, 4, 4, 4, 4, 4, 4, 2, 2, 4, 10, 42, 1),
(4311, 554, 100, 10, 10, 10, 10, 10, 10, 10, 10, 10, 10, 100, 1),
(4312, 552, 103, 6, 6, 8, 8, 8, 8, 6, 8, 8, 8, 74, 2),
(4313, 579, 104, 10, 10, 10, 10, 10, 10, 10, 10, 10, 10, 100, 1),
(4314, 531, 97, 8, 8, 8, 8, 8, 8, 8, 6, 8, 8, 78, 1),
(4315, 555, 100, 10, 10, 10, 10, 10, 10, 10, 10, 10, 8, 98, 1),
(4316, 604, 88, 6, 8, 8, 8, 8, 8, 8, 8, 8, 8, 78, 1),
(4317, 534, 97, 10, 10, 10, 10, 10, 10, 10, 10, 10, 10, 100, 2),
(4318, 568, 102, 10, 10, 10, 10, 10, 10, 10, 10, 10, 10, 100, 1),
(4319, 575, 97, 10, 10, 10, 10, 10, 10, 10, 10, 10, 10, 100, 1),
(4320, 570, 101, 10, 10, 10, 10, 10, 10, 10, 10, 10, 10, 100, 2),
(4321, 582, 99, 10, 6, 6, 4, 10, 10, 10, 10, 10, 10, 86, 1),
(4322, 534, 98, 6, 6, 4, 6, 6, 6, 6, 6, 4, 6, 56, 2),
(4323, 552, 104, 10, 10, 10, 10, 10, 10, 10, 10, 10, 10, 100, 2),
(4324, 607, 87, 8, 10, 8, 10, 6, 8, 8, 6, 10, 10, 84, 1),
(4325, 604, 89, 6, 6, 8, 8, 8, 8, 8, 8, 8, 8, 76, 1),
(4326, 579, 96, 10, 10, 8, 8, 8, 10, 6, 8, 10, 10, 88, 1),
(4327, 555, 101, 10, 10, 10, 10, 10, 10, 10, 10, 10, 10, 100, 1),
(4328, 534, 99, 4, 4, 6, 8, 10, 8, 6, 4, 4, 8, 62, 2),
(4329, 575, 98, 10, 10, 10, 10, 10, 10, 10, 10, 10, 10, 100, 1),
(4330, 582, 100, 10, 10, 10, 10, 10, 10, 10, 10, 10, 10, 100, 1),
(4331, 554, 101, 2, 2, 2, 2, 2, 2, 2, 2, 2, 2, 20, 1),
(4332, 607, 88, 8, 6, 10, 6, 8, 6, 6, 10, 6, 6, 72, 1),
(4333, 604, 90, 8, 8, 8, 8, 8, 8, 8, 8, 8, 8, 80, 1),
(4334, 570, 100, 10, 10, 10, 10, 10, 10, 10, 10, 10, 10, 100, 2),
(4335, 568, 103, 10, 10, 10, 10, 10, 8, 10, 10, 10, 4, 92, 1),
(4336, 531, 98, 8, 8, 8, 8, 8, 6, 8, 8, 8, 8, 78, 1),
(4337, 534, 100, 6, 4, 4, 6, 8, 4, 6, 8, 6, 10, 62, 2),
(4338, 582, 101, 10, 10, 10, 10, 10, 10, 10, 10, 10, 10, 100, 1),
(4339, 575, 99, 10, 10, 10, 10, 10, 10, 10, 10, 10, 10, 100, 1),
(4340, 555, 102, 10, 10, 10, 10, 10, 10, 10, 10, 10, 10, 100, 1),
(4341, 607, 89, 10, 10, 10, 10, 10, 10, 10, 10, 10, 10, 100, 1),
(4342, 554, 102, 10, 10, 10, 10, 10, 10, 10, 10, 10, 10, 100, 1),
(4343, 568, 104, 10, 10, 10, 10, 10, 10, 10, 10, 10, 10, 100, 1),
(4344, 590, 88, 6, 6, 2, 10, 4, 8, 10, 4, 6, 10, 66, 1),
(4345, 582, 102, 10, 10, 10, 10, 10, 10, 10, 10, 10, 10, 100, 1),
(4346, 531, 99, 8, 8, 8, 8, 8, 8, 8, 8, 8, 8, 80, 1),
(4347, 575, 100, 10, 10, 10, 10, 10, 10, 10, 10, 10, 10, 100, 1),
(4348, 534, 101, 4, 2, 4, 6, 6, 8, 8, 8, 8, 10, 64, 2),
(4349, 607, 92, 10, 10, 10, 10, 10, 10, 10, 10, 10, 10, 100, 1),
(4350, 582, 103, 10, 10, 10, 10, 10, 10, 10, 10, 10, 10, 100, 1),
(4351, 531, 100, 8, 8, 8, 8, 8, 8, 8, 8, 8, 8, 80, 1),
(4352, 570, 98, 10, 10, 10, 10, 10, 10, 10, 10, 10, 10, 100, 2),
(4353, 575, 101, 10, 10, 10, 10, 10, 10, 10, 10, 10, 10, 100, 1),
(4354, 639, 87, 8, 8, 8, 10, 10, 8, 10, 8, 8, 10, 88, 1),
(4355, 604, 92, 10, 10, 10, 10, 10, 10, 10, 10, 10, 10, 100, 1),
(4356, 607, 90, 10, 10, 10, 10, 8, 10, 10, 10, 10, 10, 98, 1),
(4357, 534, 102, 10, 10, 10, 10, 10, 10, 10, 10, 10, 10, 100, 2),
(4358, 582, 104, 10, 10, 10, 10, 10, 10, 10, 10, 10, 10, 100, 1),
(4359, 575, 102, 10, 10, 10, 10, 10, 10, 10, 10, 10, 10, 100, 1),
(4360, 570, 102, 10, 10, 10, 10, 10, 10, 10, 10, 10, 10, 100, 2),
(4361, 555, 103, 10, 10, 10, 10, 10, 10, 10, 10, 10, 10, 100, 1),
(4362, 604, 91, 10, 10, 10, 10, 10, 10, 10, 10, 10, 10, 100, 1),
(4363, 554, 103, 10, 10, 10, 10, 10, 10, 10, 10, 10, 10, 100, 1),
(4364, 534, 103, 4, 6, 8, 10, 8, 4, 6, 6, 6, 6, 64, 2),
(4365, 531, 101, 10, 8, 10, 10, 8, 8, 10, 10, 10, 10, 94, 1),
(4366, 607, 93, 8, 10, 10, 10, 10, 10, 10, 10, 10, 8, 96, 1),
(4367, 575, 103, 10, 10, 10, 10, 10, 10, 10, 10, 10, 10, 100, 1),
(4368, 604, 93, 10, 10, 10, 10, 10, 10, 10, 10, 10, 8, 98, 1),
(4369, 534, 104, 10, 10, 10, 10, 10, 10, 10, 10, 10, 10, 100, 2),
(4370, 555, 104, 10, 10, 10, 10, 10, 10, 10, 10, 10, 10, 100, 1),
(4371, 531, 102, 8, 8, 8, 8, 8, 8, 8, 8, 8, 8, 80, 1),
(4372, 554, 104, 10, 10, 10, 10, 10, 10, 10, 10, 10, 10, 100, 1),
(4373, 570, 104, 10, 10, 10, 10, 10, 10, 10, 10, 10, 10, 100, 2),
(4374, 575, 104, 10, 10, 10, 10, 10, 10, 10, 10, 10, 10, 100, 1),
(4375, 607, 94, 10, 10, 10, 10, 10, 10, 10, 10, 10, 10, 100, 1),
(4376, 590, 89, 8, 4, 2, 6, 4, 6, 2, 6, 4, 4, 46, 1),
(4377, 604, 94, 10, 10, 10, 10, 10, 10, 6, 8, 8, 8, 90, 1),
(4378, 638, 87, 6, 8, 6, 2, 4, 6, 8, 8, 6, 8, 62, 1),
(4379, 531, 103, 8, 8, 8, 8, 8, 8, 8, 8, 8, 8, 80, 1),
(4380, 590, 90, 10, 10, 10, 10, 10, 10, 10, 10, 10, 10, 100, 1),
(4381, 592, 88, 8, 4, 4, 6, 4, 6, 8, 8, 6, 10, 64, 1),
(4382, 607, 95, 10, 8, 6, 6, 8, 10, 8, 6, 8, 10, 80, 1),
(4383, 604, 95, 2, 4, 6, 8, 8, 10, 10, 4, 6, 2, 60, 1),
(4384, 531, 104, 8, 8, 8, 8, 8, 8, 8, 8, 8, 8, 80, 1),
(4385, 639, 88, 8, 8, 10, 8, 8, 10, 8, 8, 6, 8, 82, 1),
(4386, 590, 91, 10, 10, 10, 10, 10, 10, 10, 10, 10, 10, 100, 1),
(4387, 609, 87, 8, 6, 8, 6, 8, 8, 6, 6, 6, 8, 70, 1),
(4388, 638, 88, 8, 8, 8, 8, 8, 10, 10, 8, 6, 10, 84, 1),
(4389, 639, 89, 6, 8, 6, 10, 10, 8, 8, 8, 8, 8, 80, 1),
(4390, 590, 92, 6, 6, 6, 6, 4, 8, 6, 4, 10, 10, 66, 1),
(4391, 555, 96, 10, 10, 10, 10, 10, 10, 10, 10, 10, 10, 100, 2),
(4392, 554, 96, 10, 10, 10, 10, 10, 10, 10, 10, 10, 10, 100, 2),
(4393, 638, 89, 10, 10, 10, 10, 10, 10, 10, 10, 10, 10, 100, 1),
(4394, 609, 88, 10, 10, 10, 10, 10, 10, 10, 10, 10, 10, 100, 1),
(4395, 639, 90, 10, 10, 10, 10, 8, 8, 10, 8, 10, 10, 94, 1),
(4396, 590, 93, 2, 2, 2, 2, 2, 2, 2, 2, 2, 2, 20, 1),
(4397, 588, 87, 8, 4, 6, 6, 6, 6, 6, 6, 4, 6, 58, 1),
(4398, 531, 96, 8, 8, 8, 8, 8, 8, 8, 8, 8, 8, 80, 2),
(4399, 604, 87, 6, 6, 8, 8, 8, 8, 8, 8, 8, 8, 76, 2),
(4400, 638, 90, 10, 10, 10, 10, 10, 10, 10, 10, 10, 10, 100, 1),
(4401, 555, 97, 10, 10, 10, 10, 10, 10, 10, 10, 10, 10, 100, 2),
(4402, 592, 87, 8, 6, 6, 8, 6, 4, 8, 6, 4, 8, 64, 1),
(4403, 609, 89, 6, 6, 6, 6, 8, 8, 8, 8, 8, 8, 72, 1),
(4404, 531, 97, 8, 8, 8, 8, 8, 6, 8, 8, 8, 8, 78, 2),
(4405, 590, 94, 10, 10, 10, 10, 10, 10, 10, 10, 10, 10, 100, 1),
(4406, 604, 88, 6, 4, 6, 8, 8, 8, 6, 6, 8, 6, 66, 2),
(4407, 636, 91, 10, 10, 8, 8, 10, 10, 10, 10, 10, 10, 96, 1),
(4408, 639, 91, 8, 10, 10, 8, 10, 8, 8, 10, 10, 8, 90, 1),
(4409, 638, 91, 8, 6, 4, 2, 4, 6, 8, 10, 8, 6, 62, 1),
(4410, 555, 98, 10, 10, 10, 10, 10, 10, 10, 10, 10, 10, 100, 2),
(4411, 590, 95, 10, 10, 10, 10, 10, 10, 10, 10, 10, 10, 100, 1),
(4412, 604, 89, 2, 6, 8, 6, 6, 6, 6, 8, 8, 4, 60, 2),
(4413, 588, 88, 6, 4, 4, 6, 4, 6, 6, 6, 6, 10, 58, 1),
(4414, 554, 97, 10, 10, 10, 10, 10, 10, 10, 10, 10, 10, 100, 2),
(4415, 555, 99, 10, 10, 10, 10, 10, 10, 10, 10, 10, 10, 100, 2),
(4416, 636, 92, 10, 10, 10, 10, 10, 10, 10, 10, 10, 10, 100, 1),
(4417, 604, 90, 2, 6, 6, 6, 6, 6, 6, 6, 8, 4, 56, 2),
(4418, 531, 98, 8, 8, 8, 8, 8, 8, 8, 8, 8, 8, 80, 2),
(4419, 639, 92, 10, 10, 10, 10, 10, 10, 10, 10, 10, 10, 100, 1),
(4420, 638, 92, 6, 4, 8, 8, 6, 6, 6, 8, 10, 8, 70, 1),
(4421, 592, 89, 4, 4, 2, 6, 4, 8, 6, 4, 10, 4, 52, 1),
(4422, 604, 91, 8, 10, 10, 8, 8, 8, 8, 8, 8, 4, 80, 2),
(4423, 554, 98, 10, 10, 10, 10, 10, 10, 10, 10, 10, 10, 100, 2),
(4424, 639, 93, 8, 8, 8, 8, 10, 10, 10, 10, 8, 8, 88, 1),
(4425, 531, 99, 8, 8, 8, 8, 8, 8, 8, 8, 8, 8, 80, 2),
(4426, 555, 100, 10, 10, 10, 10, 10, 10, 10, 10, 10, 8, 98, 2),
(4427, 638, 93, 10, 10, 10, 10, 10, 10, 10, 10, 10, 10, 100, 1),
(4428, 616, 87, 4, 6, 2, 2, 4, 4, 4, 4, 4, 4, 38, 1),
(4429, 604, 92, 10, 10, 10, 10, 10, 10, 10, 10, 10, 10, 100, 2),
(4430, 636, 87, 10, 10, 10, 10, 10, 10, 10, 10, 10, 10, 100, 1),
(4431, 588, 89, 4, 4, 4, 4, 6, 8, 4, 4, 8, 6, 52, 1),
(4432, 531, 101, 10, 10, 8, 8, 8, 8, 8, 8, 8, 8, 84, 2),
(4433, 554, 99, 10, 10, 10, 10, 10, 10, 10, 10, 10, 10, 100, 2),
(4434, 639, 94, 8, 8, 10, 10, 8, 8, 8, 10, 8, 10, 88, 1),
(4435, 555, 101, 10, 10, 10, 10, 10, 10, 10, 10, 10, 10, 100, 2),
(4436, 607, 87, 10, 10, 10, 10, 10, 10, 10, 10, 10, 10, 100, 2),
(4437, 604, 94, 6, 10, 10, 10, 10, 10, 10, 10, 10, 10, 96, 2),
(4438, 638, 94, 8, 8, 8, 6, 6, 6, 4, 4, 6, 10, 66, 1),
(4439, 592, 90, 8, 6, 8, 10, 8, 8, 8, 6, 4, 8, 74, 1),
(4440, 531, 100, 10, 10, 8, 8, 8, 8, 8, 8, 8, 8, 84, 2),
(4441, 639, 95, 8, 8, 10, 10, 8, 10, 10, 8, 10, 10, 92, 1),
(4442, 616, 88, 2, 2, 2, 2, 2, 2, 2, 2, 2, 2, 20, 1),
(4443, 604, 93, 8, 8, 8, 8, 8, 8, 8, 8, 8, 8, 80, 2),
(4444, 636, 88, 8, 8, 8, 8, 8, 8, 8, 8, 8, 8, 80, 1),
(4445, 607, 88, 6, 8, 8, 10, 8, 8, 8, 8, 8, 10, 82, 2),
(4446, 555, 102, 10, 10, 10, 10, 10, 10, 10, 10, 10, 10, 100, 2),
(4447, 531, 102, 8, 8, 8, 8, 8, 8, 8, 8, 8, 8, 80, 2),
(4448, 554, 100, 10, 10, 10, 10, 10, 10, 10, 10, 10, 10, 100, 2),
(4449, 588, 90, 8, 8, 8, 8, 10, 8, 6, 8, 4, 8, 76, 1),
(4450, 616, 89, 10, 10, 8, 8, 10, 10, 10, 10, 10, 10, 96, 1),
(4451, 607, 89, 8, 10, 10, 10, 10, 10, 10, 8, 10, 8, 94, 2),
(4452, 636, 89, 10, 10, 10, 10, 10, 10, 10, 10, 10, 10, 100, 1),
(4453, 639, 87, 8, 8, 10, 10, 10, 10, 8, 10, 10, 8, 92, 2),
(4454, 592, 91, 8, 6, 8, 8, 8, 6, 8, 6, 4, 4, 66, 1),
(4455, 555, 103, 10, 10, 10, 10, 10, 10, 10, 10, 10, 10, 100, 2),
(4456, 554, 101, 2, 2, 2, 2, 2, 2, 2, 2, 2, 2, 20, 2),
(4457, 531, 103, 8, 8, 8, 8, 8, 8, 8, 8, 8, 8, 80, 2),
(4458, 607, 90, 10, 10, 10, 10, 10, 10, 10, 10, 10, 10, 100, 2),
(4459, 639, 88, 8, 8, 10, 8, 10, 10, 10, 8, 10, 10, 92, 2),
(4460, 638, 95, 6, 6, 4, 4, 6, 4, 4, 4, 4, 4, 46, 1),
(4461, 636, 90, 10, 10, 10, 10, 10, 10, 10, 10, 10, 10, 100, 1),
(4462, 616, 91, 6, 6, 6, 6, 6, 6, 6, 10, 8, 6, 66, 1),
(4463, 554, 102, 10, 10, 10, 10, 10, 10, 10, 10, 10, 10, 100, 2),
(4464, 531, 104, 8, 8, 8, 8, 8, 8, 8, 8, 8, 8, 80, 2),
(4465, 607, 91, 10, 10, 10, 10, 10, 10, 10, 10, 10, 10, 100, 2),
(4466, 639, 89, 10, 10, 8, 10, 8, 8, 10, 10, 10, 10, 94, 2),
(4467, 588, 91, 8, 8, 8, 8, 6, 8, 8, 6, 8, 8, 76, 1),
(4468, 636, 93, 10, 10, 10, 10, 10, 10, 10, 10, 10, 10, 100, 1),
(4469, 607, 92, 10, 10, 10, 10, 10, 10, 10, 10, 10, 10, 100, 2),
(4470, 554, 104, 10, 10, 10, 10, 10, 10, 10, 10, 10, 10, 100, 2),
(4471, 639, 90, 10, 10, 10, 10, 10, 10, 10, 10, 10, 10, 100, 2),
(4472, 616, 90, 10, 10, 10, 10, 10, 10, 10, 10, 10, 10, 100, 1),
(4473, 592, 92, 10, 10, 10, 10, 10, 10, 10, 10, 2, 8, 90, 1),
(4474, 607, 93, 10, 10, 10, 10, 10, 10, 10, 10, 10, 10, 100, 2),
(4475, 554, 103, 10, 10, 10, 10, 10, 10, 10, 10, 10, 10, 100, 2),
(4476, 639, 91, 10, 10, 10, 8, 8, 10, 10, 8, 8, 10, 92, 2),
(4477, 636, 94, 10, 10, 10, 10, 10, 10, 10, 10, 10, 10, 100, 1),
(4478, 616, 92, 4, 4, 4, 4, 4, 4, 4, 4, 4, 4, 40, 1),
(4479, 639, 92, 10, 10, 10, 8, 8, 10, 10, 10, 8, 10, 94, 2),
(4480, 607, 94, 10, 10, 10, 10, 10, 10, 10, 10, 10, 10, 100, 2),
(4481, 616, 93, 2, 2, 2, 2, 2, 2, 4, 4, 2, 4, 26, 1),
(4482, 636, 95, 10, 10, 10, 10, 10, 10, 10, 10, 10, 10, 100, 1),
(4483, 639, 93, 8, 8, 8, 8, 10, 8, 8, 10, 6, 10, 84, 2),
(4484, 607, 95, 10, 10, 10, 8, 10, 10, 10, 10, 10, 10, 98, 2),
(4485, 638, 87, 10, 10, 10, 10, 10, 10, 10, 10, 10, 10, 100, 2),
(4486, 639, 94, 8, 8, 10, 10, 10, 8, 10, 8, 10, 10, 92, 2),
(4487, 616, 94, 6, 6, 6, 6, 6, 6, 6, 6, 6, 6, 60, 1),
(4488, 592, 93, 4, 8, 4, 6, 2, 4, 2, 4, 4, 6, 44, 1),
(4489, 588, 92, 10, 8, 8, 8, 8, 10, 8, 8, 6, 10, 84, 1),
(4490, 638, 88, 6, 6, 6, 6, 8, 8, 8, 8, 8, 6, 70, 2),
(4491, 639, 95, 8, 10, 10, 10, 10, 8, 10, 10, 8, 8, 92, 2),
(4492, 616, 95, 4, 4, 4, 6, 6, 6, 6, 6, 6, 6, 54, 1),
(4493, 604, 95, 6, 6, 6, 6, 6, 6, 6, 6, 6, 6, 60, 2),
(4494, 636, 93, 10, 10, 10, 10, 10, 10, 10, 10, 10, 8, 98, 2),
(4495, 588, 93, 6, 6, 4, 6, 4, 4, 2, 2, 4, 6, 44, 1),
(4496, 590, 87, 4, 4, 6, 4, 6, 6, 4, 8, 4, 8, 54, 2),
(4497, 592, 94, 6, 6, 8, 4, 8, 4, 6, 4, 6, 4, 56, 1),
(4498, 638, 89, 2, 4, 6, 6, 6, 6, 6, 6, 6, 6, 54, 2),
(4499, 636, 87, 10, 10, 10, 10, 10, 10, 10, 10, 10, 10, 100, 2),
(4500, 590, 88, 2, 6, 6, 4, 6, 6, 4, 4, 8, 10, 56, 2),
(4501, 636, 90, 10, 10, 10, 10, 10, 10, 10, 10, 10, 10, 100, 2),
(4502, 638, 90, 10, 10, 10, 10, 10, 10, 10, 10, 10, 10, 100, 2),
(4503, 590, 89, 4, 4, 6, 4, 6, 4, 4, 4, 6, 6, 48, 2),
(4504, 616, 87, 2, 4, 4, 4, 4, 4, 4, 4, 4, 4, 38, 2),
(4505, 588, 94, 8, 6, 8, 8, 8, 8, 8, 8, 8, 8, 78, 1),
(4506, 590, 90, 10, 10, 10, 10, 10, 10, 10, 10, 10, 10, 100, 2),
(4507, 638, 91, 4, 4, 4, 4, 4, 4, 4, 4, 4, 4, 40, 2),
(4508, 592, 95, 8, 6, 6, 8, 6, 6, 2, 4, 4, 6, 56, 1),
(4509, 636, 88, 4, 4, 4, 4, 4, 2, 2, 4, 4, 4, 36, 2),
(4510, 616, 88, 6, 8, 2, 4, 4, 2, 2, 4, 4, 4, 40, 2),
(4511, 590, 91, 10, 10, 10, 10, 10, 10, 10, 10, 10, 10, 100, 2),
(4512, 636, 89, 2, 2, 2, 2, 2, 2, 2, 2, 2, 2, 20, 2),
(4513, 638, 92, 2, 2, 2, 2, 2, 2, 2, 2, 2, 2, 20, 2),
(4514, 616, 89, 10, 10, 10, 10, 10, 10, 10, 10, 10, 10, 100, 2),
(4515, 590, 92, 6, 4, 6, 4, 6, 4, 4, 4, 10, 10, 58, 2),
(4516, 588, 95, 6, 8, 8, 6, 6, 6, 8, 6, 6, 6, 66, 1),
(4517, 636, 91, 10, 10, 10, 10, 10, 10, 10, 10, 10, 10, 100, 2),
(4518, 590, 93, 2, 2, 2, 2, 2, 2, 2, 2, 2, 2, 20, 2),
(4519, 638, 93, 6, 8, 8, 8, 8, 8, 8, 8, 8, 8, 78, 2),
(4520, 636, 92, 10, 10, 10, 10, 10, 10, 10, 10, 10, 10, 100, 2),
(4521, 590, 94, 10, 10, 10, 10, 10, 10, 10, 10, 10, 10, 100, 2),
(4522, 616, 91, 6, 8, 6, 6, 6, 6, 6, 6, 6, 6, 62, 2),
(4523, 638, 94, 10, 10, 10, 10, 10, 10, 10, 10, 10, 10, 100, 2),
(4524, 590, 95, 10, 10, 10, 10, 10, 10, 10, 10, 10, 10, 100, 2),
(4525, 616, 90, 10, 10, 10, 10, 10, 10, 10, 10, 10, 10, 100, 2),
(4526, 636, 94, 10, 10, 10, 6, 6, 6, 10, 10, 10, 10, 88, 2),
(4527, 626, 93, 2, 2, 2, 2, 2, 2, 2, 2, 2, 2, 20, 1),
(4528, 638, 95, 2, 2, 2, 2, 2, 2, 2, 2, 2, 2, 20, 2),
(4529, 636, 95, 2, 2, 2, 2, 2, 2, 2, 2, 2, 2, 20, 2),
(4530, 601, 87, 8, 8, 10, 8, 8, 10, 10, 8, 8, 8, 86, 1),
(4531, 594, 87, 6, 6, 6, 8, 8, 6, 8, 4, 6, 8, 66, 1),
(4532, 616, 92, 4, 4, 4, 4, 4, 4, 4, 4, 4, 4, 40, 2),
(4533, 601, 88, 8, 8, 8, 8, 8, 8, 8, 8, 8, 8, 80, 1),
(4534, 616, 93, 4, 4, 2, 2, 2, 2, 2, 2, 2, 2, 24, 2),
(4535, 601, 89, 8, 8, 8, 6, 8, 8, 6, 8, 8, 8, 76, 1),
(4536, 616, 94, 4, 6, 6, 6, 6, 6, 6, 6, 6, 6, 58, 2),
(4537, 626, 91, 10, 8, 8, 6, 10, 10, 6, 8, 10, 8, 84, 1),
(4538, 601, 90, 10, 10, 10, 10, 10, 10, 10, 10, 10, 10, 100, 1),
(4539, 616, 95, 6, 6, 6, 6, 6, 6, 6, 6, 6, 6, 60, 2),
(4540, 601, 91, 10, 8, 10, 8, 8, 8, 8, 10, 8, 8, 86, 1),
(4541, 594, 90, 10, 10, 10, 10, 10, 10, 10, 10, 10, 10, 100, 1),
(4542, 626, 87, 6, 6, 2, 2, 2, 2, 4, 2, 4, 6, 36, 1),
(4543, 601, 92, 10, 10, 10, 10, 10, 10, 10, 10, 10, 10, 100, 1),
(4544, 594, 92, 10, 10, 10, 10, 10, 10, 10, 10, 10, 10, 100, 1),
(4545, 601, 93, 8, 8, 6, 8, 8, 8, 8, 8, 8, 8, 78, 1),
(4546, 629, 87, 8, 4, 10, 8, 6, 8, 8, 4, 4, 8, 68, 1),
(4547, 626, 88, 4, 2, 4, 2, 2, 2, 4, 2, 6, 4, 32, 1),
(4548, 601, 94, 8, 8, 8, 8, 8, 8, 8, 8, 6, 10, 80, 1),
(4549, 594, 91, 8, 8, 10, 10, 10, 8, 10, 10, 10, 10, 94, 1),
(4550, 601, 95, 8, 8, 8, 8, 10, 8, 10, 10, 8, 8, 86, 1),
(4551, 601, 87, 8, 8, 8, 8, 8, 8, 8, 8, 8, 8, 80, 2),
(4552, 629, 88, 4, 8, 8, 8, 6, 6, 8, 8, 10, 10, 76, 1),
(4553, 594, 89, 10, 10, 10, 8, 8, 8, 8, 10, 6, 10, 88, 1),
(4554, 626, 92, 8, 6, 8, 10, 6, 6, 10, 4, 10, 10, 78, 1),
(4555, 601, 88, 8, 8, 6, 8, 8, 6, 8, 8, 8, 10, 78, 2),
(4556, 594, 88, 8, 8, 8, 8, 6, 8, 8, 8, 10, 10, 82, 1),
(4557, 601, 89, 8, 8, 8, 8, 8, 8, 8, 8, 8, 8, 80, 2),
(4558, 601, 91, 10, 10, 10, 10, 10, 10, 10, 10, 10, 10, 100, 2),
(4559, 629, 89, 8, 8, 10, 10, 6, 6, 6, 8, 8, 8, 78, 1),
(4560, 594, 93, 8, 8, 8, 10, 8, 8, 8, 8, 6, 10, 82, 1),
(4561, 601, 90, 10, 10, 10, 10, 10, 10, 10, 10, 10, 10, 100, 2),
(4562, 626, 89, 8, 8, 2, 2, 6, 8, 2, 4, 2, 2, 44, 1),
(4563, 601, 92, 10, 10, 10, 8, 10, 10, 10, 8, 8, 10, 94, 2),
(4564, 626, 95, 2, 2, 2, 2, 2, 2, 2, 2, 2, 2, 20, 1),
(4565, 629, 90, 10, 10, 10, 10, 10, 10, 10, 10, 10, 10, 100, 1),
(4566, 601, 93, 8, 8, 6, 8, 8, 8, 6, 8, 8, 10, 78, 2),
(4567, 594, 94, 8, 8, 8, 10, 6, 6, 8, 8, 4, 10, 76, 1),
(4568, 601, 94, 10, 10, 10, 8, 10, 10, 10, 10, 8, 10, 96, 2),
(4569, 626, 90, 10, 10, 10, 10, 10, 10, 6, 10, 2, 8, 86, 1),
(4570, 601, 95, 8, 8, 8, 8, 8, 8, 10, 8, 10, 10, 86, 2),
(4571, 629, 91, 8, 10, 10, 10, 10, 8, 10, 10, 10, 10, 96, 1),
(4572, 626, 94, 8, 8, 8, 8, 8, 8, 8, 8, 8, 8, 80, 1),
(4573, 594, 95, 10, 8, 10, 10, 10, 8, 10, 8, 8, 10, 92, 1),
(4574, 629, 92, 8, 10, 10, 10, 6, 8, 8, 8, 8, 8, 84, 1),
(4575, 629, 93, 6, 8, 6, 8, 6, 8, 6, 8, 6, 4, 66, 1),
(4576, 591, 87, 6, 6, 6, 6, 6, 6, 6, 6, 6, 6, 60, 1),
(4577, 591, 88, 10, 10, 10, 10, 10, 10, 10, 10, 10, 10, 100, 1),
(4578, 629, 94, 8, 10, 10, 10, 10, 10, 8, 8, 8, 8, 90, 1),
(4579, 591, 89, 10, 10, 10, 10, 10, 10, 10, 10, 10, 10, 100, 1),
(4580, 612, 87, 10, 10, 10, 10, 10, 10, 8, 6, 6, 10, 90, 1),
(4581, 591, 90, 10, 10, 10, 10, 10, 10, 10, 10, 10, 10, 100, 1),
(4582, 591, 91, 8, 8, 8, 8, 8, 8, 8, 8, 8, 8, 80, 1),
(4583, 629, 95, 6, 8, 10, 10, 6, 8, 8, 6, 6, 6, 74, 1),
(4584, 612, 88, 6, 6, 8, 8, 8, 8, 8, 6, 6, 8, 72, 1),
(4585, 591, 92, 8, 8, 8, 8, 8, 8, 8, 8, 8, 8, 80, 1),
(4586, 612, 89, 8, 8, 8, 8, 8, 8, 8, 8, 8, 8, 80, 1),
(4587, 591, 93, 6, 6, 6, 6, 6, 6, 6, 6, 6, 6, 60, 1),
(4588, 612, 90, 10, 10, 10, 10, 10, 10, 10, 10, 10, 10, 100, 1),
(4589, 591, 94, 8, 8, 8, 8, 8, 8, 8, 8, 8, 8, 80, 1),
(4590, 612, 91, 10, 10, 10, 10, 10, 10, 10, 10, 10, 10, 100, 1),
(4591, 591, 95, 8, 8, 8, 8, 8, 8, 8, 8, 8, 8, 80, 1),
(4592, 612, 92, 10, 10, 10, 10, 10, 10, 10, 10, 10, 10, 100, 1),
(4593, 612, 93, 6, 6, 6, 6, 6, 6, 6, 4, 4, 6, 56, 1),
(4594, 612, 94, 10, 10, 10, 10, 10, 10, 10, 10, 10, 10, 100, 1),
(4595, 629, 87, 8, 6, 8, 8, 8, 10, 8, 8, 10, 10, 84, 2),
(4596, 591, 87, 6, 6, 6, 6, 6, 6, 6, 6, 6, 6, 60, 2),
(4597, 591, 88, 10, 10, 10, 10, 10, 10, 10, 10, 10, 10, 100, 2),
(4598, 612, 95, 10, 10, 10, 10, 10, 10, 10, 10, 10, 10, 100, 1),
(4599, 591, 89, 8, 8, 8, 8, 8, 8, 8, 8, 8, 8, 80, 2),
(4600, 591, 91, 8, 8, 8, 8, 8, 8, 8, 8, 8, 8, 80, 2),
(4601, 591, 95, 8, 8, 8, 8, 8, 8, 8, 8, 8, 8, 80, 2),
(4602, 612, 87, 6, 8, 8, 8, 8, 8, 8, 8, 8, 8, 78, 2),
(4603, 629, 88, 8, 6, 8, 8, 10, 8, 8, 8, 10, 8, 82, 2),
(4604, 591, 93, 6, 6, 6, 6, 6, 6, 6, 6, 6, 6, 60, 2),
(4605, 612, 89, 8, 10, 10, 10, 8, 6, 6, 10, 10, 8, 86, 2),
(4606, 591, 90, 10, 10, 10, 10, 10, 10, 10, 10, 10, 10, 100, 2),
(4607, 612, 88, 6, 8, 6, 8, 6, 8, 6, 8, 6, 8, 70, 2),
(4608, 612, 90, 10, 10, 10, 10, 10, 10, 10, 10, 10, 10, 100, 2),
(4609, 591, 92, 8, 8, 8, 8, 8, 8, 8, 8, 8, 8, 80, 2),
(4610, 612, 91, 10, 10, 10, 10, 10, 10, 10, 10, 10, 10, 100, 2),
(4611, 591, 94, 8, 8, 8, 8, 8, 8, 8, 8, 8, 8, 80, 2),
(4612, 612, 92, 10, 10, 10, 10, 10, 10, 10, 10, 10, 10, 100, 2),
(4613, 629, 89, 8, 8, 10, 8, 8, 10, 10, 8, 10, 8, 88, 2),
(4614, 600, 87, 8, 8, 10, 8, 6, 8, 8, 10, 8, 8, 82, 1),
(4615, 612, 93, 6, 6, 6, 6, 6, 6, 6, 6, 6, 6, 60, 2),
(4616, 612, 94, 10, 10, 10, 10, 10, 10, 10, 10, 10, 10, 100, 2),
(4617, 600, 89, 8, 10, 8, 8, 8, 8, 8, 10, 8, 8, 84, 1),
(4618, 612, 95, 10, 10, 10, 10, 10, 10, 10, 10, 10, 10, 100, 2),
(4619, 600, 88, 8, 6, 6, 6, 6, 6, 6, 6, 6, 6, 62, 1),
(4620, 629, 90, 8, 10, 10, 8, 10, 10, 10, 10, 10, 8, 94, 2),
(4621, 600, 90, 8, 8, 10, 10, 10, 10, 8, 8, 8, 10, 90, 1),
(4622, 629, 91, 8, 10, 10, 8, 10, 8, 10, 10, 10, 8, 92, 2),
(4623, 600, 91, 8, 10, 10, 10, 10, 8, 8, 8, 10, 8, 90, 1),
(4624, 600, 92, 8, 10, 10, 10, 10, 8, 8, 8, 8, 8, 88, 1),
(4625, 629, 92, 8, 8, 10, 10, 10, 10, 8, 8, 10, 10, 92, 2),
(4626, 600, 93, 8, 8, 8, 8, 8, 8, 8, 8, 8, 8, 80, 1),
(4627, 629, 93, 6, 8, 8, 8, 10, 8, 10, 6, 8, 6, 78, 2),
(4628, 600, 94, 8, 8, 10, 10, 8, 8, 8, 8, 8, 8, 84, 1),
(4629, 629, 94, 8, 8, 10, 10, 10, 10, 8, 10, 10, 10, 94, 2),
(4630, 600, 95, 8, 8, 8, 8, 8, 10, 10, 8, 8, 10, 86, 1),
(4631, 629, 95, 8, 8, 8, 8, 8, 8, 8, 10, 10, 10, 86, 2),
(4632, 600, 87, 8, 8, 8, 8, 8, 8, 8, 8, 8, 8, 80, 2),
(4633, 600, 88, 8, 8, 8, 6, 8, 8, 8, 8, 8, 8, 78, 2),
(4634, 600, 89, 8, 8, 8, 8, 8, 8, 8, 10, 10, 10, 86, 2),
(4635, 600, 90, 10, 8, 8, 8, 10, 8, 8, 8, 8, 8, 84, 2);

-- --------------------------------------------------------

--
-- Table structure for table `phase`
--

CREATE TABLE `phase` (
  `id` int(1) NOT NULL,
  `name` varchar(256) NOT NULL
) ENGINE=InnoDB DEFAULT CHARSET=latin1;

--
-- Dumping data for table `phase`
--

INSERT INTO `phase` (`id`, `name`) VALUES
(1, 'Initial Phase'),
(2, 'Final Phase');

-- --------------------------------------------------------

--
-- Table structure for table `principal`
--

CREATE TABLE `principal` (
  `id` int(11) NOT NULL,
  `username` varchar(256) NOT NULL,
  `password` varchar(256) NOT NULL
) ENGINE=InnoDB DEFAULT CHARSET=latin1;

--
-- Dumping data for table `principal`
--

INSERT INTO `principal` (`id`, `username`, `password`) VALUES
(1, 'principal', '1234');

-- --------------------------------------------------------

--
-- Table structure for table `students`
--

CREATE TABLE `students` (
  `id` int(11) NOT NULL,
  `class_id` int(11) NOT NULL,
  `student_reg` varchar(8) NOT NULL,
  `name` varchar(256) NOT NULL,
  `password` varchar(256) NOT NULL
) ENGINE=InnoDB DEFAULT CHARSET=latin1;

--
-- Dumping data for table `students`
--

INSERT INTO `students` (`id`, `class_id`, `student_reg`, `name`, `password`) VALUES
(1, 2, 'E4178001', 'Ajith. R', '08-09-1996'),
(2, 2, 'E4178002', 'Angelin. A', '22-06-1997'),
(3, 2, 'E4178003', 'Anwar Sadhath. SA', '12-02-1997'),
(4, 2, 'E4178004', 'Balakrishnan. R', '22-02-1996'),
(5, 2, 'E4178005', 'Chithirai Selvan. R', '26-06-1996'),
(6, 2, 'E4178007', 'Dhivya. N', '17-09-1996'),
(7, 2, 'E4178008', 'Dyson. A', '05-07-1995'),
(8, 2, 'E4178009', 'Ganesh Kumar. KB', '28-05-1996'),
(9, 2, 'E4178010', 'Gunaselvi. S', '01-06-1997'),
(10, 2, 'E4178011', 'Haja Najmuthin. H', '03-02-1996'),
(11, 2, 'E4178012', 'Hemamalini. E', '03-03-1997'),
(12, 2, 'E4178013', 'Hiderali. S', '28-01-1996'),
(13, 2, 'E4178014', 'Kajol. V', '22-06-1997'),
(14, 2, 'E4178015', 'Kanmani. R', '30-03-1993'),
(15, 2, 'E4178016', 'Keerthana. K', '31-07-1996'),
(16, 2, 'E4178017', 'Manibharathi. K', '26-04-1997'),
(17, 2, 'E4178018', 'Mariya Selvia. P', '16-04-1997'),
(18, 2, 'E4178019', 'Mohamed Hamthan. J', '12-07-1997'),
(19, 2, 'E4178020', 'Mohamed Hasan. A', '27-05-1996'),
(20, 2, 'E4178021', 'Mohamed Jafeer. S', '19-03-1997'),
(21, 2, 'E4178022', 'Nandhini. P', '20-01-1997'),
(22, 2, 'E4178023', 'Nithya. G', '12-07-1995'),
(23, 2, 'E4178024', 'Nivetha. J', '03-06-1996'),
(24, 2, 'E4178025', 'Parveen Banu. M', '30-09-1995'),
(25, 2, 'E4178027', 'Prabakaran. V', '19-09-1994'),
(26, 2, 'E4178028', 'Prabhu. R', '15-02-1995'),
(27, 2, 'E4178029', 'Pradeepa. K', '02-09-1995'),
(28, 2, 'E4178030', 'Prakash. M', '17-08-1995'),
(29, 2, 'E4178031', 'Priyanka. P', '26-08-1997'),
(30, 2, 'E4178032', 'Radhika. R', '31-12-1996'),
(31, 2, 'E4178034', 'Ramya. P', '30-10-1997'),
(32, 2, 'E4178035', 'Revathi. S', '12-04-1997'),
(33, 2, 'E4178036', 'Rishap. A', '12-01-1996'),
(34, 2, 'E4178037', 'Sabaresan. M', '20-07-1997'),
(35, 2, 'E4178038', 'Saranipriya. R', '10-05-1997'),
(36, 2, 'E4178039', 'Saranya. S', '26-02-1997'),
(37, 2, 'E4178040', 'Sasikala. S', '08-12-1996'),
(38, 2, 'E4178041', 'Sathya. S', '14-05-1996'),
(39, 2, 'E4178042', 'Seethalakshmi. C', '12-05-1997'),
(40, 2, 'E4178043', 'Sirajudheen. S', '30-07-1996'),
(41, 2, 'E4178045', 'Sumathi. I', '30-11-1997'),
(42, 2, 'E4178046', 'Thaslima Nasreen. S', '18-12-1996'),
(43, 2, 'E4178047', 'Veerasekar. S', '05-08-1994'),
(44, 2, 'E4178048', 'Venkatesan. S', '25-04-1993'),
(45, 2, 'E4178049', 'Yashwini. R', '31-10-1996'),
(46, 1, 'E4188001', 'Abdul Wahith. S', '06-07-1997'),
(47, 1, 'E4188002', 'Ajayrathna. S', '10-06-1998'),
(48, 1, 'E4188003', 'Anitha. S', '31-03-1998'),
(49, 1, 'E4188004', 'Anusha Banu. A', '05-04-1997'),
(50, 1, 'E4188005', 'Aravinth. K', '05-03-1998'),
(51, 1, 'E4188006', 'Asman Khan. P', '02-01-1998'),
(52, 1, 'E4188009', 'Divya Bharathi. G', '02-06-1998'),
(53, 1, 'E4188010', 'Immanuel Roy. R', '01-01-1953'),
(54, 1, 'E4188011', 'James Jeya Prakash. A', '26-06-1998'),
(55, 1, 'E4188012', 'Jawad Al Fawaz. J', '08-01-1998'),
(56, 1, 'E4188013', 'Jayaprakash. V', '07-07-1998'),
(57, 1, 'E4188014', 'Joy Jenifer. L', '22-12-1996'),
(58, 1, 'E4188015', 'Kavitha. R', '02-02-1998'),
(59, 1, 'E4188016', 'Kiruthika Priyadharshini. R', '10-03-1994'),
(60, 1, 'E4188017', 'Madhumitha. G', '01-01-1953'),
(61, 1, 'E4188018', 'Merlin Angel. L', '31-07-1998'),
(62, 1, 'E4188019', 'Mohamed Asik. S', '07-05-1998'),
(63, 1, 'E4188020', 'Mohamed Eliyas. S', '22-05-1998'),
(64, 1, 'E4188021', 'Mohamed Harish. S', '25-05-1998'),
(65, 1, 'E4188022', 'Mohamed Nadeem. A', '01-01-1953'),
(66, 1, 'E4188023', 'Mugesh Kumar. S', '29-06-1998'),
(67, 1, 'E4188024', 'Padmajaa. MO', '14-05-1998'),
(68, 1, 'E4188025', 'Pagalavan. V', '16-12-1995'),
(69, 1, 'E4188026', 'Pradeep. S', '01-01-1953'),
(70, 1, 'E4188027', 'Pradeepa. S', '12-06-1998'),
(71, 1, 'E4188028', 'Praveen Raj. R', '18-06-1998'),
(72, 1, 'E4188029', 'Priyadharishini. K.S', '01-07-1996'),
(73, 1, 'E4188030', 'Rajarajeshwari. V', '04-12-1997'),
(74, 1, 'E4188031', 'Ranjith. G', '05-06-1998'),
(75, 1, 'E4188032', 'Sabiyullah. P', '19-09-1996'),
(76, 1, 'E4188033', 'Sheik Ibrahim. S', '30-04-1998'),
(77, 1, 'E4188034', 'Srimadhura. G', '05-05-1998'),
(78, 1, 'E4188035', 'Subhashini. S', '16-06-1998'),
(79, 1, 'E4188036', 'Vetharasi. R', '26-12-1996'),
(80, 1, 'E4188037', 'Vigneshwaran. S', '09-05-1996'),
(81, 1, 'E4188038', 'Vijayalakshmi. A', '29-04-1998'),
(82, 1, 'E4188039', 'Vithya. B', '15-06-1998'),
(83, 1, 'E4188040', 'Walies Mathew. J', '09-10-1997'),
(84, 26, 'T17MFE01', 'John Sundar. D', '19-03-1996'),
(85, 26, 'T17MFE02', 'Jothi Basu. M', '28-05-1993'),
(86, 26, 'T17MFE03', 'Mirza Nisar Ali. A', '04-03-1995'),
(87, 26, 'T17MFE04', 'Raj Kumar. V', '01-01-1953'),
(88, 26, 'T17MFE05', 'Saravana Kalaiarasan. B', '01-01-1953'),
(89, 25, 'E4182001', 'Mahalakshmi. AR', '24-09-2018'),
(90, 25, 'E4182002', 'Manikandan. P', '21-07-1997'),
(91, 11, 'E1152103', 'Pradeepkumar. S', '21-03-1998'),
(92, 11, 'E1152104', 'Praisson.T.Abraham', '04-12-1997'),
(93, 11, 'E1152105', 'Premkumar. B', '14-03-1998'),
(94, 11, 'E1152107', 'Rahumankhan. A', '26-02-1998'),
(95, 11, 'E1152108', 'Raj Mathan. G', '04-10-1997'),
(96, 11, 'E1152109', 'Raja Mohamed. S', '24-11-1997'),
(97, 11, 'E1152110', 'Rajadurai. I', '03-03-1998'),
(98, 11, 'E1152111', 'Rajeshwar. K', '16-06-1997'),
(99, 11, 'E1152112', 'Rajkumar. E', '23-04-1997'),
(100, 11, 'E1152113', 'Rajkumar. S', '01-06-1998'),
(101, 11, 'E1152114', 'Ramana Priyan. K', '05-02-1998'),
(102, 11, 'E1152115', 'Ranjith Kumar. A', '04-03-1998'),
(103, 11, 'E1152117', 'Renold Praveen. J', '07-05-1998'),
(104, 11, 'E1152118', 'Rohith Basha. A', '31-07-1996'),
(105, 11, 'E1152119', 'Sabari. C', '13-12-1997'),
(106, 11, 'E1152121', 'Sameer Ahamed. M.A', '31-03-1998'),
(107, 11, 'E1152122', 'Saminathan. S', '17-02-1998'),
(108, 11, 'E1152124', 'Santhosh Kumar. P', '15-12-1997'),
(109, 11, 'E1152125', 'Santhosh. T', '05-07-1997'),
(110, 11, 'E1152126', 'Sathish Kumar. K', '28-07-1997'),
(111, 11, 'E1152127', 'Sathish Kumar. S', '13-04-1998'),
(112, 11, 'E1152128', 'Selva Bharathi. I', '20-02-1998'),
(113, 11, 'E1152130', 'Shiek Deen Mohammed. N', '20-10-1997'),
(114, 11, 'E1152132', 'Sivasankaran. N', '27-04-1998'),
(115, 11, 'E1152133', 'Sivashankar. M', '25-06-1998'),
(116, 11, 'E1152134', 'Siva Shankar. S', '05-06-1998'),
(117, 11, 'E1152136', 'Suresh. R', '28-05-1998'),
(118, 11, 'E1152137', 'Suriyaprakash. R', '11-01-1998'),
(119, 11, 'E1152138', 'Surya. R', '23-05-1998'),
(120, 11, 'E1152140', 'Syed Mohamed Saifudhen Quadri', '15-01-1998'),
(121, 11, 'E1152141', 'Thamemul Ansary. M', '25-04-1998'),
(122, 11, 'E1152142', 'Tharik Ahamed Kasim. T', '01-06-1997'),
(123, 11, 'E1152143', 'Thariq Zamaan. A', '09-03-1997'),
(124, 11, 'E1152144', 'Thinakaran. D', '10-05-1999'),
(125, 11, 'E1152145', 'Thineshkumar. K', '17-10-1997'),
(126, 11, 'E1152146', 'Tom Alan Doss. J', '23-09-1997'),
(127, 11, 'E1152147', 'Ummar Siddhiq. M', '20-06-1998'),
(128, 11, 'E1152148', 'Vaithees Vel. C', '23-12-1997'),
(129, 11, 'E1152149', 'Veeramani. V', '07-06-1998'),
(130, 11, 'E1152150', 'Venkatesh. M', '25-11-1997'),
(131, 11, 'E1152153', 'Vignesh. V', '30-05-1998'),
(132, 11, 'E1152156', 'Vinothkumar. K', '19-06-1998'),
(133, 11, 'E1152157', 'Vinoth Kumar. M', '08-10-1998'),
(134, 11, 'E1152158', 'Yahya. S', '08-07-1998'),
(135, 11, 'E3142228', 'Vigneshraja. S', '29-09-1996'),
(136, 11, 'E2162208', 'Pari. A', '03-06-1996'),
(137, 11, 'E2162209', 'Parthasarathy. R', '31-01-1994'),
(138, 11, 'E2162210', 'Rajasekar. R', '03-05-1997'),
(139, 11, 'E2162211', 'Rajasekaran. T', '04-12-1997'),
(140, 11, 'E2162212', 'Rakesh Rengaiah. P', '07-06-1998'),
(141, 11, 'E2162213', 'Ram Kumar. V', '25-10-1995'),
(142, 11, 'E2162214', 'Sahaya Shyam. A', '02-09-1996'),
(143, 11, 'E2162215', 'Salik Mohamed. S', '16-07-1998'),
(144, 11, 'E2162216', 'Sameer Ahamed. P', '16-04-1996'),
(145, 11, 'E2162217', 'Sandeep Thomas. J', '23-06-1996'),
(146, 11, 'E2162218', 'Sasikumar. G', '11-11-1997'),
(147, 11, 'E2162219', 'Sooriya Prakash. TS', '25-11-1997'),
(148, 11, 'E2162220', 'Sudhakar. K', '13-09-1994'),
(149, 11, 'E2162221', 'Sujith. R', '22-07-1996'),
(150, 11, 'E2162222', 'Susendra Vasan. T', '12-02-1997'),
(151, 11, 'E2162223', 'Tamil Selvan. L', '02-10-1996'),
(152, 11, 'E2162224', 'Thoufeek Ahmed.A. A', '14-09-1995'),
(153, 11, 'E2162226', 'Venkatesan. R', '13-04-1994'),
(154, 11, 'E2162227', 'Vigneshwaran. D', '09-05-1997'),
(155, 11, 'E3152161', 'Ijaz Ahamed. B', '11-10-1997'),
(156, 11, 'E3152162', 'Santhosh Kumar. P', '15-05-1998'),
(157, 11, 'E3152163', 'Sathish Kumar. R', '08-07-1996'),
(158, 10, 'E1152050', 'Kapil. R', '31-07-1997'),
(159, 10, 'E1152051', 'Karpoorasundarapandi. M', '21-03-1998'),
(160, 10, 'E1152052', 'Karthick. M', '01-10-1996'),
(161, 10, 'E1152053', 'Karunakaran. R', '15-06-1998'),
(162, 10, 'E1152054', 'Karuppu Durai. K.A', '19-05-1998'),
(163, 10, 'E1152055', 'Kaviyarasan. E', '22-08-1997'),
(164, 10, 'E1152058', 'Mahendra Boopathy. S', '28-02-1998'),
(165, 10, 'E1152059', 'Maheswaran. K', '05-08-1997'),
(166, 10, 'E1152060', 'Manikandan. N', '19-07-1998'),
(167, 10, 'E1152061', 'Manikandan. R', '27-07-1998'),
(168, 10, 'E1152062', 'Manivannan. K', '21-07-1998'),
(169, 10, 'E1152063', 'Maruthupandiyar. A', '09-09-1998'),
(170, 10, 'E1152064', 'Mathiselvan. T', '14-08-1996'),
(171, 10, 'E1152066', 'Mohamed Ajmal. J', '26-05-1998'),
(172, 10, 'E1152067', 'Mohamed Ashar Maricar. S', '02-10-1997'),
(173, 10, 'E1152068', 'Mohamed Asif. N', '21-11-1997'),
(174, 10, 'E1152070', 'Mohamed Hanifa. K', '13-06-1998'),
(175, 10, 'E1152071', 'Mohamed Ibrahim Fazil. H', '17-11-1997'),
(176, 10, 'E1152072', 'Mohamed  Irfan. M', '17-12-1998'),
(177, 10, 'E1152073', 'Mohamed Ismail. S', '08-11-1997'),
(178, 10, 'E1152074', 'Mohamed Muzzamil. A', '23-05-1998'),
(179, 10, 'E1152075', 'Mohamed Niyas. M', '16-07-1997'),
(180, 10, 'E1152076', 'Mohamed Shaik Dawood. A.M.N', '18-07-1997'),
(181, 10, 'E1152077', 'Mohamed Sherif. N.S', '18-07-1997'),
(182, 10, 'E1152079', 'Mohamed Ibrahim. S', '12-07-1997'),
(183, 10, 'E1152080', 'Mohamedmohideen. A', '07-01-1997'),
(184, 10, 'E1152081', 'Mohammed Ibrahim Ali. J', '24-04-1998'),
(185, 10, 'E1152082', 'Mohammed Rahil. S', '18-06-1997'),
(186, 10, 'E1152083', 'Mouleeshwaran. B', '17-05-1997'),
(187, 10, 'E1152084', 'Mubarak Ali. N', '12-07-1998'),
(188, 10, 'E1152085', 'Muhammed Ismail. S', '02-03-1997'),
(189, 10, 'E1152086', 'Mushtaq Ahamed. J', '01-08-1996'),
(190, 10, 'E1152088', 'Muthukumar. S', '11-04-1998'),
(191, 10, 'E1152089', 'Muthumohamedniyas. H', '24-06-1998'),
(192, 10, 'E1152090', 'Nabeel Ahamed. M', '21-11-1997'),
(193, 10, 'E1152093', 'Nanthakumar. V', '05-07-1997'),
(194, 10, 'E1152094', 'Nasik Ahamed. M', '05-07-1997'),
(195, 10, 'E1152096', 'Nikhil Karan.M. M', '01-09-1997'),
(196, 10, 'E1152097', 'Pappu Raja. K', '24-10-1998'),
(197, 10, 'E1152098', 'Parthasarathi. S', '10-05-1998'),
(198, 10, 'E1152099', 'Parthasarathy. M', '10-09-1998'),
(199, 10, 'E1152100', 'Pavithran. V', '22-03-1998'),
(200, 10, 'E1152101', 'Prabakaran. J', '15-07-1998'),
(201, 10, 'E1152102', 'Prabhu Raja. M', '28-04-1998'),
(202, 10, 'E2162185', 'Gunaseelan. J', '03-04-1998'),
(203, 10, 'E2162186', 'Gunaseelan. Y', '25-01-1994'),
(204, 10, 'E2162187', 'Iyappan. S', '08-06-1997'),
(205, 10, 'E2162188', 'Jahir Ushain. B', '13-09-1997'),
(206, 10, 'E2162189', 'Jaya Prakash. P', '23-12-1996'),
(207, 10, 'E2162190', 'John Venis. J', '09-10-1996'),
(208, 10, 'E2162191', 'Joshva Amrish. A', '26-08-1996'),
(209, 10, 'E2162192', 'Lenin. A', '29-07-1998'),
(210, 10, 'E2162193', 'Logasarathi. M', '22-07-1996'),
(211, 10, 'E2162194', 'Mageshwaran. R', '05-03-1996'),
(212, 10, 'E2162195', 'Manikandan. V', '25-07-1995'),
(213, 10, 'E2162196', 'Manimaran.N. N', '03-06-1998'),
(214, 10, 'E2162197', 'Manuram. R', '14-06-1994'),
(215, 10, 'E2162198', 'Mohamed Abdullah. K', '10-03-1997'),
(216, 10, 'E2162199', 'Mohamed Farook. M', '02-05-1997'),
(217, 10, 'E2162200', 'Mohamed Ibrahim. K', '13-07-1994'),
(218, 10, 'E2162201', 'Mohamed Sabeer. S', '01-07-1997'),
(219, 10, 'E2162202', 'Mohamed Ujaier. N', '09-08-1995'),
(220, 10, 'E2162203', 'Mohamed Zainal Zameer. M', '09-09-1997'),
(221, 10, 'E2162204', 'Mohammed Yashar. M', '20-02-1996'),
(222, 10, 'E2162206', 'Nandha Kumar. B', '27-10-1995'),
(223, 10, 'E2162207', 'Naveen Vignesh. V', '11-07-1998'),
(224, 9, 'E1152001', 'Abdul Basith. A', '24-03-1998'),
(225, 9, 'E1152002', 'Abdul Jaffar. A.B', '19-12-1997'),
(226, 9, 'E1152003', 'Adheeb. A', '11-01-1998'),
(227, 9, 'E1152004', 'Ahamed Rilah. S', '06-03-1996'),
(228, 9, 'E1152005', 'Ajith Kumar   (19.12.1997). B', '19-12-1997'),
(229, 9, 'E1152007', 'Ajithkumar. R', '10-04-1998'),
(230, 9, 'E1152008', 'Akash. A', '20-03-1998'),
(231, 9, 'E1152009', 'Alfred John', '18-04-1997'),
(232, 9, 'E1152010', 'Aloysius Thomas. X', '20-06-1997'),
(233, 9, 'E1152011', 'Ambicapathi. C', '31-01-1999'),
(234, 9, 'E1152012', 'Anaest Raj. K', '19-05-1998'),
(235, 9, 'E1152013', 'Anees Mohamed. U', '11-05-1998'),
(236, 9, 'E1152014', 'Anes Rahman. N', '27-06-1997'),
(237, 9, 'E1152015', 'Aravindhan. K.R', '07-02-1998'),
(238, 9, 'E1152016', 'Arivunithi. M', '16-10-1998'),
(239, 9, 'E1152017', 'Arul Pravin. T', '03-05-1998'),
(240, 9, 'E1152018', 'Arun Prakash. S', '15-06-1997'),
(241, 9, 'E1152019', 'Arun Kumar. M', '04-05-1998'),
(242, 9, 'E1152020', 'Aswin. N', '17-12-1997'),
(243, 9, 'E1152021', 'Balamurugan. P', '21-09-1997'),
(244, 9, 'E1152022', 'Bharathi. B', '15-07-1998'),
(245, 9, 'E1152024', 'Devendran. G', '28-06-1997'),
(246, 9, 'E1152025', 'Dhinesh. M', '12-08-1998'),
(247, 9, 'E1152026', 'Dhinesh. S', '15-04-1996'),
(248, 9, 'E1152027', 'Dinesh Kumar. S', '20-05-1998'),
(249, 9, 'E1152028', 'Diwan Mohamed Hasan. S', '19-07-1997'),
(250, 9, 'E1152029', 'Eniyan. V', '14-05-1997'),
(251, 9, 'E1152030', 'Fasil Ahamed. M.S', '02-07-1997'),
(252, 9, 'E1152031', 'Ferose Ahamed. L', '27-03-1998'),
(253, 9, 'E1152032', 'Gokulakrishnan. S', '20-05-1998'),
(254, 9, 'E1152033', 'Gopal. A', '24-01-1997'),
(255, 9, 'E1152034', 'Gopinaath. M', '23-07-1998'),
(256, 9, 'E1152035', 'Gouthamaraj. M', '03-11-1996'),
(257, 9, 'E1152036', 'Gowthaman. C', '01-06-1998'),
(258, 9, 'E1152037', 'Gunasekar. M', '28-01-1998'),
(259, 9, 'E1152038', 'Haamith Asraf. T', '31-03-1998'),
(260, 9, 'E1152039', 'Habeeb Mohamed. N', '14-12-1997'),
(261, 9, 'E1152040', 'Harish. A', '01-01-1998'),
(262, 9, 'E1152041', 'Ibrahim. T', '12-08-1997'),
(263, 9, 'E1152043', 'Infant Fredrick. L', '03-11-1997'),
(264, 9, 'E1152045', 'Jegan Prabhu. A', '28-12-1996'),
(265, 9, 'E1152046', 'Joseph Pathiyanathan. T', '12-11-1997'),
(266, 9, 'E1152047', 'Kader Meera. J', '19-09-1997'),
(267, 9, 'E1152048', 'Kalaiselvan. M', '21-10-1998'),
(268, 9, 'E2162164', 'Abdhul Hameed. S', '21-04-1997'),
(269, 9, 'E2162165', 'Abivijesh. A.V', '22-12-1996'),
(270, 9, 'E2162166', 'Abuthakir Fareed. A', '17-08-1996'),
(271, 9, 'E2162167', 'Adaikala Andrews. A', '21-05-1996'),
(272, 9, 'E2162168', 'Alwhar Balaji. A', '30-09-1995'),
(273, 9, 'E2162169', 'Anandhan. S', '14-08-1996'),
(274, 9, 'E2162170', 'Aravindh. K', '26-10-1994'),
(275, 9, 'E2162171', 'Aravinthan. K', '09-03-1997'),
(276, 9, 'E2162172', 'Arunkumar. K.R', '14-08-1996'),
(277, 9, 'E2162173', 'Ashik Khan. A', '10-12-1997'),
(278, 9, 'E2162174', 'Asik Deen. S', '31-12-1994'),
(279, 9, 'E2162175', 'Aswin. J', '09-07-1997'),
(280, 9, 'E2162176', 'Binu Denis. J', '09-10-1996'),
(281, 9, 'E2162177', 'Blessing. I', '19-12-1994'),
(282, 9, 'E2162178', 'Cicel Jerom. S', '05-12-1996'),
(283, 9, 'E2162179', 'Daniel Jayakumar. A', '02-11-1996'),
(284, 9, 'E2162180', 'Edwin Irudhayaraj. U', '15-04-1997'),
(285, 9, 'E2162181', 'Gideon Sathiyanesan. K', '03-01-1998'),
(286, 9, 'E2162182', 'Gobikrishna. P', '25-09-1996'),
(287, 9, 'E2162183', 'Gopala Krishnan. S', '26-12-1997'),
(288, 9, 'E2162184', 'Gowtham. M', '23-12-1994'),
(289, 9, 'E3152159', 'Anandhasudhan. E', '01-11-1997'),
(290, 9, 'E3152160', 'Ariff Kamaldeen. M', '20-12-1997'),
(291, 8, 'E1162094', 'Nantha Kumar. S', '15-09-1999'),
(292, 8, 'E1162095', 'Narasiman. V.S', '26-06-1999'),
(293, 8, 'E1162096', 'Nasirudeen. N', '30-03-1998'),
(294, 8, 'E1162097', 'Navaneethan. K.V', '09-03-1999'),
(295, 8, 'E1162098', 'Niyaz Ahamed. A', '17-10-1998'),
(296, 8, 'E1162099', 'Pagathsingh. P', '11-07-1999'),
(297, 8, 'E1162100', 'Pandi. M', '10-06-1999'),
(298, 8, 'E1162101', 'Parthiban. R', '20-09-1998'),
(299, 8, 'E1162102', 'Ponkumar. M', '13-03-1999'),
(300, 8, 'E1162103', 'Pramoth. S', '13-04-1999'),
(301, 8, 'E1162104', 'Prasanth. A', '01-03-1999'),
(302, 8, 'E1162105', 'Prasanth (13.12.1999). K', '13-12-1999'),
(303, 8, 'E1162106', 'Prasanth (26.05.1999). K', '26-05-1999'),
(304, 8, 'E1162107', 'Praveen. B.N', '03-01-1999'),
(305, 8, 'E1162111', 'Rajesh. M', '21-10-1998'),
(306, 8, 'E1162112', 'Rameez Ali Raja. M', '06-08-1998'),
(307, 8, 'E1162114', 'Rishvanth. S', '23-12-1997'),
(308, 8, 'E1162115', 'Robin Mano. B', '07-07-1999'),
(309, 8, 'E1162116', 'Saiad Aamir Souhail. N', '21-10-1998'),
(310, 8, 'E1162117', 'Sam Kalwin. S', '12-09-1998'),
(311, 8, 'E1162118', 'Samuel. S', '22-08-1998'),
(312, 8, 'E1162123', 'Sheik Abdul Muthalib. N', '27-06-1998'),
(313, 8, 'E1162124', 'Sheik Mohaideen. I', '01-08-1998'),
(314, 8, 'E1162125', 'Shri Hari Shandhanu. K', '06-06-1999'),
(315, 8, 'E1162126', 'Sivaraman. S', '12-05-1999'),
(316, 8, 'E1162128', 'Sriram. S', '30-10-1998'),
(317, 8, 'E1162129', 'Suba Moorthy. E', '13-08-1998'),
(318, 8, 'E1162130', 'Sukumaran. R', '19-04-1999'),
(319, 8, 'E1162131', 'Sundhar. S', '21-06-1999'),
(320, 8, 'E1162132', 'Syed Ali. R', '02-07-1998'),
(321, 8, 'E1162133', 'Syed Anwar Azeez. P', '16-06-1999'),
(322, 8, 'E1162134', 'Syed Peer Javed. S.N', '16-01-1999'),
(323, 8, 'E1162137', 'Uvaisur Rahman. H', '05-02-1999'),
(324, 8, 'E1162138', 'Vaasim Ahamed. B.A', '24-06-1998'),
(325, 8, 'E1162139', 'Varnaraj. P', '30-09-1999'),
(326, 8, 'E1162140', 'Vaseem Rahman. A', '01-08-1999'),
(327, 8, 'E1162141', 'Vignesh (26.04.1998). R', '26-04-1998'),
(328, 8, 'E1162142', 'Vignesh (08.04.1999). R', '08-04-1999'),
(329, 8, 'E1162143', 'Vijayaraj. D', '12-09-1998'),
(330, 8, 'E1162144', 'Vishal. B', '07-05-1998'),
(331, 8, 'E1162145', 'Yokesh. P', '24-05-1998'),
(332, 8, 'E2172153', 'Abdul Rahim. A', '08-03-1999'),
(333, 8, 'E2172157', 'Deepan Chakkaravarthy. P.S', '18-03-1998'),
(334, 8, 'E2172164', 'Jayaraj. Y', '31-12-1998'),
(335, 8, 'E2172165', 'Kabilan. G', '07-01-1998'),
(336, 8, 'E2172167', 'Manigandan. B', '20-05-1999'),
(337, 8, 'E2172169', 'Manojkumar. M', '03-02-1999'),
(338, 8, 'E2172170', 'Mohamed Aathil. S', '08-05-1999'),
(339, 8, 'E2172178', 'Mohamed Sajid. S', '02-08-1998'),
(340, 8, 'E2172179', 'Mohamed Sharif. I', '03-08-1997'),
(341, 8, 'E2172181', 'Mohamed Yahya. M', '19-07-1998'),
(342, 8, 'E2172183', 'Mohanasundaram. A', '26-05-1996'),
(343, 8, 'E2172184', 'Mohanraj. K', '21-03-1997'),
(344, 8, 'E2172187', 'Muruganantham. S', '18-04-1996'),
(345, 8, 'E2172194', 'Siva. M', '03-07-1995'),
(346, 8, 'E2172196', 'Sriram. M.S', '15-02-1998'),
(347, 8, 'E2172197', 'Suren. S', '16-05-1999'),
(348, 8, 'E2172198', 'Surieya. M', '27-11-1997'),
(349, 8, 'E3152147', 'Thowfeek Raja. N', '30-12-1997'),
(350, 8, 'E3162151', 'Peer Sulthan Rawther. N', '05-10-1998'),
(351, 7, 'E1162048', 'Karunamoorthy. P', '23-05-1999'),
(352, 7, 'E1162050', 'Mahadheer Mohamed. A', '07-05-1999'),
(353, 7, 'E1162051', 'Mahesh. T', '12-12-1998'),
(354, 7, 'E1162052', 'Mangaiyarkarasi. R', '26-06-1999'),
(355, 7, 'E1162053', 'Manikandan. M', '30-09-1998'),
(356, 7, 'E1162054', 'Manoj. C', '21-02-1999'),
(357, 7, 'E1162055', 'Manojkumar. S', '02-06-1998'),
(358, 7, 'E1162056', 'Mariselvam. K', '15-02-1999'),
(359, 7, 'E1162057', 'Mohamad Marjuk. A', '16-08-1999'),
(360, 7, 'E1162058', 'Mohamed Ali Jinna. R', '07-10-1998'),
(361, 7, 'E1162059', 'Mohamed Anas. N', '27-12-1998'),
(362, 7, 'E1162061', 'Mohamed Aslam. J', '14-07-1999'),
(363, 7, 'E1162062', 'Mohamed Azarudeen. M', '20-09-1998'),
(364, 7, 'E1162064', 'Mohamed Azarudeen  (27.05.99). S', '27-05-1999'),
(365, 7, 'E1162065', 'Mohamed Bagath. M', '06-12-1998'),
(366, 7, 'E1162066', 'Mohamed Basshar. J', '06-06-1999'),
(367, 7, 'E1162067', 'Mohamed Bilal. S', '23-06-1998'),
(368, 7, 'E1162068', 'Mohamed Farhan. K', '14-02-1999'),
(369, 7, 'E1162069', 'Mohamed Gousi. A', '11-11-1998'),
(370, 7, 'E1162070', 'Mohamed Ibrahim. K', '17-12-1998'),
(371, 7, 'E1162071', 'Mohamed Ibrahim. S', '17-12-1997'),
(372, 7, 'E1162072', 'Mohamed Irfan. J', '16-05-1998'),
(373, 7, 'E1162073', 'Mohamed Jawahir. Y', '21-10-1998'),
(374, 7, 'E1162074', 'Mohamed Jifri. A', '10-06-1998'),
(375, 7, 'E1162075', 'Mohamed Kather Sherif. P', '30-08-1998'),
(376, 7, 'E1162076', 'Mohamed Muneer. P', '16-02-1998'),
(377, 7, 'E1162077', 'Mohamed Murshied. M.A', '26-08-1999'),
(378, 7, 'E1162078', 'Mohamed Reskallah. US', '23-05-1999'),
(379, 7, 'E1162079', 'Mohamed Riaz. S', '08-07-1998'),
(380, 7, 'E1162080', 'Mohamed Rifath Ali. T.A', '17-07-1999'),
(381, 7, 'E1162081', 'Mohamed Safeek. S', '24-12-1998'),
(382, 7, 'E1162082', 'Mohamed Salman. S', '04-08-1998'),
(383, 7, 'E1162083', 'Mohamed Sheik Dawood. S', '01-01-1999'),
(384, 7, 'E1162084', 'Mohamed Sirajudeen. M.A', '21-07-1998'),
(385, 7, 'E1162086', 'Mohammed  Annas. M.A', '03-01-1998'),
(386, 7, 'E1162087', 'Mohammed Rashik. M', '24-05-1998'),
(387, 7, 'E1162088', 'Mohammed Sulthan. H', '18-03-1999'),
(388, 7, 'E1162089', 'Mugeshkanna. V', '01-01-1998'),
(389, 7, 'E1162090', 'Mugilan. M', '28-08-1998'),
(390, 7, 'E1162091', 'Mukilan. U', '02-04-1999'),
(391, 7, 'E1162092', 'Muralikrishnan. B', '20-08-1998'),
(392, 7, 'E1162093', 'Naga Srinivasan. R', '30-08-1997'),
(393, 7, 'E2172152', 'Abdul Basith. J', '30-10-1997'),
(394, 7, 'E2172154', 'Akthar Ali. Z', '26-03-1994'),
(395, 7, 'E2172155', 'Augustin Pon Joshwa. A', '02-05-1997'),
(396, 7, 'E2172156', 'Bhuvaneshwaran. K', '08-04-1999'),
(397, 7, 'E2172158', 'Dinesh Raj. M', '25-06-1999'),
(398, 7, 'E2172159', 'Gokula Priyan. A', '06-07-1998'),
(399, 7, 'E2172166', 'Karthikraja. K', '17-02-1996'),
(400, 7, 'E2172171', 'Mohamed Abdul Irfan. I', '11-11-1998'),
(401, 7, 'E2172174', 'Mohamed Azeethu. N', '16-02-1997'),
(402, 7, 'E2172175', 'Mohamed Azwan. M', '01-02-1997'),
(403, 7, 'E2172180', 'Mohamed Thariq. M', '18-02-1998'),
(404, 7, 'E2172182', 'Mohammed Sukar. K', '11-11-1998'),
(405, 7, 'E2172185', 'Mohd Asif Rahamathullah Labbai', '29-11-1996'),
(406, 7, 'E2172186', 'Mounika. M', '29-07-1999'),
(407, 7, 'E2172188', 'Muthuramalingam. M', '10-05-1997'),
(408, 7, 'E2172189', 'Nagarajan. S', '13-05-1998'),
(409, 7, 'E2172191', 'Prakash. P', '07-03-1995'),
(410, 7, 'E2172202', 'Yusuf Sheriff. G', '08-03-1998'),
(411, 7, 'E3152146', 'Naveen. D', '05-05-1998'),
(412, 7, 'E3162149', 'Jayasurya. R', '20-07-1999'),
(413, 7, 'E3162150', 'Subash. M', '11-03-1999'),
(414, 6, 'E1162001', 'Abdul Basith. S', '14-10-2000'),
(415, 6, 'E1162002', 'Abdul Rahuman Fahath. U', '08-10-1998'),
(416, 6, 'E1162003', 'Abdul Riyaz. J', '23-07-1998'),
(417, 6, 'E1162004', 'Abdullah Haja Mydeen', '23-04-1999'),
(418, 6, 'E1162005', 'Aboobaker. M', '24-02-1999'),
(419, 6, 'E1162007', 'Ajmal. S', '14-08-1998'),
(420, 6, 'E1162008', 'Akash. K', '25-01-1999'),
(421, 6, 'E1162009', 'Akash. M', '04-04-1999'),
(422, 6, 'E1162010', 'Akashvarma. S', '10-05-1999'),
(423, 6, 'E1162011', 'Antony David. T', '09-09-1998'),
(424, 6, 'E1162012', 'Aravindhan. E', '26-09-1998'),
(425, 6, 'E1162013', 'Anwar Kaleem. S', '17-05-1997'),
(426, 6, 'E1162014', 'Arun. A', '08-11-1998'),
(427, 6, 'E1162016', 'Arunkumar. M', '30-06-1999'),
(428, 6, 'E1162017', 'Ashik Salman. N', '15-11-1998'),
(429, 6, 'E1162018', 'Ashiq Basha. R', '12-07-1998'),
(430, 6, 'E1162019', 'Askar Hussian. A', '25-01-1999'),
(431, 6, 'E1162020', 'Asrar Ahamed. S', '26-06-1998'),
(432, 6, 'E1162021', 'Athief. S', '05-06-1999'),
(433, 6, 'E1162022', 'Azarutheen. K', '17-05-1999'),
(434, 6, 'E1162023', 'Babu. P', '24-10-1998'),
(435, 6, 'E1162024', 'Balaji. G', '21-02-1998'),
(436, 6, 'E1162025', 'Balakumar. P', '01-11-1998'),
(437, 6, 'E1162026', 'Balakumaran. M', '08-01-1999'),
(438, 6, 'E1162027', 'Balamurugan. Y', '28-03-1998'),
(439, 6, 'E1162028', 'Baseer Ahamed. A', '07-07-1999'),
(440, 6, 'E1162029', 'Chandra Kumar. M', '19-12-1998'),
(441, 6, 'E1162030', 'Chandru. M', '21-04-1999'),
(442, 6, 'E1162031', 'Enayathulla. R', '18-08-1999'),
(443, 6, 'E1162032', 'Eswaran. S', '07-04-1999'),
(444, 6, 'E1162033', 'Fahadaameer. R', '30-03-1999'),
(445, 6, 'E1162034', 'Farook Khan. K', '03-10-1998'),
(446, 6, 'E1162035', 'Fazith Rahuman. H', '28-02-1999'),
(447, 6, 'E1162036', 'Fizal. A', '05-02-1998'),
(448, 6, 'E1162037', 'George Andrews. M', '02-02-1999'),
(449, 6, 'E1162039', 'Hari Haran. R', '28-05-1999'),
(450, 6, 'E1162040', 'Ilangeshswaran. R', '17-04-1999'),
(451, 6, 'E1162041', 'Jafar Sathik. M', '04-04-1999'),
(452, 6, 'E1162042', 'Jeevankumar. S', '20-09-1999'),
(453, 6, 'E1162043', 'Kajini Mohamed. N', '05-09-1998'),
(454, 6, 'E1162044', 'Kalaivendhan. G', '27-05-1998'),
(455, 6, 'E1162045', 'Kamaludeen. I', '01-12-1998'),
(456, 6, 'E1162046', 'Kamaraj. K', '15-06-1998'),
(457, 6, 'E1162047', 'Karthikeyan. D', '18-11-1998'),
(458, 6, 'E1162049', 'Kaviyarasan. P', '09-05-1999'),
(459, 6, 'E2172160', 'Gowtham. M', '14-01-1996'),
(460, 6, 'E2172161', 'Hari Haran. S', '17-12-1997'),
(461, 6, 'E2172162', 'Jaferhussian. R', '03-10-1997'),
(462, 6, 'E2172163', 'Jaya Eswar. S.A', '01-09-1998'),
(463, 6, 'E2172168', 'Manikandan. M', '12-03-1997'),
(464, 6, 'E2172172', 'Mohamed Ajithkhan. R', '09-05-1997'),
(465, 6, 'E2172176', 'Mohamed Khalith. J', '18-05-1998'),
(466, 6, 'E2172177', 'Mohamed Mukthar. M', '10-12-1997'),
(467, 6, 'E2172190', 'Pavithra Kumar. S', '02-09-1998'),
(468, 6, 'E2172192', 'Sabarish Kumar. P', '25-05-1999'),
(469, 6, 'E2172193', 'Siva. S', '27-06-1997'),
(470, 6, 'E2172195', 'Siavanesan. M', '19-07-1999'),
(471, 6, 'E2172199', 'Vignesh. P', '01-07-1996'),
(472, 6, 'E2172200', 'Vijay. R', '01-02-1998'),
(473, 6, 'E3162148', 'Arun. K', '04-09-1998'),
(474, 5, 'E1172114', 'Prasanth. R', '03-02-2000'),
(475, 5, 'E1172115', 'Raamkumar. M', '24-05-2000'),
(476, 5, 'E1172117', 'Ragupathi. R', '15-05-2000'),
(477, 5, 'E1172119', 'Rahul. E', '04-06-2000'),
(478, 5, 'E1172120', 'Riyash Ahamed. M', '15-07-1999'),
(479, 5, 'E1172121', 'Sabi. S', '23-11-1999'),
(480, 5, 'E1172122', 'Sadham Abbas. R', '12-01-1999'),
(481, 5, 'E1172124', 'Sameerudeen. S', '30-06-1998'),
(482, 5, 'E1172126', 'Sarathkumar. M', '04-04-2000'),
(483, 5, 'E1172127', 'Satham Usean. B', '27-03-2000'),
(484, 5, 'E1172128', 'Sellavel. R', '05-03-2000'),
(485, 5, 'E1172129', 'Selvaarasu. T', '18-09-1999'),
(486, 5, 'E1172130', 'Selva Ganapathi. M', '15-03-2000'),
(487, 5, 'E1172131', 'Shagul Hameed. I', '27-02-2000'),
(488, 5, 'E1172132', 'Shagul Hameed. M', '23-10-1999'),
(489, 5, 'E1172133', 'Shagul Hameed. SN', '10-09-2000'),
(490, 5, 'E1172134', 'Shahul Abdul Rahman. M', '19-10-1999'),
(491, 5, 'E1172135', 'Shaik Shafeeque Mohamed. S', '14-08-1999'),
(492, 5, 'E1172136', 'Shanmuganathan. T', '08-06-2000'),
(493, 5, 'E1172137', 'Sheik Azarudeen. A', '23-03-2000'),
(494, 5, 'E1172138', 'Siva. K', '07-06-1999'),
(495, 5, 'E1172139', 'Sivadoss. K', '08-09-1999'),
(496, 5, 'E1172140', 'Sivanesan. S', '23-04-2000'),
(497, 5, 'E1172141', 'Sivasundar. J', '02-08-1999'),
(498, 5, 'E1172142', 'Sowkath Ali. M', '09-02-1999'),
(499, 5, 'E1172143', 'Sridhar. S', '23-07-2000'),
(500, 5, 'E1172144', 'Sri Ram. K', '30-03-2000'),
(501, 5, 'E1172145', 'Stephen Yesudoss. S', '16-09-2000'),
(502, 5, 'E1172146', 'Subash. G', '14-05-1999'),
(503, 5, 'E1172147', 'Sudhakar. C', '28-01-2000'),
(504, 5, 'E1172148', 'Suganthan. S', '04-03-2000'),
(505, 5, 'E1172149', 'Suresh Krishna. D', '14-01-2000'),
(506, 5, 'E1172150', 'Suriya. J.S', '31-08-1999'),
(507, 5, 'E1172151', 'Susil Kumar. E', '30-05-2000'),
(508, 5, 'E1172152', 'Syed Nissar. Z', '05-12-1999'),
(509, 5, 'E1172153', 'Syed Shahabudeen. M', '25-05-1999'),
(510, 5, 'E1172154', 'Tamilarasan. M', '05-07-2000'),
(511, 5, 'E1172155', 'Tamilarasan. S', '01-03-2000'),
(512, 5, 'E1172156', 'Thamizhan. V', '08-03-2000'),
(513, 5, 'E1172157', 'Thamotharan. A', '28-06-1999'),
(514, 5, 'E1172158', 'Vadivazhagan. E', '26-04-2000'),
(515, 5, 'E1172159', 'Vasanth. L', '18-01-2000'),
(516, 5, 'E1172160', 'Vasanth. S', '01-01-2000'),
(517, 5, 'E1172161', 'Vasanth. T', '09-04-2000'),
(518, 5, 'E1172162', 'Vengatesh. J', '10-10-2000'),
(519, 5, 'E1172164', 'Vijayaprakash. V', '13-01-1999'),
(520, 5, 'E1172165', 'Vijayakrishnan. T', '07-09-1999'),
(521, 5, 'E1172166', 'Yasar Arafath. M', '16-11-1998'),
(522, 5, 'E2182167', 'Abdul Nizar. AS', '10-12-1998'),
(523, 5, 'E2182175', 'Kirubanandam. R', '11-07-2018'),
(524, 5, 'E2182176', 'Marimuthu. M', '25-09-1999'),
(525, 5, 'E2182179', 'Mohamed Junaith`. S', '10-11-2000'),
(526, 5, 'E2182180', 'Muthu Karuppan. R', '29-08-1999'),
(527, 5, 'E2182187', 'Renganathan. P', '16-08-1999'),
(528, 5, 'E2182189', 'Tamilarasan. S', '24-02-2000'),
(529, 5, 'E2182190', 'Vignesh. T', '13-09-1999'),
(530, 4, 'E1172043', 'Ishwarya. M', '13-04-2000'),
(531, 4, 'E1172059', 'Karthikeyan. S', '01-07-2000'),
(532, 4, 'E1172060', 'Kavin Prabu. C', '09-02-2000'),
(533, 4, 'E1172061', 'Kishore. C', '04-06-1999'),
(534, 4, 'E1172063', 'Lenin. K', '06-04-1999'),
(535, 4, 'E1172064', 'Mahesh. P', '14-03-1999'),
(536, 4, 'E1172066', 'Manikandan. S', '15-06-2000'),
(537, 4, 'E1172067', 'Mariselvam. M', '26-09-1998'),
(538, 4, 'E1172068', 'Mayakkannan. T.K', '17-06-2000'),
(539, 4, 'E1172069', 'Mohamed Arif Aslam. S', '27-10-1999'),
(540, 4, 'E1172070', 'Mohamed Asarudeen. A', '21-10-2000'),
(541, 4, 'E1172071', 'Mohamed Asarudeen. J', '15-06-2000'),
(542, 4, 'E1172072', 'Mohamed Ashif. M', '08-05-2000'),
(543, 4, 'E1172073', 'Mohamed Azarudeen. M', '02-09-1999'),
(544, 4, 'E1172074', 'Mohamed Faizal. J', '28-02-2000'),
(545, 4, 'E1172075', 'Mohamed Farook Abdullah. A', '25-06-2000'),
(546, 4, 'E1172076', 'Mohamed Hanifa. Z', '15-05-2000'),
(547, 4, 'E1172077', 'Mohamed Hussain. M', '24-01-2000'),
(548, 4, 'E1172078', 'Mohamed Ipthikarali. A', '07-03-2000'),
(549, 4, 'E1172079', 'Mohamed Irfan. N', '15-04-2000'),
(550, 4, 'E1172080', 'Mohamed Ismail. P', '18-03-1998'),
(551, 4, 'E1172081', 'Mohamed Jasim. M', '10-12-1999'),
(552, 4, 'E1172082', 'Mohamed Javith. M.K', '21-05-1999'),
(553, 4, 'E1172083', 'Mohamed Kasankhan. S', '30-08-2000'),
(554, 4, 'E1172084', 'Mohamed Malik. M', '24-05-1999'),
(555, 4, 'E1172085', 'Mohamed Noorniswer. J', '14-09-1999'),
(556, 4, 'E1172086', 'Mohamed Riyas. K', '15-06-2000'),
(557, 4, 'E1172087', 'Mohamed Riyas. T', '30-07-1999'),
(558, 4, 'E1172088', 'Mohamed Riyasdeen. M', '30-10-1999'),
(559, 4, 'E1172089', 'Mohamed Shaheen Shahul Hameed', '20-11-1999'),
(560, 4, 'E1172090', 'Mohamed Wasim (21.08.2000). S', '21-08-2000'),
(561, 4, 'E1172091', 'Mohammed Abbas. M', 'abbumiet'),
(562, 4, 'E1172092', 'Mohamed Ebrahim. D', '01-04-2000'),
(563, 4, 'E1172093', 'Mohammed Hassan. S', '09-11-1999'),
(564, 4, 'E1172095', 'Mohammed  Rasik. A', '31-03-1999'),
(565, 4, 'E1172096', 'Mohamed Wassim(10.07.2000). S', '10-07-2000'),
(566, 4, 'E1172097', 'Mohan Raj. G', '03-11-1999'),
(567, 4, 'E1172098', 'Monizlara. P', '23-01-2000'),
(568, 4, 'E1172099', 'Muthamil Selvan. N', '05-07-2000'),
(569, 4, 'E1172100', 'Muthu Kumar. M', '28-06-1999'),
(570, 4, 'E1172101', 'Muzammil Hussain. AR', '25-08-2000'),
(571, 4, 'E1172102', 'Naveen Kumar. D', '26-10-1999'),
(572, 4, 'E1172103', 'Nepoliyan. M', '30-07-2000'),
(573, 4, 'E1172104', 'Nihal Ahamed. F', '29-04-1999'),
(574, 4, 'E1172106', 'Nithish. P', '26-06-1999'),
(575, 4, 'E1172107', 'Noordeen. S', '13-10-1999'),
(576, 4, 'E1172108', 'Noor Mohamed. A', '01-06-1999'),
(577, 4, 'E1172110', 'Paline Pradhipa. I', '27-01-1999'),
(578, 4, 'E1172112', 'Peer Mohamed. S', '27-11-1999'),
(579, 4, 'E2182170', 'Abu Faizel. S', '08-02-2000'),
(580, 4, 'E2182171', 'Faizal Khan. R', '06-11-1999'),
(581, 4, 'E2182172', 'Kannappan. P', '14-07-1999'),
(582, 4, 'E2182173', 'Karthikeyan. V', '06-06-1997'),
(583, 4, 'E2182178', 'Mohamed Haroon Razeeth. K', '16-02-2000'),
(584, 4, 'E2182182', 'Praveen Kumar. M', '24-01-2000'),
(585, 4, 'E2182188', 'Sabeer Khan. A', '02-01-2000'),
(586, 3, 'E1172001', 'Abdul Ajees. S', '01-09-1999'),
(587, 3, 'E1172002', 'Abdul Azees. M', '30-09-2000'),
(588, 3, 'E1172003', 'Abdulbagath. B', '26-05-2000'),
(589, 3, 'E1172007', 'Abdul Rahman. A', '25-09-1999'),
(590, 3, 'E1172008', 'Abubaker Siddik. P', '21-11-1999'),
(591, 3, 'E1172009', 'Ahamed Meeran Sha. S', '28-03-2000'),
(592, 3, 'E1172010', 'Ahamed Subair. K', '11-02-2000'),
(593, 3, 'E1172011', 'Akash. R', '31-03-2000'),
(594, 3, 'E1172013', 'Akbar Ali. A', '28-05-1999'),
(595, 3, 'E1172015', 'Anbarasan. A', '14-06-1999'),
(596, 3, 'E1172016', 'Antony Bright Sun. P', '21-05-1999'),
(597, 3, 'E1172017', 'Antonypraveen. J', '13-03-2000'),
(598, 3, 'E1172020', 'Arulkabiriyal. M', '28-08-1999'),
(599, 3, 'E1172021', 'Arun Kumar. V', '03-07-1999'),
(600, 3, 'E1172022', 'Arun Kumar. S', '27-07-2000'),
(601, 3, 'E1172023', 'Arun Kumar. M', '18-03-2000'),
(602, 3, 'E1172024', 'Bala Murugan. J', '11-04-2000'),
(603, 3, 'E1172025', 'Basheer Ahamed. A', '04-06-2000'),
(604, 3, 'E1172026', 'Benedict. A', '18-07-1999'),
(605, 3, 'E1172027', 'Bharath. R', '21-02-2000'),
(606, 3, 'E1172028', 'Bharathi. N', '01-04-2000'),
(607, 3, 'E1172029', 'Boopathi. B', '10-05-2001'),
(608, 3, 'E1172030', 'Chandran. C', '26-01-2000'),
(609, 3, 'E1172031', 'Christober. P', '28-10-1999'),
(610, 3, 'E1172032', 'Deepan. V', '18-08-1999'),
(611, 3, 'E1172033', 'Devagar. U', '10-05-2000'),
(612, 3, 'E1172034', 'Dhinesh. P.K', '18-11-1999'),
(613, 3, 'E1172035', 'Ezaz Ahmed. A', '18-05-2000'),
(614, 3, 'E1172037', 'Faizudeen. H', '08-11-1999'),
(615, 3, 'E1172038', 'Felix Prabhahar. M', '27-04-1999'),
(616, 3, 'E1172039', 'Haja Kamaludeen. G', '21-10-1999'),
(617, 3, 'E1172040', 'Haris. J', '21-08-1999'),
(618, 3, 'E1172041', 'Harishkumar. R', '03-06-1999'),
(619, 3, 'E1172042', 'Ijas Ahamed. S', '16-12-2000'),
(620, 3, 'E1172044', 'Jabbar Ali. A', '13-03-2000'),
(621, 3, 'E1172045', 'Jafar Sharif. R', '14-07-1999'),
(622, 3, 'E1172046', 'Jafer Sait. A', '25-10-1999'),
(623, 3, 'E1172047', 'Jakir Hussain. A', '14-11-1999'),
(624, 3, 'E1172048', 'Jamaludheen. S', '29-10-1999'),
(625, 3, 'E1172049', 'Jayaseelan. S', '21-11-1999'),
(626, 3, 'E1172050', 'John Ezekiah. D', '03-02-2000'),
(627, 3, 'E1172051', 'Kabilan. R', '09-09-2000'),
(628, 3, 'E1172052', 'Kabilan. KB', '04-03-2000'),
(629, 3, 'E1172053', 'Kalaivanan. R', '15-04-2000'),
(630, 3, 'E1172055', 'Kamalesh. M', '15-07-2000'),
(631, 3, 'E1172056', 'Kamal Kishore. M', '13-12-1999'),
(632, 3, 'E1172057', 'Karan K (13.03.2000 ). K', '13-03-2000'),
(633, 3, 'E1172058', 'Karan K (10.05.2000 ). K', '10-05-2000'),
(634, 3, 'E2182168', 'Abdul Rahuman. T', '09-08-1998'),
(635, 3, 'E2182169', 'Abdul Rahman Munavary. S', '04-11-1999'),
(636, 3, 'E2182174', 'Kirubakar. M', '07-08-1999'),
(637, 3, 'E2182181', 'Naveen. A', '13-08-1997'),
(638, 3, 'E2182183', 'Ragul. R', '11-12-1998'),
(639, 3, 'E2182185', 'Rajavel. K', '21-10-1998'),
(640, 3, 'E2182186', 'Rasith Ahamed. S', '14-12-1999'),
(641, 28, 'E4171001', 'Aarthi. VR', '15-11-1995'),
(642, 28, 'E4171002', 'Balakrishnan. M', '15-05-1996'),
(643, 28, 'E4171003', 'Bavitha. V', '05-06-1996'),
(644, 28, 'E4171004', 'Kalaivanan. K', '06-05-1996'),
(645, 28, 'E4171005', 'Prathiba. R', '02-06-1996'),
(646, 28, 'E4171006', 'Priyadharshini. R', '16-09-1995'),
(647, 28, 'E4171007', 'Sathiyapriya. G', '03-07-1996'),
(648, 28, 'E4171008', 'Subhashini. B', '23-02-1995'),
(649, 28, 'E4171009', 'Surya. T', '07-06-1996'),
(650, 28, 'E4171010', 'Vivek Raj. A', '27-02-1996'),
(651, 28, 'E4171011', 'Vyshali. N', '16-09-1996'),
(652, 27, 'T18ST001', 'Abdulbasith. M', '01-01-1953'),
(653, 27, 'T18ST003', 'Arunesh. S', '01-01-1953'),
(654, 27, 'T18ST005', 'Janarthanan. S', '22-09-1996'),
(655, 27, 'T18ST006', 'Mahadurbanu. A', '29-04-1997'),
(656, 27, 'T18ST007', 'Manirethinam', '16-02-1997'),
(657, 27, 'T18ST008', 'Mohamedashikraja. A', '01-12-1996'),
(658, 27, 'T18ST010', 'Mohamediliyas. S', '17-05-1997'),
(659, 27, 'T18ST011', 'Pradeep. K', '28-01-1997'),
(660, 27, 'T18ST012', 'Rajasurya. A', '18-03-1997'),
(661, 27, 'T18ST013', 'Roja. R', '15-05-1997'),
(662, 27, 'T18ST014', 'Samyuktha. D', '22-02-1996'),
(663, 27, 'T18ST015', 'Shahinabegam. R', '16-05-1997'),
(664, 27, 'T18ST016', 'Sheeba. D', '17-02-1996'),
(665, 27, 'T18ST018', 'Vetriselvan. K', '15-05-1996'),
(666, 27, 'T18ST002', 'Anandhraj. M', '19-07-1996'),
(667, 27, 'T18ST004', 'Hariharsudhan. C', '05-08-1996'),
(668, 27, 'T18ST009', 'Mohammedazarudeen. M', '26-02-1996'),
(669, 27, 'T18ST017', 'Shrividhya. D', '07-06-1996'),
(670, 15, 'E1151053', 'Mohamed Mydeen. D', '03-08-1997'),
(671, 15, 'E1151054', 'Mohamed Nizar. M.S', '17-08-1997'),
(672, 15, 'E1151055', 'Mohamed Riyas. S', '01-12-1997'),
(673, 15, 'E1151056', 'Mohamed Saifuddeen. T', '01-08-1998'),
(674, 15, 'E1151057', 'Mohamed Salman. A', '05-06-1998'),
(675, 15, 'E1151058', 'Mohamed Tariq. H', '07-05-1998'),
(676, 15, 'E1151059', 'Mohamed Thalha. R', '13-11-1998'),
(677, 15, 'E1151060', 'Mohamed Usman Alikhan. S', '17-07-1998'),
(678, 15, 'E1151061', 'Mohamed Yousuf. H', '12-08-1996'),
(679, 15, 'E1151062', 'Mohamed Azarudheen. S', '17-01-1998'),
(680, 15, 'E1151065', 'Mohammed Sahim. K.A', '13-04-1996'),
(681, 15, 'E1151067', 'Mohamed Faslan. N', '13-05-1998'),
(682, 15, 'E1151068', 'Mujeebur Rahman. S', '01-05-1997'),
(683, 15, 'E1151069', 'Mullaikodi. R', '17-03-1998'),
(684, 15, 'E1151070', 'Musthaq Hussain. A.J', '06-01-1998'),
(685, 15, 'E1151071', 'Nagarajan. R', '13-07-1998'),
(686, 15, 'E1151072', 'Nandha Kumar. B', '08-12-1997'),
(687, 15, 'E1151073', 'Nithis Kumar. K', '02-08-1998'),
(688, 15, 'E1151074', 'Nivetha. C', '17-08-1998'),
(689, 15, 'E1151075', 'Preethi. P', '25-10-1997'),
(690, 15, 'E1151076', 'Rajamanikandan. B', '12-11-1997'),
(691, 15, 'E1151077', 'Rajesh Kumar. B', '11-05-1998'),
(692, 15, 'E1151078', 'Rajesh Pilot. A', '13-05-1998'),
(693, 15, 'E1151079', 'Sahanas Jasmin. B', '03-12-1997'),
(694, 15, 'E1151080', 'Sahul Hameed. A', '08-05-1998'),
(695, 15, 'E1151081', 'Santhosh. D', '08-06-1998'),
(696, 15, 'E1151082', 'Santhoshprabu. M', '30-09-1997'),
(697, 15, 'E1151083', 'Saranya. C', '22-11-1997'),
(698, 15, 'E1151084', 'Senthamil Selvan. R', '15-09-1997'),
(699, 15, 'E1151085', 'Sheik Madar. S', '07-06-1997'),
(700, 15, 'E1151086', 'Shivaraman. S', '17-04-1998'),
(701, 15, 'E1151087', 'Sriram. R', '13-01-1998'),
(702, 15, 'E1151088', 'Sritharan. M', '10-09-1998'),
(703, 15, 'E1151089', 'Surendran. R', '02-06-1997'),
(704, 15, 'E1151090', 'Syed Abuthahir. M.H', '09-09-1998'),
(705, 15, 'E1151091', 'Syed Abuthahir. S', '09-06-1997'),
(706, 15, 'E1151093', 'Syed Farook Hussain. N', '15-09-1997'),
(707, 15, 'E1151094', 'Syed Mohamed Safiyullah. N', '10-09-1997'),
(708, 15, 'E1151095', 'Syed Rizwan. S.I', '28-04-1997'),
(709, 15, 'E1151096', 'Udhaya Kumar. R', '10-07-1997'),
(710, 15, 'E1151097', 'Umar Yaser Arafath. M.M', '29-10-1998'),
(711, 15, 'E1151098', 'Vasantha Kumar. P', '07-08-1998'),
(712, 15, 'E1151099', 'Veera Gopalan. C', '16-01-1997'),
(713, 15, 'E1151100', 'Vetrivel. N', '09-07-1998'),
(714, 15, 'E1151101', 'Vickram. C', '17-01-1998'),
(715, 15, 'E1151102', 'Vigneshwaran. S', '04-01-1998'),
(716, 15, 'E1151103', 'Vijayaragavan. G', '30-07-1998'),
(717, 15, 'E1151104', 'Vinith. S', '01-07-1998'),
(718, 15, 'E1151105', 'Wasim Suhaif. J', '19-12-1997'),
(719, 15, 'E3151143', 'Mohamed Abser Hussain. R', '11-02-1998'),
(720, 15, 'E3151144', 'Vijay. V', '12-08-1997'),
(721, 15, 'E2161125', 'Muhammed. K', '09-01-1998'),
(722, 15, 'E2161126', 'Noor Mohamed. B', '21-11-1997'),
(723, 15, 'E2161127', 'Pradheeba. K', '05-07-1996'),
(724, 15, 'E2161128', 'Prakash. M', '10-06-1997'),
(725, 15, 'E2161129', 'Prasanth. P', '01-09-1998'),
(726, 15, 'E2161130', 'Raja Gopal. K', '16-02-1997'),
(727, 15, 'E2161131', 'Renold. R', '12-07-1998'),
(728, 15, 'E2161133', 'Sarfaraz Ahamed. A', '16-04-1998'),
(729, 15, 'E2161134', 'Shanmuganathan. K', '30-06-1998'),
(730, 15, 'E2161135', 'Sheik Dawood. S', '21-02-1997'),
(731, 15, 'E2161136', 'Sundar. S', '22-12-1995'),
(732, 15, 'E2161137', 'Suresh. V', '06-09-1996'),
(733, 15, 'E2161138', 'Syed Mohamed Aspar. S', '10-11-1995'),
(734, 15, 'E2161139', 'Tody Gates. A.M', '19-10-1997'),
(735, 15, 'E2161140', 'Ulagukarthick. S', '28-07-1997'),
(736, 15, 'E2161141', 'Vedha Valli. R', '13-12-1997'),
(737, 15, 'E2161142', 'Vengadesan. M', '31-07-1997'),
(738, 14, 'E1151001', 'Abdul Jabbar Siddiq. R', '19-05-1998'),
(739, 14, 'E1151002', 'Abdul Rahuman. A', '16-07-1997'),
(740, 14, 'E1151004', 'Abuthahir Kursith. R', '18-01-1998'),
(741, 14, 'E1151005', 'Abuthalif. N', '21-11-1996'),
(742, 14, 'E1151006', 'Ahamed Ali. A', '11-07-1998'),
(743, 14, 'E1151007', 'Ahamed Khan. S', '24-07-1998'),
(744, 14, 'E1151008', 'Ajith Arockiya Raj. J', '08-06-1997'),
(745, 14, 'E1151010', 'Ajithkumar. K', '24-06-1998'),
(746, 14, 'E1151011', 'Amal Bosco. A', '18-07-1998'),
(747, 14, 'E1151012', 'Amthaan Ashif. B', '05-10-1997'),
(748, 14, 'E1151013', 'Anandraj. M', '14-07-1998'),
(749, 14, 'E1151014', 'Aravind. V.G', '25-03-1998'),
(750, 14, 'E1151016', 'Arunprasath. C.V', '20-05-1997'),
(751, 14, 'E1151017', 'Asaithambi. A', '15-01-1998'),
(752, 14, 'E1151018', 'Ashika. M.A', '30-05-1998'),
(753, 14, 'E1151019', 'Ashraf. J', '20-09-1998'),
(754, 14, 'E1151020', 'Ayyappan. S', '31-05-1998'),
(755, 14, 'E1151021', 'Azeep Ahamed. N', '12-05-1998'),
(756, 14, 'E1151022', 'Bala Murugan. G', '20-05-1998'),
(757, 14, 'E1151023', 'Balasubramanian. S', '15-07-1997'),
(758, 14, 'E1151024', 'Bilal Ahmed. U', '01-04-1998'),
(759, 14, 'E1151025', 'Boobalan. C', '24-09-1998'),
(760, 14, 'E1151026', 'Dhivakar. S', '09-04-1998'),
(761, 14, 'E1151028', 'Durgha. S', '27-06-1997'),
(762, 14, 'E1151029', 'Gowtham. R', '23-03-1998'),
(763, 14, 'E1151030', 'Hakkim Mohamed. M', '23-04-1998'),
(764, 14, 'E1151031', 'Haneefraja. S', '14-12-1996'),
(765, 14, 'E1151032', 'Hariharan. A', '14-12-1996'),
(766, 14, 'E1151033', 'Hariharan. S', '07-05-1998'),
(767, 14, 'E1151034', 'Inba. N', '04-06-1998'),
(768, 14, 'E1151035', 'Josiah David Doss-', '04-06-1997'),
(769, 14, 'E1151036', 'Kanthsri. K', '09-02-1998'),
(770, 14, 'E1151037', 'Karthisan. B', '25-06-1998'),
(771, 14, 'E1151038', 'Kumaraguru. M', '07-03-1998'),
(772, 14, 'E1151039', 'Lavanya Priyadharshini. S', '23-08-1997'),
(773, 14, 'E1151040', 'Logesh Kumar. R', '02-04-1998'),
(774, 14, 'E1151041', 'Madhan Kumar. M', '24-05-1998'),
(775, 14, 'E1151042', 'Madhavan. M', '19-04-1998'),
(776, 14, 'E1151043', 'Madhusuthanan. A', '04-11-1997'),
(777, 14, 'E1151044', 'Malavika. R', '11-03-1998'),
(778, 14, 'E1151046', 'Manikandan. T', '05-06-1998'),
(779, 14, 'E1151047', 'Manimaran. V', '14-06-1998'),
(780, 14, 'E1151048', 'Manoj. C', '13-05-1997'),
(781, 14, 'E1151049', 'Mathubalan. M', '10-09-1998'),
(782, 14, 'E1151050', 'Mohamed Ajmal Khan. S', '05-08-1997'),
(783, 14, 'E1151051', 'Mohamed Ibrahim. S', '18-03-1997'),
(784, 14, 'E1151052', 'Mohamed Idrees. H', '19-04-1998'),
(785, 14, 'E2161106', 'Abdul Aziez. B', '26-07-1997'),
(786, 14, 'E2161107', 'Abdul Rahman. A', '21-11-1996'),
(787, 14, 'E2161108', 'Abinash Pandiyan. D', '25-07-1995'),
(788, 14, 'E2161109', 'Ahamed Abdullah. H', '30-11-1996'),
(789, 14, 'E2161110', 'Ajithkhan. J', '22-07-1998'),
(790, 14, 'E2161111', 'Anandha Ruban. A', '04-05-1995'),
(791, 14, 'E2161112', 'Anumantha Arasan Govan. R.M', '23-03-1998'),
(792, 14, 'E2161113', 'Asshiq Ahhamath. A', '09-11-1996'),
(793, 14, 'E2161114', 'Bhusanth Balaji. N', '30-05-1996'),
(794, 14, 'E2161115', 'Chittrarasan. K', '03-06-1996'),
(795, 14, 'E2161116', 'Elanchezhiyan. E', '22-11-1995'),
(796, 14, 'E2161117', 'Farose Ahamed. F', '13-02-1998'),
(797, 14, 'E2161118', 'Ganesh. C', '15-06-1998'),
(798, 14, 'E2161119', 'Gopi Krishna. C', '05-10-1996'),
(799, 14, 'E2161120', 'Mahaboob Shareef. M', '02-02-1998'),
(800, 14, 'E2161121', 'Mohamed Aboobaker. H', '29-06-1997'),
(801, 14, 'E2161122', 'Mohamed Mujahid. S', '03-03-1997'),
(802, 14, 'E2161123', 'Mohamed Riswandeen. N', '04-09-1997'),
(803, 14, 'E2161124', 'Mohammed Ishak. A', '26-04-1996'),
(804, 13, 'E1161001', 'Abdul Rahim. M', '30-01-1999'),
(805, 13, 'E1161002', 'Abinaya. N', '28-06-1999'),
(806, 13, 'E1161003', 'Ahamed Rashith. M.A', '29-03-1999'),
(807, 13, 'E1161004', 'Ariharan. T', '12-07-1999'),
(808, 13, 'E1161005', 'Arvind. N', '20-09-1998'),
(809, 13, 'E1161006', 'Ashik Ahamed. N', '20-05-1998'),
(810, 13, 'E1161007', 'Askar Ali. A', '05-04-1998'),
(811, 13, 'E1161008', 'Azarudheen. A', '11-02-1999'),
(812, 13, 'E1161009', 'Baalaji. M', '14-03-1998'),
(813, 13, 'E1161011', 'Dinesh Kumar. A', '04-01-1999'),
(814, 13, 'E1161012', 'Fais Ahamed. S', '07-10-1998'),
(815, 13, 'E1161013', 'Fazil Rahman. M', '16-11-1997'),
(816, 13, 'E1161014', 'Gunaseelan. S', '14-06-1999'),
(817, 13, 'E1161015', 'Hari Haran. J', '24-05-1998'),
(818, 13, 'E1161017', 'Ijas Ahamed. M', '16-03-1999'),
(819, 13, 'E1161018', 'Kavitha. G', '23-11-1998'),
(820, 13, 'E1161020', 'Lingeshwaran. M', '08-07-1999'),
(821, 13, 'E1161022', 'Mohamed Akbar. A', '03-12-1999'),
(822, 13, 'E1161023', 'Mohamed Ansar. M.K', '12-03-1999'),
(823, 13, 'E1161024', 'Mohamed Ashik. A', '22-07-1998'),
(824, 13, 'E1161025', 'Mohamed Faizal. M', '03-11-1997'),
(825, 13, 'E1161026', 'Mohamed Harun. S', '31-12-1997'),
(826, 13, 'E1161027', 'Mohamed Ali. S', '24-05-1999'),
(827, 13, 'E1161028', 'Mohamed Riyaz. M', '31-07-1998'),
(828, 13, 'E1161029', 'Mohamed Imran. M', '27-12-1997'),
(829, 13, 'E1161030', 'Mohamed Sajith. A', '31-12-1998'),
(830, 13, 'E1161031', 'Mohamed Thanweer. S', '05-06-1999'),
(831, 13, 'E1161032', 'Mohamed Thariq. H', '06-05-1999'),
(832, 13, 'E1161033', 'Mohamed Yaseer. A.R', '24-11-1998'),
(833, 13, 'E1161034', 'Mohamed Yunus. A', '12-11-1998'),
(834, 13, 'E1161035', 'Mohammed Aadil Makhdoom. H', '16-12-1998'),
(835, 13, 'E1161036', 'Mohammed Abbas. K', '26-04-1999'),
(836, 13, 'E1161037', 'Mohammed Iliyas. I', '13-09-1998'),
(837, 13, 'E1161038', 'Naresh Kannan. G', '19-11-1998'),
(838, 13, 'E1161039', 'Navaneetha Krishnan. B', '23-07-1999'),
(839, 13, 'E1161040', 'Parthiban. S', '30-07-1999'),
(840, 13, 'E1161041', 'Ramjan Ali. J', '10-06-1998'),
(841, 13, 'E1161042', 'Sahul Hameed. M', '06-07-1999'),
(842, 13, 'E1161043', 'Saleem. A', '20-10-1998'),
(843, 13, 'E1161044', 'Sameerudeen. B', '21-12-1998'),
(844, 13, 'E1161045', 'Shameer Ahamed. M', '07-10-1998'),
(845, 13, 'E1161046', 'Sivaranjan. P', '12-10-1998'),
(846, 13, 'E1161048', 'Surendhiran. S', '21-10-1998'),
(847, 13, 'E1161049', 'Syed Mohamed. M', '12-01-1999'),
(848, 13, 'E1161050', 'Thamizuddin. T', '03-01-1999'),
(849, 13, 'E1161051', 'Thariq Ahmed. S', '11-09-1998'),
(850, 13, 'E1161052', 'Thaslim Kauser. S', '30-08-1998'),
(851, 13, 'E1161053', 'Usman Kani. M', '08-01-1999'),
(852, 13, 'E1161054', 'Vasanth Kumar. K', '10-04-1996'),
(853, 13, 'E1161055', 'Yasin. M', '05-09-1996'),
(854, 13, 'T18CIV02', 'Koasalya. K', '05-09-1995'),
(855, 13, 'E2171056', 'Abdullah. K', '06-02-1998'),
(856, 13, 'E2171057', 'Aravind. S', '30-06-1997'),
(857, 13, 'E2171058', 'Arivunithi. J', '24-01-1998'),
(858, 13, 'E2171059', 'Azarudeen. U', '15-06-1998'),
(859, 13, 'E2171060', 'Azgar Shariff. M', '07-05-1999'),
(860, 13, 'E2171061', 'Balamurugan. S', '11-01-1998'),
(861, 13, 'E2171062', 'Gyasudeen. N', '27-05-1999'),
(862, 13, 'E2171063', 'Josebathkingston. J', '07-07-1998'),
(863, 13, 'E2171064', 'Kavin. S', '27-06-1994'),
(864, 13, 'E2171065', 'Kirupa Shankar. T.G', '21-11-1997'),
(865, 13, 'E2171066', 'Loganathan. D', '08-01-1998'),
(866, 13, 'E2171067', 'Maheswari. T', '12-06-1997'),
(867, 13, 'E2171068', 'Mohamed Imran. S', '23-11-1997'),
(868, 13, 'E2171070', 'Mohamed Wasim. A', '12-06-1998'),
(869, 13, 'E2171071', 'Nandhini. N', '31-05-1998'),
(870, 13, 'E2171072', 'Navaneetha Krishnan. D', '20-04-1997'),
(871, 13, 'E2171073', 'Praveen Kumar. P', '04-08-1998'),
(872, 13, 'E2171074', 'Ramkumar. R', '26-09-1997'),
(873, 13, 'E2171075', 'Shahul Hameed. M', '27-03-1997'),
(874, 13, 'E2171076', 'Shajahan. M', '26-03-1998'),
(875, 13, 'E2171077', 'Sheik Sabeer. S', '14-10-1997'),
(876, 13, 'E2171078', 'Sirajudeen. L', '09-10-1997'),
(877, 13, 'E2171079', 'Sri Gowtham. H.D', '03-01-1998'),
(878, 13, 'E2171080', 'Sulthan Sahi. A', '28-08-1998'),
(879, 13, 'E2171081', 'Vinodha. J', '04-08-1999'),
(880, 13, 'E2171082', 'Vivek. S', '24-07-1997'),
(881, 12, 'E1171001', 'Abdhullah. S', '20-10-1999'),
(882, 12, 'E1171004', 'Afsal Ahmed. A', '03-06-1999'),
(883, 12, 'E1171005', 'Ajith Kumar. K', '07-07-2000'),
(884, 12, 'E1171006', 'Akash. N', '09-09-2000'),
(885, 12, 'E1171007', 'Ameer Basha. M', '17-09-1999'),
(886, 12, 'E1171008', 'Aravind. A', '16-06-1999'),
(887, 12, 'E1171009', 'Azarudeen. S', '01-02-2001'),
(888, 12, 'E1171010', 'Basheer. M', '16-04-2000'),
(889, 12, 'E1171011', 'Darwish Ahamed. M', '08-06-1999'),
(890, 12, 'E1171012', 'Dhivakaran. S', '20-09-1999'),
(891, 12, 'E1171013', 'Divakaran. G', '26-08-2000'),
(892, 12, 'E1171014', 'Faisal Khan. M', '10-03-2000'),
(893, 12, 'E1171015', 'Haamithullah. Y.S', '01-09-2000'),
(894, 12, 'E1171016', 'Isak Ahamed.. J', '23-05-2000'),
(895, 12, 'E1171017', 'Izas Ahamed. H', '17-09-1999'),
(896, 12, 'E1171018', 'Jayaprakash. G', '22-12-1999'),
(897, 12, 'E1171019', 'Kishore J. J', '19-06-2000'),
(898, 12, 'E1171020', 'Mahadevan. N', '27-12-1999'),
(899, 12, 'E1171021', 'Mohamed Anas. J', '06-05-2000'),
(900, 12, 'E1171023', 'Mohamed Ashik. J', '17-03-2000'),
(901, 12, 'E1171024', 'Mohamed Falih. L', '29-12-1999'),
(902, 12, 'E1171026', 'Mohamed Riswan M. M', '22-12-1998'),
(903, 12, 'E1171027', 'Mohamed Riyas M. M', '22-10-1997'),
(904, 12, 'E1171030', 'Mohamed Suhail. H', '19-06-2000'),
(905, 12, 'E1171031', 'Nagaraj. P', '02-02-1999'),
(906, 12, 'E1171033', 'Nethaji. M', '16-08-2000'),
(907, 12, 'E1171034', 'Nihal S. S', '28-07-2000'),
(908, 12, 'E1171035', 'Prince Natheem M R. M', '26-05-2000'),
(909, 12, 'E1171036', 'Riyas Ahamed. M', '04-01-2000'),
(910, 12, 'E1171037', 'Santhosh. P', '16-12-1999'),
(911, 12, 'E1171038', 'Saravanan. A', '17-12-1999'),
(912, 12, 'E1171040', 'Sheik Mohamed Yoosuf. M.H', '08-08-1999'),
(913, 12, 'E1171041', 'Shobana. S', '30-04-2000'),
(914, 12, 'E1171042', 'Sri Kannan. S', '16-02-2000'),
(915, 12, 'E1171045', 'Venkatesh. C', '05-10-1999'),
(916, 12, 'E1171046', 'Yakoob Farthani. M', '07-10-1998'),
(917, 12, 'E2181047', 'Abdul Rahman. J', '09-10-2000'),
(918, 12, 'E2181048', 'Ahamed Tharik. K', '23-03-1999'),
(919, 12, 'E2181049', 'Arjun Raj.R. R', '19-09-1997'),
(920, 12, 'E2181050', 'Asan Elahy. S', '27-03-1999'),
(921, 12, 'E2181051', 'Ayyanar. M', '25-05-2000'),
(922, 12, 'E2181052', 'Jegan. T', '26-04-2000'),
(923, 12, 'E2181053', 'Lakshman. S', '01-09-1999'),
(924, 12, 'E2181054', 'Manikandan. B', '10-07-1999'),
(925, 12, 'E2181055', 'Mohamed Afsal. Z', '04-09-1999'),
(926, 12, 'E2181056', 'Movin Jerome. SA', '10-09-1999'),
(927, 12, 'E2181057', 'Ramanathan. M', '12-08-2000'),
(928, 12, 'E2181058', 'Ramesh Kumar. R', '07-09-1997'),
(929, 12, 'E2181059', 'Srithar. S', '12-07-1993'),
(930, 12, 'E2181060', 'Vinoth Kingsly. M', '20-06-1999'),
(931, 30, 'E4173001', 'Anbu Selvi. A', '28-03-1996'),
(932, 29, 'E4183001', 'Maharibath Nisha. R', '21-11-1994'),
(933, 18, 'E1153001', 'Abiram Sam Seelan. V', '20-05-1997'),
(934, 18, 'E1153003', 'Ajith Kumar. C', '24-02-1998'),
(935, 18, 'E1153004', 'Alagesan. M', '04-07-1997'),
(936, 18, 'E1153005', 'Ameer Suhail. S', '06-08-1997'),
(937, 18, 'E1153006', 'Antony. A', '13-04-1997'),
(938, 18, 'E1153008', 'Charles. P', '05-05-1998'),
(939, 18, 'E1153009', 'Dhivya. B', '04-06-1998'),
(940, 18, 'E1153012', 'Govindaraj. B', '06-05-1998'),
(941, 18, 'E1153013', 'Jayabalan. M', '25-06-1997'),
(942, 18, 'E1153014', 'Jennerson. I', '25-06-1998');
INSERT INTO `students` (`id`, `class_id`, `student_reg`, `name`, `password`) VALUES
(943, 18, 'E1153015', 'Leoantony. W', '29-06-1998'),
(944, 18, 'E1153016', 'Maheshwaran. K', '06-11-1996'),
(945, 18, 'E1153017', 'Manimaran. K', '09-04-1998'),
(946, 18, 'E1153018', 'Mohamed Lukman. K.M', '22-06-1998'),
(947, 18, 'E1153019', 'Mohamed Mufasil Mufeeth. K.M', '20-09-1997'),
(948, 18, 'E1153020', 'Mohamed Mustaq. M.S', '19-06-1998'),
(949, 18, 'E1153021', 'Mohamed Nabil. B', '18-05-1997'),
(950, 18, 'E1153022', 'Mohamed Nasurudeen. J', '31-10-1997'),
(951, 18, 'E1153023', 'Mohamed Razik. K.A', '28-01-1998'),
(952, 18, 'E1153024', 'Mohamed Thagir. M', '15-06-1997'),
(953, 18, 'E1153025', 'Mohamed Thareek. A', '07-01-1998'),
(954, 18, 'E1153026', 'Mohamed Yasir Arabath. M', '25-05-1998'),
(955, 18, 'E1153027', 'Mohamed Asik. J', '22-06-1998'),
(956, 18, 'E1153028', 'Mohamed Yaseer. M', '19-09-1997'),
(957, 18, 'E1153029', 'Muthumari. E', '21-11-1996'),
(958, 18, 'E1153030', 'Nafees Ahmed. A', '19-11-1997'),
(959, 18, 'E1153031', 'Nandhini. J', '22-08-1997'),
(960, 18, 'E1153032', 'Nithya. R', '05-01-1998'),
(961, 18, 'E1153033', 'Noorul Ameen. M', '25-03-1997'),
(962, 18, 'E1153034', 'Pandiyan. G', '29-05-1998'),
(963, 18, 'E1153035', 'Pavithra. E', '10-11-1997'),
(964, 18, 'E1153036', 'Ponmanikandaprabhu. B', '10-11-1996'),
(965, 18, 'E1153037', 'Prakashraj. A', '01-04-1998'),
(966, 18, 'E1153038', 'Praveenkumar. S.P', '30-07-1998'),
(967, 18, 'E1153039', 'Priyanka. S', '14-05-1998'),
(968, 18, 'E1153040', 'Ragul. V', '26-08-1997'),
(969, 18, 'E1153041', 'Ravichandran. B', '26-03-1997'),
(970, 18, 'E1153042', 'Rubi. R', '03-09-1997'),
(971, 18, 'E1153043', 'Salmankhan. S', '15-06-1998'),
(972, 18, 'E1153044', 'Sayed Aasique. Y', '12-03-1998'),
(973, 18, 'E1153045', 'Senthil Kumar. P', '13-03-1999'),
(974, 18, 'E1153046', 'Shahana Begam. S', '03-11-1998'),
(975, 18, 'E1153047', 'Sheik Abdul Azeez. A', '28-01-1998'),
(976, 18, 'E1153048', 'Sheik Abdullasha. J', '10-10-1997'),
(977, 18, 'E1153049', 'Shekabdulla. S', '12-04-1998'),
(978, 18, 'E1153050', 'Siva Kumar. M', '07-04-1998'),
(979, 18, 'E1153051', 'Sivasankar. S', '07-04-1998'),
(980, 18, 'E1153052', 'Sowndharya. S', '01-01-1998'),
(981, 18, 'E1153054', 'Thanveer Ahamed. A.R', '20-11-1997'),
(982, 18, 'E1153055', 'Thungabdulrahman. S', '28-07-1997'),
(983, 18, 'E1153056', 'Venkatesh. N', '26-12-1997'),
(984, 18, 'E1153060', 'Vignesh   (26-02-1997). V', '26-02-1997'),
(985, 18, 'E1153061', 'Vinoth. G', '27-10-1997'),
(986, 18, 'E2163063', 'Anifnabi. A', '25-05-1997'),
(987, 18, 'E2163064', 'Ashika. S', '26-03-1995'),
(988, 18, 'E2163065', 'Hajamohamedirfan. I', '02-07-1995'),
(989, 18, 'E2163066', 'Joseph Prabakaran. R', '15-05-1997'),
(990, 18, 'E2163067', 'Kirubaanethi. C.M', '10-05-1997'),
(991, 18, 'E2163068', 'Mohamed Aslam. J', '27-06-1997'),
(992, 18, 'E2163069', 'Mohamed Mustak Ali. M', '16-08-1997'),
(993, 18, 'E2163071', 'Prakash. B', '24-12-1997'),
(994, 18, 'E2163072', 'Sathish. M', '21-05-1996'),
(995, 18, 'E2163073', 'Sinehavaran. M', '19-06-1996'),
(996, 18, 'E2163074', 'Yasar. M', '10-02-1997'),
(997, 17, 'E1163001', 'Abdullah. J', '04-08-1999'),
(998, 17, 'E1163002', 'Ajmal Ahamed Maricar. Y', '08-02-1998'),
(999, 17, 'E1163003', 'Anandhu. S.R', '12-02-1998'),
(1000, 17, 'E1163004', 'Arman Salih Ahmad. A', '20-07-1999'),
(1001, 17, 'E1163005', 'Arulsakthi. V', '23-07-1999'),
(1002, 17, 'E1163006', 'Azarudeen. S', '06-08-1998'),
(1003, 17, 'E1163008', 'Bhuvaneshwari. K', '21-06-1999'),
(1004, 17, 'E1163009', 'Britto. S', '19-11-1997'),
(1005, 17, 'E1163010', 'Chandhru. G', '19-06-1999'),
(1006, 17, 'E1163011', 'Dinakaran. T', '01-06-1999'),
(1007, 17, 'E1163012', 'Divakaran. N', '10-06-1998'),
(1008, 17, 'E1163013', 'Elansezhiyan. M', '29-10-1998'),
(1009, 17, 'E1163014', 'Farookdheen. P', '24-12-1998'),
(1010, 17, 'E1163015', 'Ganeshkumar. J', '04-07-1999'),
(1011, 17, 'E1163016', 'Gayathri. N', '02-07-1999'),
(1012, 17, 'E1163017', 'Haja Najimudeen. A', '08-09-1998'),
(1013, 17, 'E1163018', 'Jaffer Hussain. S', '19-05-1999'),
(1014, 17, 'E1163019', 'Judith. A', '29-05-1999'),
(1015, 17, 'E1163020', 'Kalaithasan. P', '24-05-1997'),
(1016, 17, 'E1163021', 'Kalpana. K', '22-05-1997'),
(1017, 17, 'E1163023', 'Kayalarasu. N', '31-05-1999'),
(1018, 17, 'E1163024', 'Kiruthika. J', '22-06-1998'),
(1019, 17, 'E1163025', 'Manikandan. M', '05-06-1999'),
(1020, 17, 'E1163026', 'Manikandan. P', '02-09-1998'),
(1021, 17, 'E1163027', 'Mohamed  Shalik. M.Y', '31-10-1998'),
(1022, 17, 'E1163028', 'Mohamed Abdul Malik. R', '09-08-1998'),
(1023, 17, 'E1163030', 'Mohamed Aslam. S', '12-10-1998'),
(1024, 17, 'E1163031', 'Mohamed Bashajan. A', '21-05-1999'),
(1025, 17, 'E1163032', 'Mohamed Basith. S', '28-01-1998'),
(1026, 17, 'E1163033', 'Mohamed Ismail. R', '25-07-1999'),
(1027, 17, 'E1163034', 'Muhammed Althaf. S', '16-09-1998'),
(1028, 17, 'E1163035', 'Nancy. D', '26-01-1999'),
(1029, 17, 'E1163036', 'Nazar. M', '18-07-1998'),
(1030, 17, 'E1163037', 'Nisha. U', '08-06-1998'),
(1031, 17, 'E1163038', 'Nivedha. S', '26-09-1998'),
(1032, 17, 'E1163039', 'Pavithra. J', '03-03-1999'),
(1033, 17, 'E1163040', 'Pradeep. R', '18-12-1998'),
(1034, 17, 'E1163041', 'Ram Kavi. N', '20-08-1998'),
(1035, 17, 'E1163043', 'Riyas Mohamed. A', '21-04-1999'),
(1036, 17, 'E1163044', 'Riyaz Ahamed. S', '22-01-1999'),
(1037, 17, 'E1163045', 'Rooban Raj. J', '04-08-1999'),
(1038, 17, 'E1163046', 'Sakthivel. J', '24-11-1997'),
(1039, 17, 'E1163047', 'Salam. B', '05-06-1999'),
(1040, 17, 'E1163048', 'Salman Khan. I', '21-07-1999'),
(1041, 17, 'E1163049', 'Sameerali. S', '21-03-1998'),
(1042, 17, 'E1163050', 'Saravanakumar. G', '11-11-1999'),
(1043, 17, 'E1163051', 'Saravanan. R', '18-03-1999'),
(1044, 17, 'E1163052', 'Seeni Mohamed. S', '18-06-1999'),
(1045, 17, 'E1163053', 'Sellarasu. M', '06-04-1999'),
(1046, 17, 'E1163054', 'Shaik Rahuman. S', '01-07-1999'),
(1047, 17, 'E1163055', 'Shanmugaraja. J', '19-05-1999'),
(1048, 17, 'E1163056', 'Sivaranjani. M', '24-04-1999'),
(1049, 17, 'E1163057', 'Srihari. S', '13-07-1997'),
(1050, 17, 'E1163058', 'Sujith. S', '15-07-1997'),
(1051, 17, 'E1163059', 'Thamaraiselvan. B', '21-10-1998'),
(1052, 17, 'E1163060', 'Theresline Joice. J', '22-10-1998'),
(1053, 17, 'E1163061', 'Thivakar. D', '28-05-1999'),
(1054, 17, 'E1163062', 'Vignesh. V', '03-02-1999'),
(1055, 17, 'E1163063', 'Vikram. S', '04-07-1999'),
(1056, 17, 'E2173065', 'Arun Nisanthan. N', '20-06-1996'),
(1057, 17, 'E2173066', 'Dheenadayalan. Y', '18-08-1996'),
(1058, 17, 'E2173068', 'Manikandan. T', '01-10-1996'),
(1059, 17, 'E2173069', 'Mohamed Ethayath. R', '08-07-1999'),
(1060, 17, 'E2173070', 'Mohamed Jainudeen. J.B', '24-07-1999'),
(1061, 17, 'E2173071', 'Mohamed Khan. M', '02-01-1998'),
(1062, 17, 'E2173072', 'Mohamed Rhiswan Roslan. H', '07-10-1998'),
(1063, 17, 'E2173073', 'Muhamed Rishwan. J', '15-06-1998'),
(1064, 17, 'E2173074', 'Raj Mohamed. S', '23-05-1999'),
(1065, 17, 'E2173075', 'Saiyadrihaan. A', '17-04-1998'),
(1066, 17, 'E2173076', 'Sami Nathan. B', '21-06-1995'),
(1067, 17, 'E2173077', 'Sheik Ismail. B', '01-01-1999'),
(1068, 17, 'E2173078', 'Syed Yaship. S', '01-05-1997'),
(1069, 17, 'E2173079', 'Vinoth. P', '09-06-1992'),
(1070, 17, 'E2173080', 'Yacobnathan. S', '29-06-1996'),
(1071, 16, 'E1173001', 'Abdul Jalil. M', '25-11-1999'),
(1072, 16, 'E1173003', 'Alaguraja. P', '04-07-2000'),
(1073, 16, 'E1173004', 'Amala Jesima. V', '22-02-2000'),
(1074, 16, 'E1173005', 'Arockiaraj. A', '06-04-2000'),
(1075, 16, 'E1173006', 'Arul  Brindha. S', '15-06-2000'),
(1076, 16, 'E1173007', 'Arun  Kumar. S', '26-05-2000'),
(1077, 16, 'E1173008', 'Arun Raj. I', '19-06-2000'),
(1078, 16, 'E1173009', 'Aswin. K', '31-08-1999'),
(1079, 16, 'E1173010', 'Azeez. P', '16-11-1999'),
(1080, 16, 'E1173011', 'Bharathkumar. R', '19-07-2000'),
(1081, 16, 'E1173012', 'Bhuvaneswari. K', '06-01-2000'),
(1082, 16, 'E1173013', 'Britto. P', '10-07-2000'),
(1083, 16, 'E1173014', 'Celsiya. J', '13-09-2000'),
(1084, 16, 'E1173015', 'Dinesh Kumar. P.M', '06-12-1999'),
(1085, 16, 'E1173016', 'Faisal Ali Khan. A', '02-05-2000'),
(1086, 16, 'E1173017', 'Haneef Mohamed. R', '14-11-1999'),
(1087, 16, 'E1173018', 'Jahirkhan. S', '27-06-1999'),
(1088, 16, 'E1173019', 'Joesphine. A', '17-06-2000'),
(1089, 16, 'E1173020', 'Kalpana. R', '29-10-1999'),
(1090, 16, 'E1173021', 'Kanmani. S.K', '26-03-1999'),
(1091, 16, 'E1173022', 'Kavipriya. A', '14-03-2000'),
(1092, 16, 'E1173023', 'Mahalakshmi. M', '16-07-1999'),
(1093, 16, 'E1173024', 'Mahmoodh. M.A', '22-06-2000'),
(1094, 16, 'E1173025', 'Manisha. S', '06-06-2000'),
(1095, 16, 'E1173026', 'Manoj Kumar. S', '05-07-2000'),
(1096, 16, 'E1173027', 'Masthan Oliyullah. S', '04-07-1998'),
(1097, 16, 'E1173028', 'Mercymirakline. V', '17-08-2000'),
(1098, 16, 'E1173029', 'Minnalkumar. V', '25-08-2000'),
(1099, 16, 'E1173030', 'Mohamed Abu Ariz. S', '19-11-1999'),
(1100, 16, 'E1173031', 'Mohamed Arsath. B', '10-12-1999'),
(1101, 16, 'E1173032', 'Mohamed Aslam. J', '19-05-2000'),
(1102, 16, 'E1173033', 'Mohamed Ibrahim. G', '29-05-2000'),
(1103, 16, 'E1173034', 'Mohamed Malik. K', '04-10-2000'),
(1104, 16, 'E1173035', 'Mohamed Musthakeem. S', '11-09-1999'),
(1105, 16, 'E1173036', 'Mohamed Niyasudeen. M', '11-09-2000'),
(1106, 16, 'E1173037', 'Mohamed Rilwan. S', '09-02-2000'),
(1107, 16, 'E1173039', 'Mohamed Yusuf Khan. A', '06-11-1999'),
(1108, 16, 'E1173040', 'Mohammed Hussain. S', '22-10-1999'),
(1109, 16, 'E1173041', 'Monisha Soniya. J', '30-06-1998'),
(1110, 16, 'E1173042', 'Muthumala. M', '13-03-2000'),
(1111, 16, 'E1173043', 'Nisha. S', '21-05-1999'),
(1112, 16, 'E1173044', 'Peer Mohamed. B', '19-09-1999'),
(1113, 16, 'E1173045', 'Praveenkumar. K', '20-03-2000'),
(1114, 16, 'E1173047', 'Priyadharshini. S', '02-11-1999'),
(1115, 16, 'E1173048', 'Rahul. R', '04-01-2000'),
(1116, 16, 'E1173049', 'Rajakeerthi. J.M', '01-05-2000'),
(1117, 16, 'E1173050', 'Rathish. A', '10-03-2000'),
(1118, 16, 'E1173052', 'Sangavi. V', '01-04-2000'),
(1119, 16, 'E1173053', 'Sathamhussin. S', '09-10-2000'),
(1120, 16, 'E1173054', 'Sivanesan. K', '18-07-2000'),
(1121, 16, 'E1173055', 'Sowmiya. M', '21-10-1999'),
(1122, 16, 'E1173056', 'Sridevi. K.R', '06-07-2000'),
(1123, 16, 'E1173057', 'Surya. M', '26-11-1999'),
(1124, 16, 'E1173058', 'Thaiseer Ahamed. J', '01-06-1999'),
(1125, 16, 'E1173059', 'Uthaya Nithi. R', '11-04-2000'),
(1126, 16, 'E1173060', 'Venmani Selvan. D', '14-06-2000'),
(1127, 16, 'E1173061', 'Vignesh. D', '26-01-2000'),
(1128, 16, 'E1173062', 'Vimala. A', '14-08-2000'),
(1129, 16, 'E1173063', 'Yogeswari. T', '15-07-2000'),
(1130, 16, 'E2183064', 'Dheenadhayalan. R', '13-06-2000'),
(1131, 16, 'E2183065', 'Dinesh. M', '01-03-1997'),
(1132, 16, 'E2183066', 'Fareth Ahamed. M', '20-01-2000'),
(1133, 16, 'E2183067', 'Hariprasad. S', '21-01-2000'),
(1134, 16, 'E2183068', 'Mohamed Asarudeen. A', '07-05-1999'),
(1135, 16, 'E2183069', 'Mohamed Riyazudeen. J', '28-05-1998'),
(1136, 16, 'E2183070', 'Prince Kiruthika. A', '28-10-1995'),
(1137, 16, 'E2183071', 'Sathiya Seelan. M', '16-12-1999'),
(1138, 32, 'E4177001', 'Jayasudha. M.', '21-07-1996'),
(1139, 32, 'E4177002', 'Karunya Kaviya. M.J', '26-11-1994'),
(1140, 32, 'E4177003', 'Kumar. K', '02-06-1993'),
(1141, 32, 'E4177004', 'Muthumani. S', '24-03-1994'),
(1142, 32, 'E4177005', 'Nurul Mubeen. K', '08-04-1996'),
(1143, 32, 'E4177006', 'Sabitha. C', '06-12-1995'),
(1144, 23, 'E1165001', 'Ahamed Younus Khan. M', '26-09-1999'),
(1145, 23, 'E1165002', 'Akilan. P', '17-02-1999'),
(1146, 23, 'E1165003', 'Aljuna. A', '09-01-1999'),
(1147, 23, 'E1165004', 'Amrutam Sunil. S', '1234'),
(1148, 23, 'E1165007', 'Anusiya Devi. S', '17-07-1999'),
(1149, 23, 'E1165008', 'Aravindhan. R', 'aravindhan'),
(1150, 23, 'E1165009', 'Arif Mohammed. M', '06-01-1999'),
(1151, 23, 'E1165010', 'Aswathi. S', '07-10-1998'),
(1152, 23, 'E1165011', 'Ayesha Shereen. A.K', '05-01-1999'),
(1153, 23, 'E1165012', 'Daaneshwaran. R', '17-03-1999'),
(1154, 23, 'E1165014', 'Farjana Fathima. S', '02-06-1999'),
(1155, 23, 'E1165015', 'Gayathri. S', '27-02-1999'),
(1156, 23, 'E1165016', 'Gomathi. K', '11-07-1999'),
(1157, 23, 'E1165017', 'Hajara Bathool. A', '08-03-1999'),
(1158, 23, 'E1165018', 'Hephzibah. P', '21-09-1998'),
(1159, 23, 'E1165019', 'Ibrahim Umarkhan. T', '19-03-1999'),
(1160, 23, 'E1165020', 'Jayaprakash. S', '17-03-1998'),
(1161, 23, 'E1165021', 'Jerophine Santhiya. S', '28-04-1999'),
(1162, 23, 'E1165022', 'Kabil. R', '07-11-1998'),
(1163, 23, 'E1165024', 'Karishma. R', '06-12-1998'),
(1164, 23, 'E1165026', 'Kaviya. A', '31-08-1999'),
(1165, 23, 'E1165027', 'Lamya Bhanu. T', 'lami20'),
(1166, 23, 'E1165028', 'Lavanyaa. N', '08-07-1999'),
(1167, 23, 'E1165029', 'Manikandan. S', '31-07-1999'),
(1168, 23, 'E1165030', 'Meghasushmitha. J', '14-10-1998'),
(1169, 23, 'E1165031', 'Mohamed Asik. M', '13-03-1999'),
(1170, 23, 'E1165032', 'Mohamed Bilal. K', '31-12-1998'),
(1171, 23, 'E1165034', 'Mohamed Munaf. M', '15-06-1999'),
(1172, 23, 'E1165035', 'Mohamed Muzammil. M', '02-11-1998'),
(1173, 23, 'E1165036', 'Mohammad  Saifullah. A', '26-01-1999'),
(1174, 23, 'E1165037', 'Mohammed Ansar. S', '09-04-1999'),
(1175, 23, 'E1165038', 'Nichol Raj. R', '23-07-1999'),
(1176, 23, 'E1165040', 'Nivetha. R', '16-09-1998'),
(1177, 23, 'E1165041', 'Nivetha. S', '29-04-1999'),
(1178, 23, 'E1165042', 'Nivethini. L', 'e1165042nini'),
(1179, 23, 'E1165043', 'Nizar Ahamed. H', '27-10-1998'),
(1180, 23, 'E1165044', 'Noorul Vaisha Parveen. M', '13-02-1999'),
(1181, 23, 'E1165046', 'Parthiban (11.03.1999). R', '11-03-1999'),
(1182, 23, 'E1165047', 'Prasana. V', '27-04-1999'),
(1183, 23, 'E1165048', 'Prem. R', '07-04-1999'),
(1184, 23, 'E1165049', 'Priya. M', '30-03-1999'),
(1185, 23, 'E1165050', 'Priyanka. A', '01-04-1999'),
(1186, 23, 'E1165051', 'Raja. S', '22-07-1999'),
(1187, 23, 'E1165052', 'Rajesh. L', '06-12-1998'),
(1188, 23, 'E1165053', 'Ramela. R', '20-07-1999'),
(1189, 23, 'E1165054', 'Ramya. G', '01-08-1998'),
(1190, 23, 'E1165055', 'Ramya. V', '21-09-1998'),
(1191, 23, 'E1165057', 'Revathi. M', '24-01-1999'),
(1192, 23, 'E1165058', 'Riyaz Ahmed. H', '09-03-1999'),
(1193, 23, 'E1165059', 'Robika. S', '17-08-1999'),
(1194, 23, 'E1165060', 'Rumana Fervin. A', '20162020'),
(1195, 23, 'E1165061', 'Sabur Khan. S', '26-06-1999'),
(1196, 23, 'E1165062', 'Sagunthala. R', '07-06-1999'),
(1197, 23, 'E1165063', 'Sameer Khan. N', '06-12-1998'),
(1198, 23, 'E1165064', 'Shabi Ahmed. S', '30-03-1999'),
(1199, 23, 'E1165065', 'Shabira Begam. R', '14-04-1999'),
(1200, 23, 'E1165066', 'Shajeetha Parveen. J', 'e1165066'),
(1201, 23, 'E1165067', 'Shameena Arasi. S', '21-05-1998'),
(1202, 23, 'E1165068', 'Shyamsundar. T', '11-08-1998'),
(1203, 23, 'E1165069', 'Sibiya Nilosha. A', '03-01-1999'),
(1204, 23, 'E1165070', 'Sivagami. K', '04-01-1999'),
(1205, 23, 'E1165071', 'Soundharya. S', '04-07-1999'),
(1206, 23, 'E1165072', 'Subashchandrabose. M', '08-09-1999'),
(1207, 23, 'E1165073', 'Subash. N', '26-04-1999'),
(1208, 23, 'E1165074', 'Subasree. M.V', '04-08-1998'),
(1209, 23, 'E1165075', 'Sumathradevi. K', '17-07-1999'),
(1210, 23, 'E1165076', 'Uma Shankar. G', '02-09-1999'),
(1211, 23, 'E1165077', 'Ummal Bajria. A', '04-08-1999'),
(1212, 23, 'E1165078', 'Vasanth. S', '02-06-1999'),
(1213, 23, 'E1165080', 'Vimal Britto. J', '17-06-1998'),
(1214, 23, 'E1165081', 'Yaminipriya. C.M', '25-01-1998'),
(1215, 23, 'E1165082', 'ZAINA ZUHAINA.M', '21-11-1998'),
(1216, 23, 'E2175083', 'Elangovan. S', '14-03-1997'),
(1217, 23, 'E2175084', 'Roshini. A', '03-04-1999'),
(1218, 23, 'E2175085', 'Sathish Kumar. S', '28-03-1998'),
(1219, 23, 'E2175086', 'Subha. E', '27-07-1999'),
(1220, 31, 'T18VLSI0', 'Rojini Preetha. M', '05-05-1997'),
(1221, 21, 'E1154001', 'Asha Victoria. A', '05-04-1998'),
(1222, 21, 'E1154002', 'Bakkia Priya. M', '03-06-1998'),
(1223, 21, 'E1154003', 'Baranidharan. S', '18-07-1998'),
(1224, 21, 'E1154004', 'Catherine. V', '06-10-1998'),
(1225, 21, 'E1154006', 'Dayana. T', '17-03-1998'),
(1226, 21, 'E1154007', 'Deepika. S', '19-02-1998'),
(1227, 21, 'E1154008', 'Denil Desosa. J', '21-06-1998'),
(1228, 21, 'E1154009', 'Fathima. L', '25-07-1998'),
(1229, 21, 'E1154010', 'Ghousia Shimaeen. A', '08-08-1997'),
(1230, 21, 'E1154011', 'Hema. R', '13-01-1998'),
(1231, 21, 'E1154012', 'Hisham. S', '31-07-1997'),
(1232, 21, 'E1154013', 'Iyyappan. S', '13-10-1997'),
(1233, 21, 'E1154014', 'Janapriya. S', '31-12-1997'),
(1234, 21, 'E1154015', 'Joshua Francis. B', '28-09-1997'),
(1235, 21, 'E1154017', 'Keerthana. A', '25-08-1998'),
(1236, 21, 'E1154018', 'Kousalya. M', '15-12-1997'),
(1237, 21, 'E1154019', 'Madhumathi. R', '01-02-1998'),
(1238, 21, 'E1154020', 'Mahariba. M', '13-07-1997'),
(1239, 21, 'E1154021', 'Malathy. R', '07-09-1997'),
(1240, 21, 'E1154022', 'Manimegalai. M', '11-02-1998'),
(1241, 21, 'E1154023', 'Manisha. R', '05-05-1998'),
(1242, 21, 'E1154024', 'Mathavi. K', '10-06-1998'),
(1243, 21, 'E1154025', 'Merlin Sybila. S', '14-02-1998'),
(1244, 21, 'E1154026', 'Mohamed Matharsha. S', '22-11-1997'),
(1245, 21, 'E1154027', 'Mohamed Thowfeek Faruk. T.Z', '15-09-1997'),
(1246, 21, 'E1154029', 'Nabeez Ahamed. J', '08-10-1997'),
(1247, 21, 'E1154030', 'Nagarjun. D', '23-12-1997'),
(1248, 21, 'E1154031', 'Nasreen Banu. N', '09-11-1997'),
(1249, 21, 'E1154032', 'Nithiyanantham. G', '15-05-1998'),
(1250, 21, 'E1154033', 'Preethi. S', '03-03-1998'),
(1251, 21, 'E1154034', 'Prithivi. V', '24-04-1998'),
(1252, 21, 'E1154035', 'Priyadharshini. A', '14-03-1998'),
(1253, 21, 'E1154036', 'Pruthika. S', '09-04-1998'),
(1254, 21, 'E1154039', 'Ramya. B', '30-10-1997'),
(1255, 21, 'E1154040', 'Rasika. A', '26-09-1997'),
(1256, 21, 'E1154041', 'Roslin Shalini. J', '18-12-1998'),
(1257, 21, 'E1154043', 'Saranya. S', '07-05-1996'),
(1258, 21, 'E1154044', 'Sheik Abdul Kathar. I', '03-10-1997'),
(1259, 21, 'E1154046', 'Shirazunnisha. S.S', '28-02-1998'),
(1260, 21, 'E1154047', 'Siva. P', '16-07-1998'),
(1261, 21, 'E1154048', 'Sornaprabhu. B', '19-05-1998'),
(1262, 21, 'E1154049', 'Swathika. A', '13-11-1997'),
(1263, 21, 'E1154050', 'Swathika. V', '06-09-1997'),
(1264, 21, 'E1154051', 'Tabassum Siddiqua. T', '26-02-1997'),
(1265, 21, 'E1154052', 'Thakira. J', '21-02-1998'),
(1266, 21, 'E1154053', 'Tharanya. V', '03-12-1997'),
(1267, 21, 'E1154054', 'Thasneem Banu. M', '26-12-1997'),
(1268, 21, 'E1154055', 'Vennila. B', '24-09-1997'),
(1269, 21, 'E1154056', 'Yoga. P', '02-09-1998'),
(1270, 21, 'E1154057', 'Yogalakshmi. P', '21-02-1998'),
(1271, 21, 'E2164059', 'Antony Santhosh Raj.Y. Y', '01-11-1997'),
(1272, 21, 'E2164061', 'Beaulah Kirubavathy. B', '10-02-1997'),
(1273, 21, 'E2164062', 'Karthika. M', '12-05-1998'),
(1274, 21, 'E2164063', 'Mahadir Mohamed. M', '11-04-1996'),
(1275, 21, 'E2164064', 'Mary Ezhil Arasi. R', '20-03-1998'),
(1276, 21, 'E2164065', 'Mohamed Nasurudeen. K', '04-04-1996'),
(1277, 21, 'E2164066', 'Praveen Kumar. B', '14-02-1997'),
(1278, 21, 'E2164067', 'Revathibalasathiyavathi. B', '30-08-1995'),
(1279, 21, 'E2164068', 'Subashini. V', '07-06-1994'),
(1280, 21, 'E2164069', 'Yogeshwaran.M. M', '10-09-1997'),
(1281, 20, 'E1164001', 'Aarthi. N', '19-09-1999'),
(1282, 20, 'E1164002', 'Abarna. N', '27-02-1999'),
(1283, 20, 'E1164003', 'Abdul Malik. T', '18-10-1998'),
(1284, 20, 'E1164004', 'Ameer Sultan. J', '28-12-1998'),
(1285, 20, 'E1164005', 'Ashik Mohamed. A', '18-03-1999'),
(1286, 20, 'E1164006', 'Asrin Jaswani. S', '08-01-1999'),
(1287, 20, 'E1164007', 'Bhuvaneswari. S', '18-02-1998'),
(1288, 20, 'E1164008', 'Deeba. S', '06-01-1999'),
(1289, 20, 'E1164009', 'Gayathri Vani. A', '28-01-1999'),
(1290, 20, 'E1164011', 'Guna Sunthari. B', '08-11-1998'),
(1291, 20, 'E1164012', 'Hari Haran. R', '07-12-1998'),
(1292, 20, 'E1164014', 'Lavanya. P', '16-04-1999'),
(1293, 20, 'E1164015', 'Madhumitha. C', '19-10-1999'),
(1294, 20, 'E1164016', 'Mohamed Faisal. S', '14-12-1998'),
(1295, 20, 'E1164017', 'Mohamed Imran. M', '19-05-1999'),
(1296, 20, 'E1164018', 'Mohamed Rafik. M', '27-10-1998'),
(1297, 20, 'E1164019', 'Mohamed Riaz. A', '12-06-1999'),
(1298, 20, 'E1164020', 'Mohamed Rizwan. B', '31-07-1998'),
(1299, 20, 'E1164021', 'Mohamed Sirajudeen. S', '02-10-1997'),
(1300, 20, 'E1164022', 'Muhammed Azarudeen. J', '20-11-1998'),
(1301, 20, 'E1164023', 'Muthulakshmi. M', '10-05-1998'),
(1302, 20, 'E1164024', 'Muthulakshmi. S', '18-09-1999'),
(1303, 20, 'E1164025', 'Pavithra Devi. P', '16-01-1999'),
(1304, 20, 'E1164026', 'Pearly. J', '26-05-1999'),
(1305, 20, 'E1164029', 'Raeisa. A', '23-02-1999'),
(1306, 20, 'E1164031', 'Rifansiya. S', '31-08-1998'),
(1307, 20, 'E1164032', 'Shabhan. R', '16-03-1999'),
(1308, 20, 'E1164033', 'Souban Mohamed. S', '07-10-1999'),
(1309, 20, 'E1164034', 'Suguna. S', '11-07-1999'),
(1310, 20, 'E1164035', 'Surendhar. B', '16-03-1999'),
(1311, 20, 'E1164036', 'Syed Sadham. N', '21-03-1999'),
(1312, 20, 'E1164037', 'Thaslima Afrin. S', '05-10-1998'),
(1313, 20, 'E1164040', 'Vishnu Priya. N.J', '22-05-1999'),
(1314, 20, 'E1164041', 'Viveka. K', '10-10-1998'),
(1315, 20, 'E2174043', 'Fayaz Ahamed. A', '15-05-1998'),
(1316, 20, 'E2174044', 'Haribaskar. S', '23-10-1997'),
(1317, 20, 'E2174045', 'Janani. R', '29-01-1997'),
(1318, 20, 'E2174046', 'Mohamed Ishan. M', '08-04-1998'),
(1319, 20, 'E2174047', 'Mohamed Rayan. A.S', '29-11-1998'),
(1320, 20, 'E2174048', 'Mohana Sundari. P', '20-12-1997'),
(1321, 20, 'E2174049', 'Nisath Riswan. K.N', '09-06-1996'),
(1322, 20, 'E2174050', 'Vishnuvarthan. N', '16-07-1999'),
(1323, 19, 'E1174001', 'Aabitha Begam. S', '15-03-1999'),
(1324, 19, 'E1174003', 'Abarna. K', '29-08-2000'),
(1325, 19, 'E1174004', 'Abdul Ajeez. A', '19-02-1999'),
(1326, 19, 'E1174005', 'Abdul Rahman. M', '11-09-1999'),
(1327, 19, 'E1174007', 'Afsana. A', '03-03-2000'),
(1328, 19, 'E1174008', 'Ahamed Aakif. Z', '01-02-2000'),
(1329, 19, 'E1174009', 'Akash. S', '09-06-2000'),
(1330, 19, 'E1174010', 'Akshaya. M', '18-02-2000'),
(1331, 19, 'E1174011', 'Ammu. P', '28-05-2000'),
(1332, 19, 'E1174012', 'Ammu. S', '26-07-1999'),
(1333, 19, 'E1174013', 'Annal Jebaseeli-. D', '30-07-2000'),
(1334, 19, 'E1174014', 'Antony Jero. J', '11-10-1999'),
(1335, 19, 'E1174015', 'Arthi. J', '25-12-1999'),
(1336, 19, 'E1174016', 'Asrath Nisha. S', '22-06-2000'),
(1337, 19, 'E1174017', 'Bakrudeen. S', '14-11-1998'),
(1338, 19, 'E1174018', 'Boomika. P', '25-01-2000'),
(1339, 19, 'E1174019', 'Chaandhini. C', '28-03-2000'),
(1340, 19, 'E1174020', 'Daniel Vinith. G', '17-04-2000'),
(1341, 19, 'E1174021', 'Defi Christina. C', '12-12-1999'),
(1342, 19, 'E1174022', 'Deiva Rani. M', '07-04-2000'),
(1343, 19, 'E1174023', 'Fazil Mohammed. B', '13-01-2000'),
(1344, 19, 'E1174024', 'Gayathri. K', '02-04-2000'),
(1345, 19, 'E1174025', 'Harini. P', '02-07-2000'),
(1346, 19, 'E1174026', 'Hasiba Banu. H', '04-07-2000'),
(1347, 19, 'E1174027', 'Hina. M', '17-04-2000'),
(1348, 19, 'E1174028', 'Janani. M', '29-12-2000'),
(1349, 19, 'E1174029', 'Jansirani. K', '19-06-2000'),
(1350, 19, 'E1174030', 'Jasmine. E', '02-03-2000'),
(1351, 19, 'E1174031', 'Kalidass. K', '27-07-2000'),
(1352, 19, 'E1174032', 'Karan. M', '07-06-2000'),
(1353, 19, 'E1174033', 'Kavitha. M', '11-05-2000'),
(1354, 19, 'E1174034', 'Kowsalya. K', '14-07-2000'),
(1355, 19, 'E1174035', 'Krishnapriya. K', '04-11-1999'),
(1356, 19, 'E1174036', 'Malar Vizhi Meera. A', '31-12-1999'),
(1357, 19, 'E1174037', 'Manikandan. T', '09-10-2000'),
(1358, 19, 'E1174038', 'Mathina Beevi. S', '23-11-1999'),
(1359, 19, 'E1174039', 'Mohamed Rizvanudeen. M', '01-11-1999'),
(1360, 19, 'E1174040', 'Mohamed Suwaidee. M', '01-10-1999'),
(1361, 19, 'E1174041', 'Mohamed Ibrahim. M', '10-04-1999'),
(1362, 19, 'E1174042', 'Narmatha. A', '15-07-2000'),
(1363, 19, 'E1174043', 'Niranjani. B', '10-09-1999'),
(1364, 19, 'E1174044', 'Nithiksha. N', '23-07-1999'),
(1365, 19, 'E1174045', 'Nithish Kumar. S', '06-03-2000'),
(1366, 19, 'E1174046', 'Pavithra. C', '30-06-2000'),
(1367, 19, 'E1174047', 'Puvanithy. M', '09-10-1999'),
(1368, 19, 'E1174049', 'Rizvana Begam. T', '13-04-1999'),
(1369, 19, 'E1174050', 'Sabarinath. C', '23-10-1998'),
(1370, 19, 'E1174051', 'Sabitha. S', '27-08-2000'),
(1371, 19, 'E1174052', 'Safa Almaz. MS', '13-03-2000'),
(1372, 19, 'E1174053', 'Sathiya Sheela. S', '11-07-2000'),
(1373, 19, 'E1174054', 'Selciya. M', '26-02-2000'),
(1374, 19, 'E1174055', 'Shakthivel. A', '15-07-1999'),
(1375, 19, 'E1174056', 'Shalini. B', '30-08-1999'),
(1376, 19, 'E1174057', 'Suruthi. M', '23-04-2000'),
(1377, 19, 'E1174059', 'Tamil Mani. B', '21-07-1999'),
(1378, 19, 'E1174060', 'Thajudeen. T', '21-05-1999'),
(1379, 19, 'E1174061', 'Thilsara. S', '21-07-2000'),
(1380, 19, 'E1174062', 'Vengatesh Kumar. M', '03-09-2000'),
(1381, 19, 'E1174063', 'Vigneshwaran. M', '27-07-2000'),
(1382, 19, 'E1174064', 'Vimal Athithan. M', '05-07-2000'),
(1383, 19, 'E1174066', 'Yogapriya. S', '03-11-1999'),
(1384, 19, 'E1174067', 'Zam Zam Haliya. A', '31-05-1999'),
(1385, 19, 'E3174075', 'Nisha Shalini. K', '14-10-1999'),
(1386, 19, 'E2184068', 'Deepa. A', '03-05-1998'),
(1387, 19, 'E2184069', 'Hari Vijay. R', '02-03-1999'),
(1388, 19, 'E2184070', 'Kiruthigha. K', '12-12-1999'),
(1389, 19, 'E2184071', 'Mohamed Thazeem. M', '13-01-1998'),
(1390, 19, 'E2184072', 'Monica. J', '26-08-1999'),
(1391, 19, 'E2184073', 'Nandhini. S', '30-12-1995'),
(1392, 19, 'E2184074', 'Vetriselvi. A', '06-03-1998'),
(1393, 34, 'E4175001', 'Maria Snowlin Joy. R', '01-01-2001'),
(1394, 33, 'E4185001', 'Seetha Lakshmi. S', '12-12-1984'),
(1395, 24, 'E1155001', 'Abdul Basith. M', '28-05-1998'),
(1396, 24, 'E1155002', 'Abinaya. V', '11-05-1998'),
(1397, 24, 'E1155003', 'Ajimeer Ali. A', '21-09-1997'),
(1398, 24, 'E1155004', 'Ananthalakshmi. V', '28-05-1998'),
(1399, 24, 'E1155006', 'Anjalidevi. D', '02-07-1997'),
(1400, 24, 'E1155007', 'Anuja. P', '17-07-1998'),
(1401, 24, 'E1155009', 'Asma Ul Mymoona. R', '14-12-1996'),
(1402, 24, 'E1155010', 'Balasubramaniam. S', '03-09-1997'),
(1403, 24, 'E1155011', 'Bhuvaneswari. G', '20-12-1997'),
(1404, 24, 'E1155012', 'Bhuvaneswari. P', '09-04-1998'),
(1405, 24, 'E1155013', 'Chinraj. D', '05-03-1998'),
(1406, 24, 'E1155014', 'Dhayanithi. P', '29-04-1998'),
(1407, 24, 'E1155015', 'Durga Devi. M', '15-01-1998'),
(1408, 24, 'E1155016', 'Durka Devi. G', '15-07-1997'),
(1409, 24, 'E1155019', 'Hisam Zahid. M', '19-01-1998'),
(1410, 24, 'E1155021', 'Iniyavan. M', '31-07-1998'),
(1411, 24, 'E1155022', 'Iswarya. R', '22-07-1998'),
(1412, 24, 'E1155024', 'Karthick. D', '14-07-1996'),
(1413, 24, 'E1155025', 'Karthika. E', '18-11-1997'),
(1414, 24, 'E1155026', 'Karthika   (20-04-1998). M', '20-04-1998'),
(1415, 24, 'E1155027', 'Karthika   (13-12-1998). M', '13-12-1998'),
(1416, 24, 'E1155028', 'Kaviyarasu. S', '15-06-1998'),
(1417, 24, 'E1155029', 'Kowsalya. R', '28-05-1998'),
(1418, 24, 'E1155031', 'Lavanya. S', '23-05-1998'),
(1419, 24, 'E1155032', 'Manivel. R', '11-07-1998'),
(1420, 24, 'E1155033', 'Meenambal. S', '17-06-1998'),
(1421, 24, 'E1155034', 'Megala. M', '03-02-1998'),
(1422, 24, 'E1155036', 'Mohamed Vasim. N', '16-09-1997'),
(1423, 24, 'E1155037', 'Mubarak. K', '18-03-1997'),
(1424, 24, 'E1155038', 'Muhammadhu Sulaimaan. S', '27-11-1997'),
(1425, 24, 'E1155039', 'Muthulakshmi. S', '16-07-1998'),
(1426, 24, 'E1155041', 'Nandhini. T', '16-05-1998'),
(1427, 24, 'E1155042', 'Nasira Parveen. A', '14-06-1998'),
(1428, 24, 'E1155043', 'Nataraj. J.S', '15-04-1998'),
(1429, 24, 'E1155044', 'Nisha. A', '19-02-1998'),
(1430, 24, 'E1155045', 'Nivetha. K', '24-07-1998'),
(1431, 24, 'E1155046', 'Prabu. M', '18-05-1998'),
(1432, 24, 'E1155047', 'Prakash. S', '15-05-1998'),
(1433, 24, 'E1155048', 'Preethi. R', '18-09-1997'),
(1434, 24, 'E1155049', 'Punitha. P', '04-02-1996'),
(1435, 24, 'E1155050', 'Punitha. R', '25-05-1998'),
(1436, 24, 'E1155052', 'Rajeshwari. R', '25-05-1997'),
(1437, 24, 'E1155053', 'Ramakrishnan. M', '03-01-1997'),
(1438, 24, 'E1155054', 'Sabitha. S', '02-07-1998'),
(1439, 24, 'E1155055', 'Sangeetha. S', '11-04-1998'),
(1440, 24, 'E1155056', 'Sanofar Raj Mohamed', '25-02-1998'),
(1441, 24, 'E1155057', 'Shameema Shanas. S', '10-02-1997'),
(1442, 24, 'E1155058', 'Sharmila. B', '08-04-1998'),
(1443, 24, 'E1155059', 'Sharmila. L', '15-12-1997'),
(1444, 24, 'E1155060', 'Sivasankari. V', '24-11-1997'),
(1445, 24, 'E1155061', 'Sowndarya. A', '27-02-1998'),
(1446, 24, 'E1155062', 'Sulthana. A', '11-04-1997'),
(1447, 24, 'E1155064', 'Syed Abdul Kathir. S', '17-01-1998'),
(1448, 24, 'E1155065', 'Syed Ijaz. J', '15-03-1998'),
(1449, 24, 'E1155066', 'Tamil Selvi. M', '11-06-1998'),
(1450, 24, 'E1155067', 'Tamil Selvi. K', '21-07-1998'),
(1451, 24, 'E1155068', 'Vaijeyanthi. T', '10-05-1997'),
(1452, 24, 'E1155069', 'Vinothini. P', '21-03-1998'),
(1453, 24, 'E1155071', 'Yasmin. Z', '24-05-1998'),
(1454, 24, 'E3145092', 'Priyadharshini. S', '23-03-1997'),
(1455, 24, 'E2165073', 'Alageswari. N', '26-02-1998'),
(1456, 24, 'E2165074', 'Ameersohail. S', '23-09-1997'),
(1457, 24, 'E2165075', 'Dhamotharan. V', '26-11-1995'),
(1458, 24, 'E2165076', 'Eswari. I', '18-03-1994'),
(1459, 24, 'E2165077', 'Fathima Begam. A', '29-01-1998'),
(1460, 24, 'E2165078', 'Hariharan. G', '30-09-1996'),
(1461, 24, 'E2165079', 'Johnson. S', '12-01-1998'),
(1462, 24, 'E2165080', 'Mohamedrilwan. M.F', '30-11-1996'),
(1463, 24, 'E2165081', 'Muruganantham. M', '14-08-1998'),
(1464, 24, 'E2165082', 'Narmatha. R', '12-11-1996'),
(1465, 24, 'E2165085', 'Raj Kumar. P', '17-11-1997'),
(1466, 24, 'E2165086', 'Renupriya. P', '20-06-1994'),
(1467, 24, 'E2165087', 'Surya. V', '14-01-1997'),
(1468, 24, 'E2165088', 'Syed Abdul Razak. M', '25-06-1998'),
(1469, 24, 'E2165089', 'Vignesh. M', '08-06-1997'),
(1470, 24, 'E2165090', 'Vishnuvardhan. M', '06-05-1996'),
(1471, 24, 'E2165091', 'Yazhini. T', '25-07-1998'),
(1472, 24, 'E3155072', 'Bava Bahrudeen. R', '07-12-1997'),
(1473, 22, 'E1175001', 'Abdullah.A. AF', '14-09-1999'),
(1474, 22, 'E1175002', 'Anil Ruth.V', '02-04-1999'),
(1475, 22, 'E1175003', 'Bavithra.S', '15-07-2000'),
(1476, 22, 'E1175004', 'Bharathi.B', '05-08-1999'),
(1477, 22, 'E1175005', 'Bharathy.M', '08-04-1999'),
(1478, 22, 'E1175006', 'Deepika.E', '22-07-1999'),
(1479, 22, 'E1175007', 'Dharshan.P', '06-03-2000'),
(1480, 22, 'E1175009', 'Divya.T', '26-12-1999'),
(1481, 22, 'E1175010', 'Durga.R', '09-09-2000'),
(1482, 22, 'E1175011', 'Faizur Rahman.A', '02-10-2000'),
(1483, 22, 'E1175012', 'Gobinath.M', '28-04-2000'),
(1484, 22, 'E1175014', 'Ilakiya.B', '28-05-2000'),
(1485, 22, 'E1175015', 'Jaithoon Isma.U', '16-11-1999'),
(1486, 22, 'E1175016', 'Jefri Jerina.J', '*3$48*3@'),
(1487, 22, 'E1175017', 'Jesela.N', '01-08-2000'),
(1488, 22, 'E1175018', 'Jesima Barveen.S', '25-03-2000'),
(1489, 22, 'E1175019', 'Jeyaseeli.D', '09-11-1999'),
(1490, 22, 'E1175021', 'Jisnu. S', '06-04-2000'),
(1491, 22, 'E1175022', 'Kabilan.M', '25-12-1999'),
(1492, 22, 'E1175023', 'Karthikeyan. M', '23-12-1999'),
(1493, 22, 'E1175024', 'Keerthiga. M', '24-11-1999'),
(1494, 22, 'E1175025', 'Kousalya. J', '14-02-2000'),
(1495, 22, 'E1175026', 'Krishnaraj. G', '07-11-2000'),
(1496, 22, 'E1175027', 'Kumanan. A', '29-07-2000'),
(1497, 22, 'E1175028', 'Lakshmi Priya. A', '18-02-2000'),
(1498, 22, 'E1175029', 'Mareeswari. G', '15-09-1999'),
(1499, 22, 'E1175030', 'Mohammed Ajmal.S. S', '04-05-2000'),
(1500, 22, 'E1175031', 'Mohamed Azman.R. R', '09-02-1999'),
(1501, 22, 'E1175032', 'Mohamed Fazil.B. B', '18-04-2000'),
(1502, 22, 'E1175033', 'Mohamedriyaskhan.S. S', '25-12-2000'),
(1503, 22, 'E1175034', 'Mohamed Riyaz.A. A', '18-08-1999'),
(1504, 22, 'E1175035', 'Mohamed Zifri. S', '04-05-2000'),
(1505, 22, 'E1175036', 'Mohammad Bawaz. J', '22-10-1999'),
(1506, 22, 'E1175038', 'Murugalatha. P', '17-07-2000'),
(1507, 22, 'E1175039', 'Nandhini. B', '08-07-1998'),
(1508, 22, 'E1175040', 'Nandhini. J', '31-01-2000'),
(1509, 22, 'E1175041', 'Nasreen. R', '01-01-2000'),
(1510, 22, 'E1175042', 'Patricburuno. A', '27-03-2000'),
(1511, 22, 'E1175043', 'Prasanaeswar. M', '09-06-2000'),
(1512, 22, 'E1175044', 'Praveen. M', '31-12-1999'),
(1513, 22, 'E1175046', 'Raashith Ahamed. S', '04-12-1999'),
(1514, 22, 'E1175048', 'Ramkumar. C', '26-03-2000'),
(1515, 22, 'E1175049', 'Ramkumar. R', '15-06-1999'),
(1516, 22, 'E1175050', 'Ramya. M', '03-12-1999'),
(1517, 22, 'E1175051', 'Ramya. S', '23-10-1999'),
(1518, 22, 'E1175052', 'Ranjith. S', '13-07-1999'),
(1519, 22, 'E1175053', 'Rathinavel. P', '01-01-2000'),
(1520, 22, 'E1175054', 'Riyas Ahamed. A', '06-01-2000'),
(1521, 22, 'E1175055', 'Salman Baris. S', '11-08-1999'),
(1522, 22, 'E1175056', 'Samsath Begam. S', '27-09-1999'),
(1523, 22, 'E1175057', 'Saran. K', '01-08-2000'),
(1524, 22, 'E1175059', 'Sarthaj. S', '13-05-2000'),
(1525, 22, 'E1175060', 'Sasidharan. S', '25-10-1999'),
(1526, 22, 'E1175061', 'Selvakumar. S', '24-10-2000'),
(1527, 22, 'E1175062', 'Sheik Dawood. M', '03-06-2000'),
(1528, 22, 'E1175063', 'Sirajudeen. A', '11-05-1999'),
(1529, 22, 'E1175064', 'Sriramkumar. S', '23-12-1999'),
(1530, 22, 'E1175065', 'Steffi Monica. A', '17-09-1999'),
(1531, 22, 'E1175066', 'Sundharesan. R', '28-05-2000'),
(1532, 22, 'E1175067', 'Surya. M', '26-04-2000'),
(1533, 22, 'E1175068', 'Surya. S', '14-06-2000'),
(1534, 22, 'E1175069', 'Syed Khaja Hussain. S.A', '04-07-1999'),
(1535, 22, 'E1175070', 'Thoulathul Fahmeetha. F', '09-08-2000'),
(1536, 22, 'E1175071', 'Vasudevan. K', '18-01-2000'),
(1537, 22, 'E1175072', 'Venkatesh. M', '26-09-1999'),
(1538, 22, 'E1175073', 'Vignesh. G', '01-02-2000'),
(1539, 22, 'E1175074', 'Vijaya Kumar. J', '19-04-1999'),
(1540, 22, 'E1175075', 'Vishnu. V', '04-09-1999'),
(1541, 22, 'E1175077', 'Yogeshwar. S', '14-10-1999'),
(1542, 22, 'E2185079', 'Abdur Rahman. M', '09-09-1999'),
(1543, 22, 'E2185080', 'Bharathvaj. KS', '01-03-2000'),
(1544, 22, 'E2185081', 'Ganesh. R', '29-09-1996'),
(1545, 22, 'E2185082', 'Ismail. H', '18-06-1995'),
(1546, 22, 'E2185083', 'Matthew. A', '09-08-1998'),
(1547, 22, 'E2185084', 'Parthiban. S', '13-03-1998'),
(1548, 22, 'E2185085', 'Thatchayeni. P', '24-11-1997'),
(1549, 39, 'E1185001', 'Abdul Azees. R', '30-07-2000'),
(1550, 39, 'E1185002', 'Apsar. A', '23-06-2001'),
(1551, 39, 'E1185003', 'Ashok. A', '08-06-2001'),
(1552, 39, 'E1185004', 'Atchaya. A', '13-10-2001'),
(1553, 39, 'E1185005', 'Azhakesh Kumar. L', '07-10-2001'),
(1554, 39, 'E1185006', 'Bava Bakurudeen. S', '01-02-2001'),
(1555, 39, 'E1185007', 'Bharani Kumar. V', '12-07-2000'),
(1556, 39, 'E1185008', 'Devika. R', '26-02-2001'),
(1557, 39, 'E1185009', 'Dhanushkodi. M', '13-05-2001'),
(1558, 39, 'E1185010', 'Dhatshanamoorthy. V', '01-01-2001'),
(1559, 39, 'E1185011', 'Faisal Haq. S', '18-08-2000'),
(1560, 39, 'E1185012', 'Haja Mohideen. M', '12-10-2000'),
(1561, 39, 'E1185013', 'Hariharasudhan. N', '01-01-2001'),
(1562, 39, 'E1185014', 'Haris. V', '25-07-2001'),
(1563, 39, 'E1185015', 'Ishwarya. S', '16-03-2001'),
(1564, 39, 'E1185016', 'Jaffar Sadhiq. K', '05-10-2000'),
(1565, 39, 'E1185017', 'Jenifer. T', '10-01-2001'),
(1566, 39, 'E1185018', 'Kanimozhi. A', '01-01-2001'),
(1567, 39, 'E1185019', 'Karthickeyan. G', '04-04-2001'),
(1568, 39, 'E1185020', 'Madeshwaran. C', '28-06-2001'),
(1569, 39, 'E1185021', 'Manikandan. K', '17-01-2000'),
(1570, 39, 'E1185022', 'Mohamed Abdullah. M', '03-02-2000'),
(1571, 39, 'E1185023', 'Mohammed Ajiwath. N', '12-12-1999'),
(1572, 39, 'E1185024', 'Mohamed Fazil. Z', '13-04-2000'),
(1573, 39, 'E1185025', 'Mohamed Hanifa. K', '31-03-2001'),
(1574, 39, 'E1185026', 'Mohamedmusthafa. M', '10-01-2001'),
(1575, 39, 'E1185027', 'Mohamed Najumudeen. A', '01-02-2001'),
(1576, 39, 'E1185028', 'Mohamed Rafeeq. S', '20-04-2001'),
(1577, 39, 'E1185029', 'Mohamed Yahya. M', '10-01-2001'),
(1578, 39, 'E1185030', 'Nithya. S', '26-01-2001'),
(1579, 39, 'E1185031', 'Nivetha. R', '02-01-2001'),
(1580, 39, 'E1185032', 'Prasanth. K', '16-06-2000'),
(1581, 39, 'E1185033', 'Preethi. D', '29-12-2000'),
(1582, 38, 'E1184001', 'Abdul Hameed.A.H', '04-09-2000'),
(1583, 38, 'E1184002', 'Amirtha Varshini. M', '22-07-2000'),
(1584, 38, 'E1184003', 'Bharathi. M', '12-08-2000'),
(1585, 38, 'E1184004', 'Christina Jeny. S', '18-05-2001'),
(1586, 38, 'E1184005', 'Dhivya. R', '08-08-2001'),
(1587, 38, 'E1184006', 'Fazil Ahamed. M', '13-06-2001'),
(1588, 38, 'E1184007', 'Imman Josuva. E', '30-04-2001'),
(1589, 38, 'E1184008', 'Janani. R', '09-06-2001'),
(1590, 38, 'E1184009', 'Jeevabharathi. M', '16-12-2000'),
(1591, 38, 'E1184011', 'Kavimitha. S', '11-12-2000'),
(1592, 38, 'E1184012', 'Lalith. R', '01-11-2001'),
(1593, 38, 'E1184013', 'Manisha Christy. J', '10-09-2000'),
(1594, 38, 'E1184014', 'Manju. K', '15-08-2001'),
(1595, 38, 'E1184015', 'Mohamed Arshath Ibrahim. S', '04-07-2000'),
(1596, 38, 'E1184016', 'Mohamed Hisham. M', '17-02-2001'),
(1597, 38, 'E1184017', 'Mohamed Rifai. H', '10-11-2000'),
(1598, 38, 'E1184018', 'Mohamed Riyaz. A', '21-03-2001'),
(1599, 38, 'E1184019', 'Mohamed Suhail. MS', '23-01-2000'),
(1600, 38, 'E1184020', 'Neeraja. K', '15-03-2001'),
(1601, 38, 'E1184021', 'Prethiv Bharathi. C', '10-01-2001'),
(1602, 38, 'E1184022', 'Rajmohamed. A', '27-09-1999'),
(1603, 38, 'E1184023', 'Ramya. B', '04-08-2000'),
(1604, 38, 'E1184024', 'Riyaz Sait. A', '23-06-2001'),
(1605, 38, 'E1184025', 'Sagulhammed. D', '09-07-2001'),
(1606, 38, 'E1184026', 'Sathya. M', '05-06-2001'),
(1607, 38, 'E1184027', 'Sneha. P', '15-12-2000'),
(1608, 38, 'E1184028', 'Suruthi. B', '01-11-2000'),
(1609, 38, 'E1184029', 'Thamar Mohamed', '22-12-2000'),
(1610, 38, 'E1184030', 'Thasneem. ML', '21-08-2000'),
(1611, 38, 'E1184031', 'Vasimakaram. A', '26-01-2001'),
(1612, 38, 'E1184032', 'Vineeth Kumar. R', '19-09-1999'),
(1613, 38, 'E1184033', 'Vishnupriyan. R', '15-06-2001'),
(1614, 38, 'E1185046', 'Sudha. P', '06-09-2001'),
(1615, 38, 'E1185047', 'Suhayla. M', '26-11-2001'),
(1616, 38, 'E1185048', 'Thamarai Selvi. B', '02-01-2001'),
(1617, 38, 'E1185049', 'Tharun Prakash. L', '09-01-2002'),
(1618, 38, 'E1185050', 'Vaishnow. J', '21-07-2000'),
(1619, 38, 'E1185051', 'Vanmathi. K', '13-08-2000'),
(1620, 38, 'E1185052', 'Vignesh. V', '05-03-2001'),
(1621, 38, 'E1185053', 'Vinitha. S', '27-03-2001'),
(1622, 37, 'E1183001', 'Abdul Basith. B', '08-11-2000'),
(1623, 37, 'E1183002', 'Abdul  Rahim. J', '25-04-2001'),
(1624, 37, 'E1183003', 'Ahamed Basha. A', '03-08-2000'),
(1625, 37, 'E1183004', 'Ajay. P', '12-08-2001'),
(1626, 37, 'E1183005', 'Croose Divahar. S', '21-12-2000'),
(1627, 37, 'E1183006', 'Izaz Sarbudeen. M', '11-05-2001'),
(1628, 37, 'E1183007', 'Karthikeyan. P', '05-11-2000'),
(1629, 37, 'E1183008', 'Mahaveer. M', '14-02-2001'),
(1630, 37, 'E1183009', 'Mohamed Basil. S', '30-11-2000'),
(1631, 37, 'E1183010', 'Mohamed Fazil. N', '01-04-2000'),
(1632, 37, 'E1183011', 'Mohamed Mufaris. K', '09-11-2000'),
(1633, 37, 'E1183012', 'Mohamed Osama. M', '19-07-2001'),
(1634, 37, 'E1183013', 'Mohamed Thajmeel. Z', '10-07-2001'),
(1635, 37, 'E1183014', 'Mohamed Yasin. S', '04-05-2001'),
(1636, 37, 'E1183015', 'Nandhini. V', '28-06-2001'),
(1637, 37, 'E1183016', 'Nithese Kanna. A', '29-07-2001'),
(1638, 37, 'E1183017', 'Rubini. U', '13-02-2001'),
(1639, 37, 'E1183018', 'Siddiq Basha. M', '17-01-2001'),
(1640, 37, 'E1183019', 'Sirajideen. B', '03-04-2002'),
(1641, 37, 'E1183020', 'Sri Kumaran. K', '01-10-2001'),
(1642, 37, 'E1183021', 'Subarethinam. P', '03-12-2001'),
(1643, 37, 'E1183022', 'Thameena Begum. M', '12-01-2001'),
(1644, 37, 'E1183023', 'Thamizhvalavan. M', '26-12-2000'),
(1645, 37, 'E1183024', 'Veeramani. K', '17-11-2000'),
(1646, 37, 'E1185034', 'Prisila. J', '06-03-2001'),
(1647, 37, 'E1185035', 'Priyadharshini. G', '25-09-2001'),
(1648, 37, 'E1185036', 'Pushparani. S', '02-11-2000'),
(1649, 37, 'E1185037', 'Ramya. S', '12-12-2000'),
(1650, 37, 'E1185038', 'Ramya. SS', '23-08-2000'),
(1651, 37, 'E1185039', 'Roshan Shabiha. A', '11-09-2000'),
(1652, 37, 'E1185040', 'Sahana. T', '28-10-2000'),
(1653, 37, 'E1185041', 'Sana Zaffira', '18-05-2001'),
(1654, 37, 'E1185042', 'Selvaprabha. R', '05-09-2001'),
(1655, 37, 'E1185043', 'Sheik Jabeer. S', '05-03-2001'),
(1656, 37, 'E1185044', 'Shrimathi. K', '24-03-2001'),
(1657, 37, 'E1185045', 'Siva. B', '28-12-2000'),
(1658, 36, 'E1182001', 'Abdul Rahman. S', '17-09-2000'),
(1659, 36, 'E1182002', 'Adhilahamed. Y', '21-03-2001'),
(1660, 36, 'E1182003', 'Ahamed Rifa. A', '10-09-2000'),
(1661, 36, 'E1182004', 'Ajay Kishore. B', '01-01-2000'),
(1662, 36, 'E1182005', 'Ajay Prakash. B', '01-07-1997'),
(1663, 36, 'E1182006', 'Akash. J', '02-03-2001'),
(1664, 36, 'E1182007', 'Akash. S', '20-10-2000'),
(1665, 36, 'E1182008', 'Akash. T', '04-06-2000'),
(1666, 36, 'E1182009', 'Akhil Das', '13-09-1996'),
(1667, 36, 'E1182010', 'Ameerdeen. S', '17-10-2000'),
(1668, 36, 'E1182011', 'Arun. M', '22-06-2001'),
(1669, 36, 'E1182012', 'Arun. N', '16-10-2000'),
(1670, 36, 'E1182013', 'Arun Raj. S', '29-11-1999'),
(1671, 36, 'E1182014', 'Ashfaq Ahamed. M', '25-05-2001'),
(1672, 36, 'E1182015', 'Ashok. K', '18-08-2000'),
(1673, 36, 'E1182016', 'Azaraf Ali. A', '12-11-1998'),
(1674, 36, 'E1182017', 'Bava Bagurudeen. S', '16-12-2000'),
(1675, 36, 'E1182018', 'Bharathan. S', '18-02-2001'),
(1676, 36, 'E1182019', 'Dawood Sherif. M', '26-01-2000'),
(1677, 36, 'E1182020', 'Delsin Raj. A', '13-07-2000'),
(1678, 36, 'E1182021', 'Duraiprasath. K', '18-10-2001'),
(1679, 36, 'E1182022', 'Elavalagan. N', '03-07-2001'),
(1680, 36, 'E1182023', 'Fasith Ali. B', '26-05-1999'),
(1681, 36, 'E1182024', 'Fazil Ahamed. S', '23-04-2001'),
(1682, 36, 'E1182025', 'Guhan. J', '02-02-2001'),
(1683, 36, 'E1182026', 'Guhan. M', '01-04-2001'),
(1684, 36, 'E1182027', 'Gunalan. M', '01-07-2001'),
(1685, 36, 'E1182028', 'Halideen. B', '18-05-2001'),
(1686, 36, 'E1182029', 'Hariharan. K', '05-09-1999'),
(1687, 36, 'E1182030', 'Harinam. P', '23-06-2001'),
(1688, 36, 'E1182031', 'Imrankhan. A', '14-12-2000'),
(1689, 36, 'E1182032', 'Indhira Pandiyan. G', '03-10-2000'),
(1690, 36, 'E1182033', 'Livin Kumar. B', '22-11-1999'),
(1691, 36, 'E1182034', 'Manjeeth. M', '06-04-2000'),
(1692, 36, 'E1182035', 'Manoj Kumar. M', '17-12-2000'),
(1693, 36, 'E1182036', 'Mathavan. P', '02-05-2001'),
(1694, 36, 'E1182037', 'Meera Mohamed. A', '22-03-2001'),
(1695, 36, 'E1182038', 'Mohamed Absar. M', '04-06-2000'),
(1696, 36, 'E1182039', 'Mohamed Anas Aliyar Abdulla. A', '25-04-2000'),
(1697, 36, 'E1182040', 'Mohamed Ashik. S', '02-04-2001'),
(1698, 36, 'E1182041', 'Mohamed Azharudeen. S', '22-08-2000'),
(1699, 36, 'E1182042', 'Mohamed Idris. S', '08-04-2001'),
(1700, 36, 'E1182043', 'Mohamed Ismail. J', '18-09-2000'),
(1701, 36, 'E1182044', 'Mohamed Ismail. MH', '09-08-2000'),
(1702, 36, 'E1182045', 'Mohamed Jameel. R', '07-04-2001'),
(1703, 36, 'E1182046', 'Mohamed Risvan. N', '29-12-2000'),
(1704, 35, 'E1181001', 'Abdul Rahuman. B', '31-01-2001'),
(1705, 35, 'E1181002', 'Abuthalip. A', '26-10-2001'),
(1706, 35, 'E1181003', 'Jiyavudeen. S', '19-09-2000'),
(1707, 35, 'E1181004', 'Mahadheer Mohamed. I', '24-09-2000'),
(1708, 35, 'E1181005', 'Mohamed Aslam. S', '27-02-2001'),
(1709, 35, 'E1181006', 'Mohamed Halidh. MA', '13-03-2001'),
(1710, 35, 'E1181007', 'Mohamed Hisham. KH', '17-04-2000'),
(1711, 35, 'E1181008', 'Mohamed Ibrahim. A', '02-03-2001'),
(1712, 35, 'E1181009', 'Mohamed Ishak M. M', '19-09-2000'),
(1713, 35, 'E1181010', 'Mohamed Malik. J', '25-01-2001'),
(1714, 35, 'E1181011', 'Mohamed Natheem. M', '15-01-2001'),
(1715, 35, 'E1181012', 'Mohamed Rizwan. A', '20-11-2000'),
(1716, 35, 'E1181013', 'Pugalenthi. M', '11-02-2001'),
(1717, 35, 'E1181014', 'Riyas Ahmed. M', '17-06-2000'),
(1718, 35, 'E1181015', 'Siva. A', '30-05-2000'),
(1719, 35, 'E1181016', 'Subash. S', '30-07-2001'),
(1720, 35, 'E1181017', 'Ubayathulla. A', '23-11-1999'),
(1721, 35, 'E1181018', 'Vasim Ali Musthak. S', '07-10-2001'),
(1722, 35, 'E1181019', 'Venkateshwaran. G', '20-05-2001'),
(1723, 35, 'E1181020', 'Vignesh. M', '08-09-2000'),
(1724, 35, 'E1181021', 'Zakir Hussain. M', '19-04-2000'),
(1725, 35, 'E1182047', 'Mohamed Sharief. Z', '18-05-2001'),
(1726, 35, 'E1182048', 'Mohamed Sharuk. Z', '27-03-2001'),
(1727, 35, 'E1182049', 'Mohammed Thoufik. HM', '30-12-2000'),
(1728, 35, 'E1182050', 'Mufeeth Ahamed. M', '17-10-2000'),
(1729, 35, 'E1182051', 'Naina Mohamed. J', '04-06-2000'),
(1730, 35, 'E1182052', 'Nanthakumar. K', '30-10-2000'),
(1731, 35, 'E1182053', 'Naveen Kumar. M', '09-09-2000'),
(1732, 35, 'E1182054', 'Noor Ibrahim. J', '16-01-2001'),
(1733, 35, 'E1182055', 'Pravinraj. R', '18-02-2001'),
(1734, 35, 'E1182056', 'Rajadurai. V', '30-08-2001'),
(1735, 35, 'E1182057', 'Riyas Mohamed. S', '16-09-2000'),
(1736, 35, 'E1182058', 'Santhosh. E', '09-10-2000'),
(1737, 35, 'E1182059', 'Sathish. M', '22-08-2001'),
(1738, 35, 'E1182060', 'Sathish Kumar. J', '08-08-2001'),
(1739, 35, 'E1182061', 'Sethuraman. K', '13-09-2000'),
(1740, 35, 'E1182062', 'Shanavash. A', '22-03-2001'),
(1741, 35, 'E1182063', 'Shanawas. S', '02-11-1997'),
(1742, 35, 'E1182064', 'Sheik Abdullah. K', '21-05-2001'),
(1743, 35, 'E1182065', 'Sivaganesh. M', '11-09-2000'),
(1744, 35, 'E1182066', 'Tamil Pandiyan. P', '09-06-2001'),
(1745, 35, 'E1182067', 'Thanzeel Ali. H', '30-09-2000'),
(1746, 35, 'E1182068', 'Umar Batcha. S', '04-08-2001'),
(1747, 35, 'E1182069', 'Umar Faruk Hussain. J', '14-11-1999'),
(1748, 35, 'E1182070', 'Vasanthan. K', '03-09-2001'),
(1749, 35, 'E1182071', 'Vimalraj. R', '16-03-2001'),
(1750, 35, 'E1182072', 'Vincent Pudhumai Raj. C', '07-01-2001'),
(1751, 35, 'E1182073', 'Vishnu. R', '18-02-2001');

-- --------------------------------------------------------

--
-- Table structure for table `subjects`
--

CREATE TABLE `subjects` (
  `id` int(11) NOT NULL,
  `name` varchar(256) NOT NULL,
  `short` varchar(256) NOT NULL
) ENGINE=InnoDB DEFAULT CHARSET=latin1;

--
-- Dumping data for table `subjects`
--

INSERT INTO `subjects` (`id`, `name`, `short`) VALUES
(1, 'PROBABILITY AND QUEUING THEORY', 'PQT'),
(2, 'COMPUTER ARCHITECTURE', 'CA'),
(3, 'DATABASE MANAGEMENT SYSTEMS', 'DBMS'),
(4, 'DESIGN AND ANALYSIS OF ALGORITHMS', 'DAA'),
(5, 'OPERATING SYSTEMS', 'OS'),
(6, 'SOFTWARE ENGINEERING', 'SE'),
(7, 'ADVANCED READING AND WRITING', 'ARW LAB'),
(8, 'DATABASE MANAGEMENT SYSTEMS LAB', 'DBMS LAB'),
(9, 'OPERATING SYSTEMS LAB', 'OS LAB'),
(10, 'DISTRIBUTED SYSTEMS ', 'DS'),
(11, 'MOBILE COMPUTING', 'MC'),
(12, 'COMPILER DESIGN ', 'CD'),
(13, 'ARTIFICIAL INTELLIGENCE ', 'AI'),
(14, 'DATAWAREHOUSING AND MINING ', 'DWM'),
(15, 'DIGITAL SIGNAL PROCESSING', 'DSP'),
(16, 'MOBILE APPLICATION DEVELOPMENT LABORATORY ', 'MAD LAB'),
(17, 'COMPILER LABORATORY', 'CD LAD'),
(18, 'COMMUNICATION AND SOFT SKILLS LABORATORY ', 'CSS LAB'),
(19, 'MULITICORE ARCHITECTURE & PROGRAMMING', 'MAP'),
(20, 'HUMAN COMPUTER INTERACTION', 'HCI'),
(21, 'SOFTWARE PROJECT MANAGEMENT', 'SPM'),
(22, 'PROJECT WORK', 'PW'),
(23, 'PROJECT PHASE-II', 'PP-II'),
(24, 'SECURITY PRACTICES', 'SP'),
(25, 'INTERNET OF THINGS', 'IOT'),
(26, 'BIG DATA ANALYTICS', 'BDA'),
(27, 'NETWORK DESIGN AND TECHNOLOGIES', 'NDT'),
(28, 'IMAGE PROCESSING AND ANALYSIS', 'IPA'),
(29, 'MOBILE AND PERVASIVE COMPUTING', 'MPC'),
(30, 'DATA ANALYTICS LAB', 'DA LAB'),
(31, 'TERM PAPER WRITNG & SEMINAR', 'TPWS'),
(32, 'PRINCIPLE OF MANAGEMENT', 'POM'),
(33, 'REPAIR AND REHABILITATION OF STRUCTURES', 'RRS'),
(34, 'PREFABRICATION STRUCTURES', 'PS'),
(35, 'DESIGN OF REINFORCED CONCRETE AND BRICK MASONRY STRUCUTRES', 'DRCBM'),
(36, 'STRUCUTRAL ANALYSIS II', 'SA-II'),
(37, 'DESIGN OF STEEL STRUCTURES', 'DSS'),
(38, 'RAILWAYS AIRPORTS AND HARBOURS', 'RAH'),
(39, 'ENVIRONMENTAL ENGINEERING II', 'EE-II'),
(40, 'CONCRETE TECHNOLOGY', 'CT'),
(41, 'CONCRETE AND HIGHWAY ENGINEERING LAB', 'C&H LAB'),
(42, 'ENVIRONMENTAL ENGINEERING LAB', 'EE-II LAB'),
(43, 'NUMERICAL METHODS ', 'NM'),
(44, 'CONSTRUCTION TECHNIQUES EQUIPMENT  AND PRACTICES ', 'CTEP'),
(45, 'STRENGTH OF MATERIALS II', 'SOMT-II'),
(46, 'APPLIED HYDRAULICS  ENGINEERING', 'AHE'),
(47, 'CONCRETE TECHNOLOGY ', 'CT'),
(48, 'SOIL MECHANICS', 'SM'),
(49, 'STRENGTH OF MATERIALS LAB', 'SM LAB'),
(50, 'HYDRAULICS  ENGINEERING LAB', 'HE LAB'),
(51, 'ADVANCED  STEEL STRUCTURES', 'ADSS'),
(52, 'STABILITY OF STRUCTURES', 'SOS'),
(53, 'EXPERIMENTAL TECHNIQUES', 'ET'),
(54, 'FINITE  ELEMENT ANALYSIS OF STRUCTURE', 'FEM'),
(55, 'INDUSTRIAL STRUCUTURES', 'IS'),
(56, 'PRESTRESSED CONCRETE', 'PSC'),
(57, 'ADVANCED STRUCTURAL ENGINEERING LABORATORY', 'AST'),
(59, 'ELECTRICAL MACHINES  II', 'EM-II'),
(60, 'TRANSMISSION AND DISTRIBUTION', 'TD'),
(61, 'MEASUREMENTS AND  INSTRUMENTATION', 'M&I'),
(62, 'LINEAR INTEGRATED CIRCUITS AND APPLICATIONS', 'LICA'),
(63, 'CONTROL SYSTEMS', 'CS'),
(64, 'ELECTRICAL MACHINES LABORATORY - II', 'EM-II LAB'),
(65, 'LINEAR AND DIGITAL INTEGRATED CIRCUITS LABORATORY', 'LDIC LAB'),
(66, 'TECHNICAL SEMINAR', 'TS'),
(67, 'COMMUNICATION ENGINEERING ', 'CE'),
(68, 'SOLID STATE DRIVES ', 'SSD'),
(69, 'EMBEDDED SYSTEMS ', 'ES'),
(70, 'POWER SYSTEM OPERATION AND CONTROL', 'PSOC'),
(71, 'DESIGN OF ELECTRICAL MACHINES ', 'DEM'),
(72, 'POWER SYSTEM TRANSIENTS', 'PST'),
(73, 'POWER ELECTRONICS AND DRIVES LABORATORY ', 'PED LAB'),
(74, 'MICROPROCESSOR AND MICRO CONTROLLER LABORATORY ', 'MPMC LAB'),
(75, 'PRESENTATION SKILLS AND TECHNICAL SEMINAR', 'PS&TS'),
(76, 'ELECTRIC ENERGY GENERATION, UTILIZATION', 'EEGU'),
(77, 'POWER ELECTRONICS FOR RENEWABLE ENERGY SYSTEM', 'PERES'),
(78, 'PROFESSIONAL ETHICS IN ENGINEERING', 'PEE'),
(79, 'ANALYSIS AND DESIGN OF INVERTERS', 'ADI'),
(81, 'SPECIAL ELECTRICAL MACHINES', 'SEM'),
(82, 'POWER QUALITY', 'PQ'),
(83, 'FLEXIBLE AC TRANSMISSION SYSTEMS', 'FACTS'),
(84, 'DISTRIBUTED GENERATION AND MICROGRID', 'DGM'),
(85, 'ELECTRICAL DRIVES LABORATORY', 'ED LAB'),
(86, 'PROBABILITY AND RANDOM PROCESSES', 'PRP'),
(87, 'ELECTRONIC CIRCUITS II', 'EC-II'),
(88, 'COMMUNICATION THEORY', 'CT'),
(89, 'ELECTROMAGNETIC FIELDS', 'EMF'),
(90, 'LINEAR INTEGRATED CIRCUITS', 'LIC'),
(91, 'ENVIRONMENTAL SCIENCE AND ENGINEERING', 'EVS'),
(92, 'CIRCUIT AND SIMULATION INTEGRATED LABORATORY', 'C&SI LAB'),
(93, 'LINEAR INTEGRATED CIRCUIT LABORATORY', 'LIC LAB'),
(95, 'COMPUTER NETWORKS', 'CN'),
(96, 'VLSI DESIGN', 'VSLI'),
(97, 'ANTENNA AND WAVE PROPAGATION', 'AWP'),
(98, 'MEDICAL ELECTRONICS', 'ME'),
(99, 'COMPUTER NETWORKS LABORATORY', 'CN LAB'),
(100, 'VLSI DESIGN LABORATORY', 'VLSI LAB'),
(101, 'WIRELESS COMMUNICATION ', 'WC'),
(102, 'WIRELESS NETWORKS ', 'WN'),
(103, 'AD HOC SENSORS NETWORKS ', 'ASN'),
(104, 'TOTAL QUALITY MANAGEMENT ', 'TQM'),
(105, 'TESTING OF VLSI CIRCUITS  ', 'TVC'),
(106, 'VLSI SIGNAL PROCESSING ', 'VSP'),
(107, 'LOW POWER VLSI DESIGN ', 'LPV'),
(108, 'DEVICE MODELING - I ', 'DM-I'),
(109, 'SIGNAL INTEGRITY FOR HIGH SPEED DESIGN ', 'SI'),
(110, ' EMBEDDED SYSTEM DESIGN ', 'EMB'),
(111, ' VLSI DESIGN LABORATORY II ', 'VLSI-II LA'),
(112, 'STATISTICS AND NUMERICAL METHODS ', 'SNM'),
(113, 'KINEMATICS OF MACHINERY ', 'KOM'),
(114, 'MANUFACTURING TECHNOLOGY-2 ', 'MFT-2'),
(115, 'ENGINEERING METALLURGY ', 'EMG'),
(116, 'STRENGTH OF MATERIALS FOR MECHANICAL ENGINEERS ', 'SOM'),
(117, 'THERMAL ENGINEERING I ', 'TE-I'),
(118, 'MANUFACTURING TECHNOLOGY LABORATORY-2 ', 'MFT LAB'),
(119, 'STRENGTH OF MATERIALS AND FLUID MECHANICS AND MACHINERY LABORATORY ', 'SM&FM'),
(120, 'DESIGN OF TRANSMISSION SYSTEMS', 'DTS'),
(121, 'AUTOMOBILE ENGINEERING ', 'AE'),
(122, 'FINITE ELEMENT ANALYSIS ', 'FEA'),
(123, 'GAS DYNAMICS AND JET PROPULSION', 'GDJP'),
(124, 'UN CONVENTIONAL MACHINING PROCESS ', 'UCM'),
(125, 'CAD CAM LABORATORY ', 'CAD CAM LA'),
(126, 'DESIGN & FABRICATION PROJECT ', 'DFP'),
(128, 'ENGINEERING ECONOMICS ', 'EE'),
(129, 'PRODUCTION PLANNING AND CONTROL ', 'PPC'),
(130, 'ADVANCED IC ENGINES ', 'AICE'),
(131, 'OPTIMIZATION TECHNIQUES IN MANUFACTURING ', 'OPT'),
(132, 'ADVANCES IN METROLOGY AND INSPECTION', 'AMI'),
(133, 'THEORY OF METAL FORMING ', 'TMF'),
(134, 'TOOLING FOR MANUFACTURING', 'TFM'),
(135, 'NON DESTRUCTIVE TESTING & EVALUATION ', 'NDT'),
(136, 'LEAN MANUFACTURING ', 'LEAN'),
(137, 'AUTOMATION AND METAL FORMING LABORATORY ', 'AMF LAB'),
(139, '.NET TECHNOLOGIES', '.NET'),
(140, 'ACCOUNTING & FINANCIAL MANAGEMENT', 'AC'),
(141, 'ACCOUNTING FOR MANAGEMENT', 'AM'),
(142, 'ADVANCED COMPUTER ARCHITECTURE', 'ACA'),
(143, 'ADVANCED CONCRETE STRUCTURES', 'ACS'),
(144, 'ADVANCED CONCRETE TECHNOLOGY', 'ACT'),
(145, 'ADVANCED DATA STRUCTURES & ALGORITHMS', 'ADSA'),
(146, 'ADVANCED DATABASE', 'ADB'),
(147, 'ADVANCED DIGITAL SIGNAL PROCESSING', 'ADSP'),
(148, 'ADVANCED DIGITAL SYSTEM DESIGN', 'ADSD'),
(149, 'ADVANCED IN MANUFACTURING TECHNOLOGY', 'AIMT'),
(150, 'ADVANCED MANUFACTURING PROCESS', 'AMP'),
(151, 'ADVANCED MATERIAL TECHNOLOGY', 'AMT'),
(152, 'ADVANCED MATHEMATICAL METHODS', 'AMM'),
(153, 'ADVANCED MICROPROCESSORS & MICROCONTROLLERS DESIGN', 'AMMD'),
(154, 'ADVANCED OPERATING SYSTEMS', 'AOS'),
(155, 'ADVANCED POWER SEMICONDUCTOR DEVICES', 'APSD'),
(156, 'ADVANCED RADIATION SYSTEMS', 'ARD'),
(157, 'ADVANCED SOFTWARE ENGINEERING', 'ASE'),
(158, 'ADVANCES IN CASTING & WELDING', 'ACW'),
(159, 'ADVERTISING & SALES PROMOTION', 'ASP'),
(160, 'AIR POLLUTION MANAGEMENT', 'APM'),
(161, 'AIRPORTS & HARBOURS', 'AH'),
(162, 'ANALOG & DIGITAL COMMUNICATION', 'ADC'),
(163, 'ANALOG IC DESIGN', 'AICD'),
(164, 'ANALOG TO DIGITAL INTERFACE', 'ADIS'),
(165, 'ANALOG VLSI DESIGN', 'AVLSI'),
(166, 'ANALYSIS & DESIGN OF ANALOG INTEGRATED CIRCUITS', 'ADAIC'),
(167, 'ANALYSIS & DESIGN OF POWER CONVERTERS', 'ADPC'),
(168, 'ANALYSIS OF ELECTRICAL MACHINES', 'AEM'),
(169, 'ANALYSIS OF INVERTERS', 'AOI'),
(170, 'ANALYSIS OF POWER CONVERTERS', 'APC'),
(171, 'APPLIED GEOLOGY', 'AG'),
(172, 'APPLIED HYDRAULICS & PNEUMATICS', 'AHP'),
(173, 'APPLIED MATHEMATICS', 'AMAT'),
(174, 'APPLIED MATHEMATICS FOR ELECTRICAL ENGINEERING', 'AMFEE'),
(175, 'APPLIED MATHEMATICS FOR ELECTRONICS ENGINEERS', 'AMEE'),
(176, 'APPLIED MATHEMATICS FOR EMBEDDED SYSTEM', 'AMES'),
(177, 'APPLIED OPERATION RESEARCH FOR MANAGEMENT', 'ORM'),
(178, 'APPLIED PROBABILITY & STATISTICS', 'APS'),
(179, 'ARCHITECTURE', 'ARCH'),
(180, 'AUTOMATED COMPUTER INTEGRATED MANUFACTURING SYSTEMS', 'ACIMS'),
(181, 'BANKING FINANCIAL SERVICES MANAGEMENT', 'BFSM'),
(182, 'BASIC CIVIL & MECHANICAL ENGINEERING', 'BCM'),
(183, 'BASIC CIVIL & MECHANICAL ENGINEERING/ELECTRONIC DEVICES', 'BCM/ED'),
(184, 'BASIC ELECTRICAL & ELECTRONIC ENGINEERING', 'BEEE'),
(185, 'BASIC ELECTRICAL & INSTRUMENTATION ENGINEERING', 'BEIE'),
(186, 'BASIC ELECTRICAL ELECTRONICS & INSTRUMENTATION ENGINEERING', 'BEEI'),
(187, 'BASIC ELECTRICAL ELECTRONICS & MEASURMENT ENGINEERING', 'BEEME'),
(188, 'BASICS OF DYNAMICS & ASEISMIC DESIGN', 'BDAD'),
(189, 'BIOMEDICAL INSTRUMENTATION', 'BMI'),
(190, 'BRAND MANAGEMENT', 'BRM'),
(191, 'BUILDING TECHNOLOGY', 'BT'),
(192, 'BUSINESS ECONOMICS', 'BE'),
(193, 'BUSINESS ETHICS CORPORATE SOCIAL RESPONSIBILITTY & GOVERNACE', 'BECSR'),
(194, 'BUSINESS RESEARCH METHODS', 'BRM'),
(195, 'C# & .NET', 'C#'),
(196, 'CAD OF VLSI CIRCUITS', 'CVLSI'),
(197, 'CIRCUIT ANALYSIS', 'CAS'),
(198, 'CIRCUIT THEORY', 'CT'),
(199, 'CLOUD COMPUTING', 'CC'),
(200, 'CMOS DIGITAL VLSI DESIGN', 'CDVLSI'),
(201, 'COMMUNICATIVE ENGLISH', 'COME'),
(202, 'COMPONENT BASED TECHNOLOGY', 'CBT'),
(203, 'COMPUTER AIDED DESIGN', 'CAD'),
(204, 'COMPUTER AIDED PRODUCT DESIGN', 'CAPD'),
(205, 'COMPUTER GRAPHICS', 'CG'),
(206, 'COMPUTER INTEGRATED MANUFACTURING', 'CIM'),
(207, 'COMPUTER INTEGRATED MANUFACTURING SYSTEMS', 'CIMS'),
(208, 'COMPUTER ORGANIZATION & ARCHITECTURE', 'COA'),
(209, 'COMPUTER PROGRAMMING', 'CP'),
(210, 'CONCRETE STRUCTURES', 'CONC'),
(211, 'CONSTRUCTION PLANNING & SCHEDULING', 'CPS'),
(212, 'CONSTRUCTION PROJECT MANAGEMENT', 'CPM'),
(213, 'CONSTRUTCTION MATERIALS', 'CM'),
(214, 'CONSUMER BEHAVIOUR', 'CB'),
(215, 'CONTROL SYSTEM DESIGN FOR POWER ELECTRONICS', 'CSDPE'),
(216, 'CONTROL SYSTEM ENGINEERING', 'CS'),
(217, 'CRYPTOGRAPHY & NETWORK SECURITY', 'CNS'),
(218, 'CYBER FORENSICS', 'CF'),
(219, 'DATA MINING & WAREHOUSING', 'DMW'),
(220, 'DATA MINING TECHNIQUES', 'DMT'),
(221, 'DATA STRUCTURES', 'DS'),
(222, 'DATA STRUCTURES & ALGORITHMS', 'DS&A'),
(223, 'DATA STRUCTURES & OBJECT ORIENTED PROGRAMMING IN C++', 'DSOOP'),
(224, 'DATABASE TECHNOLOGY', 'DBT'),
(225, 'DESIGN & MANAGEMENT OF COMPUTER NETWORKS', 'DMCN'),
(226, 'DESIGN OF BRIDGES', 'DB'),
(227, 'DESIGN OF JIGS, FIXTURES & PRESS TOOLS', 'DJF'),
(228, 'DESIGN OF MACHINE ELEMENTS', 'DME'),
(229, 'DESIGN OF REINFORCED CONCRETE ELEMENTS', 'DRCE'),
(230, 'DESIGN OF STEEL CONCRETE COMPOSITE STRUCTURES', 'DSCS'),
(231, 'DESIGN OF SUB STRUCTURES', 'SUBST'),
(232, 'DESIGN OF TALL BUILDINGS', 'DTB'),
(233, 'DIGITAL COMMUNICATION', 'DCM'),
(234, 'DIGITAL COMMUNICATION TECHNIQUES', 'DCT'),
(235, 'DIGITAL ELECTRONICS', 'DE'),
(236, 'DIGITAL IMAGE PROCESSING', 'DIP'),
(237, 'DIGITAL LOGIC CIRCUITS', 'DLC'),
(238, 'DIGITAL PRINCIPLES & SYSTEM DESIGN', 'DPSD'),
(239, 'DIGITAL SIGNAL PROCESSING & INTEGRATED CIRCUITS', 'DSPIC'),
(240, 'DISCRETE MATHEMATICS', 'DM'),
(241, 'DISCRETE TIME SYSTEMS & SIGNAL PROCESSING', 'DTSSP'),
(242, 'DSP INTEGRATED CIRCUITS', 'DSPIC'),
(243, 'DYNAMICS OF MACHINES', 'DOFM'),
(244, 'DYNAMICS OF STRUCTURES', 'DOST'),
(245, 'EARTHQUAKE ANALYSIS & DESIGN OF STRUCTURES', 'EQS'),
(246, 'ECONOMIC ANALYSIS FOR BUSINESS', 'ECO'),
(247, 'ELECTRIC CIRCUITS & ELECTRONIC DEVICES', 'ECED'),
(248, 'ELECTRICAL DRIVES & CONTROL', 'ED&C'),
(249, 'ELECTRICAL ENGINEERING', 'EEG'),
(250, 'ELECTRICAL ENGINEERING & INSTRUMENTATION', 'EEI'),
(251, 'ELECTRICAL MACHINES-1', 'EM-1'),
(252, 'ELECTRICAL MAHINES DESIGN', 'EMD'),
(253, 'ELECTROMAGNETIC FIELD COMPUTATION & MODELLING', 'EFCM'),
(254, 'ELECTROMAGNETIC THEORY', 'EMT'),
(255, 'ELECTRONIC CIRCUITS', 'EC'),
(256, 'ELECTRONIC CIRCUITS-1', 'EC-1'),
(257, 'ELECTRONIC COMMERCE', 'ECOM'),
(258, 'ELECTRONIC DEVICES', 'ED'),
(259, 'ELECTRONIC DEVICES & CIRCUITS', 'EDC'),
(260, 'ELECTRONICS & MICROPROCESSORS', 'EMP'),
(261, 'ELEECTRONIC SYSTEM DESIGN', 'ESD'),
(262, 'EMBEDDED & REAL TIME SYSTEMS', 'EMB'),
(263, 'ENERGY MANAGEMENT & ENERGY AUDIT', 'EMEA'),
(264, 'ENGINEERING CHEMISTRY', 'ECHE'),
(265, 'ENGINEERING CHEMISTRY-1', 'CH-1'),
(266, 'ENGINEERING CHEMISTRY-2', 'CH-2'),
(267, 'ENGINEERING ECONOMICS & COST ANALYSIS', 'EECA'),
(268, 'ENGINEERING ECONOMICS & FINANCIAL ACCOUNTING', 'EEFA'),
(269, 'ENGINEERING GEOLOGY', 'EGE'),
(270, 'ENGINEERING GRAPHICS', 'EG'),
(271, 'ENGINEERING MATERIALS & METALLURGY', 'EM&M'),
(272, 'ENGINEERING MATHEMATICS -1', 'EMAT-1'),
(273, 'ENGINEERING MATHEMATICS -2', 'EMAT-2'),
(274, 'ENGINEERING MECHANICS', 'EM'),
(275, 'ENGINEERING METROLOGY & MEASUREMENTS', 'EMM'),
(276, 'ENGINEERING PHYSICS', 'EPHY'),
(277, 'ENGINEERING PHYSICS-1', 'PH-1'),
(278, 'ENGINEERING PHYSICS-2', 'PH-2'),
(279, 'ENGINEERING THERMODYNAMICS', 'ETD'),
(280, 'ENTERPRISE APPLICATION INTEGRATION', 'EAI'),
(281, 'ENTERPRISE RESOURCE PLANNING', 'ERP'),
(282, 'ENTREPRENEURSHIP DEVELOPMENT', 'EDP'),
(283, 'ENVIRONMENTAL ENGINEERING', 'ENV'),
(284, 'ESTIMATION & QUANTITY SURVEYING', 'EST'),
(285, 'EXIM MANAGEMENT', 'EXIM'),
(286, 'EXPERIMENTAL TECHNIQUES & INSTRUMENTATION', 'ETI'),
(287, 'FINANCIAL MANAGEMENT', 'FM'),
(288, 'FLUID MECHANICS', 'FMS'),
(289, 'FLUID MECHANICS & MACHINERY', 'FM'),
(290, 'FOUNDATION ENGINEERING', 'FE'),
(291, 'FUNDAMENTAL OF DATA STRUCTURE IN C', 'FDSC'),
(292, 'FUNDAMENTALS OF COMPUTING & PROGRAMMING', 'FOC'),
(293, 'FUNDAMENTALS OF NANOSCIENCE', 'FONS'),
(294, 'FUNDAMENTALS OF PERVASIVE COMPUTING', 'FPC'),
(295, 'FUNDAMENTALS OF REMOTE SENSING & GIS', 'RSGIS'),
(296, 'FUNDAMENTALS OF SHIPPING', 'FOS'),
(297, 'GRAPH THEORY & APPLICATIONS', 'GTA'),
(298, 'GRAPHICS & MULTIMEDIA', 'G&M'),
(299, 'GRID & CLOUD COMPUTING', 'GCC'),
(300, 'GRID COMPUTING', 'GC'),
(301, 'HEAT & MASS TRANSFER', 'HMT'),
(302, 'HIGH PERFORMANCE COMMUNICATION NETWORKS', 'HPCN'),
(303, 'HIGH SPEED NETWORKS', 'HSN'),
(304, 'HIGH VOLTAGE DIRECT CURRENT TRANSMISSION', 'HVDCT'),
(305, 'HIGH VOLTAGE ENGINEERING', 'HV'),
(306, 'HIGHWAY ENGINEERING', 'HE'),
(307, 'HOUSING PLANNING & MANAGEMENT', 'HPM'),
(308, 'HUMAN RESOURCE MANAGEMENT', 'HRM'),
(309, 'HYDROLOGY', 'HYD'),
(310, 'INDUSTRIAL ERGONOMICS', 'IEG'),
(311, 'INDUSTRIAL RELATIONS & LABOUR WELFARE', 'IRLW'),
(312, 'INDUSTRIAL WASTE MANAGEMENT', 'IWM'),
(313, 'INFORMATION CODING TECHNIQUES', 'ICT'),
(314, 'INFORMATION MANAGEMENT', 'IM'),
(315, 'INFORMATION SECURITY', 'IS'),
(316, 'INFORMATION STORAGE MANAGEMENT', 'ISMGT'),
(317, 'INFORMATION THOERY & CODING', 'ITC'),
(318, 'INTERNATIONAL BUSINESS MANAGEMENT', 'IBM'),
(319, 'INTERNATIONAL TRADE FINANACE', 'ITF'),
(320, 'INTERNET COMPUTING', 'IC'),
(321, 'INTERNET PROGRAMMING', 'IP'),
(322, 'IP BASED VLSI DESIGN', 'IPBVD'),
(323, 'IRRIGATION ENGINEERING', 'IE'),
(324, 'JAVA PROGRAMMING', 'JP'),
(325, 'JAVA TECHNOLOGIES', 'JAVA'),
(326, 'LEAN SIX SIGMA', 'LSS'),
(327, 'LEGAL ASPECTS OF BUSINESS', 'BL'),
(328, 'LINEAR ALGEBRA & PARTIAL DIFFERENTIAL EQUATION', 'LAPDE'),
(329, 'LOGISTICS & SUPPLY CHAIN MANAGEMENT', 'LSCM'),
(330, 'MACHINE LEARNING TECHNIQUES', 'MLT'),
(331, 'MAINTENANCE & REHABILITATION OF STRUCTURES', 'MRS'),
(332, 'MAINTENANCE ENGINEERING', 'ME'),
(333, 'MANAGEMENT INFORMATION SYSTEM', 'MIS'),
(334, 'MANAGERIAL BEHAVIOUR & EFFCTIVENESS', 'MBE'),
(335, 'MANAGING BIGDATA', 'MB'),
(336, 'MANUFACTURING MANAGEMENT', 'MMG'),
(337, 'MANUFACTURING METROLOGY & QUALITY ENGINEERING', 'MMQ'),
(338, 'MANUFACTURING TECHNOLOGY-1', 'MFT-1'),
(339, 'MARKETING MANAGEMENT', 'MM'),
(340, 'MATERIALS SCIENCE', 'MS'),
(341, 'MATERIALS TESTING & CHARACTERIZATION TECHNIQUES', 'MT&CT'),
(342, 'MATHEMATICAL FOUNDATION OF COMPUTER SCIENCE', 'MFC'),
(343, 'MATHEMATICS-1', 'MAT-1'),
(344, 'MATHEMATICS-2', 'MAT-2'),
(345, 'MATRIAL TESTING & CHARACTERIZATION TECHNIQUES', 'MT & CT'),
(346, 'MECHANICS OF COMPOSITE MATERIALS', 'MCM'),
(347, 'MECHANICS OF FLUIDS', 'MF'),
(348, 'MECHANICS OF SOLIDS', 'MS'),
(349, 'MECHATRONICS', 'MECH'),
(350, 'MEMS & NANO TECHNOLOGY', 'MEMS'),
(351, 'MEMS & NEMS', 'NEMS'),
(352, 'MERCHANT BANKING & FINANCIAL SERVICES', 'MBFS'),
(353, 'METAL CUTTING THEORY & PRACTICE', 'MCTP'),
(354, 'METROLOGY & MEASUREMENTS', 'M&M'),
(355, 'MICRO FINANCE', 'MFIN'),
(356, 'MICRO MANUFACTURING', 'MM'),
(357, 'MICROCONTROLLER BASED SYSTEM DESIGN', 'MBD'),
(358, 'MICROCONTROLLER SYSTEM DESIGN & APPLICATIONS', 'MSDA'),
(359, 'MICROPROCESSOR & ITS APPLICATIONS', 'MPA'),
(360, 'MICROPROCESSORS & MICROCONTROLLER', 'MPMC'),
(361, 'MICROWAVE ENGINEERING', 'MWE'),
(362, 'MICROWAVE INTEGRATED CIRCUITS', 'MIC'),
(363, 'MIDDLEWARE TECHNOLOGY', 'MT'),
(364, 'MOBILE & WIRELESS COMMUNICATION', 'MWC'),
(365, 'MOBILE ADHOC NETWORKS', 'MAN'),
(366, 'MOBILE COMMUNICATION', 'MOC'),
(367, 'MOBILE COMMUNICATION NETWORKS', 'MCN'),
(368, 'MODERN CONTROL SYSTEMS', 'MCS'),
(369, 'MODERN DIGITAL COMMUNICATION TECHNIQUES', 'MDCT'),
(370, 'MULTICORE ARCHITECTURES', 'MA'),
(371, 'MULTIMEDIA COMPRESSION TECHNIQUES', 'MCT'),
(372, 'MUNICIPAL SOLID WASTE MANAGEMENT', 'MSW'),
(373, 'MUTUALFUND ANALYSIS', 'MFA'),
(374, 'NETWORK & INFORMATION SECURITY', 'NIS'),
(375, 'NETWORK PROGRAMMING & MANAGEMENT', 'NPM'),
(376, 'NETWORK PROTOCOLS', 'NWP'),
(377, 'NETWORK ROUTING ALGORITHMS', 'NRA'),
(378, 'NETWORK SECURITY', 'NWS'),
(379, 'NON-DESTRUCTIVE EVALUATION', 'NDE'),
(380, 'NON-DESTRUCTIVE TESTING', 'NDT'),
(381, 'NUMERICAL METHODS & GRAPH THEORY', 'NMGT'),
(382, 'NUMERICAL METHODS / UNIX INTERNALS', 'NM/UI'),
(383, 'OBJECT ORIENTED ANALYSIS & DESIGN', 'OOAD'),
(384, 'OBJECT ORIENTED PROGRAMMING', 'OOPS'),
(385, 'OBJECT ORIENTED PROGRAMMING & DATA STRUCTURES', 'OOPS&DS'),
(386, 'OBJECT ORIENTED SOFTWARE ENGINEERING', 'OOSE'),
(387, 'OBJECT ORIENTED SYSTEM DESIGN', 'OOSD'),
(388, 'OPERATING SYSTEMS INTERNAL', 'OSI'),
(389, 'OPERATIONS MANAGEMENT', 'OM'),
(390, 'OPERATIONS RESEARCH', 'OR'),
(391, 'OPTICAL COMMUNICATION NETWORKS', 'OCN'),
(392, 'OPTOELECTRONIC DEVICES', 'OED'),
(393, 'ORGANIZATIONAL BEHAVIOR', 'OB'),
(394, 'PHYSICS FOR CIVIL ENGINEERING', 'PCE'),
(395, 'PHYSICS FOR ELECTRONICS ENGINEERING', 'PYEE'),
(396, 'PHYSICS FOR INFORMATION SCIENCE', 'PYIS'),
(397, 'PORT & TERMINAL MANAGEMENT', 'PTM'),
(398, 'POWER ELECTRONICS', 'PE'),
(399, 'POWER PLANT ENGINEERING', 'PPE'),
(400, 'POWER SEMI CONDUTOR DEVICES', 'PSD'),
(401, 'POWER SYSTEM ANALYSIS', 'PSA'),
(402, 'POWER SYSTEM PROTECTION & SWITCHGEAR', 'PSPS'),
(403, 'PRE STRESSED CONCRETE STRUCTURES', 'PCS'),
(404, 'PRICIPLES OF DIGITAL SIGNAL PROCESSING', 'PDSP'),
(405, 'PRINCIPLES OF COMMUNICATION', 'POC'),
(406, 'PRINCIPLES OF COMPILER DESIGN', 'PCD'),
(407, 'PRINCIPLES OF PROGRAMMING LANGUAGE', 'PPL'),
(408, 'PROBLEM SOLVING & PYTHON PROGRAMMING', 'PSPP'),
(409, 'PROCESS & DEVICE SIMULATION', 'PDS'),
(410, 'PROCESS PLANNING & COST ESTIMATION', 'PPCE'),
(411, 'PROFESSIONAL ETHICS & HUMAN VALUES', 'ETH'),
(412, 'PROGRAMMING & DATA STRUCTURES-1', 'PDS-1'),
(413, 'PROGRAMMING & DATA STRUCTURES-2', 'PDS-2'),
(414, 'PROGRAMMING IN C', 'PRC'),
(415, 'PROGRAMMING PARADIGM', 'PP'),
(416, 'PROJECT MANAGEMENT', 'PM'),
(417, 'PROTECTION & SWITCHGEAR', 'PS'),
(418, 'QUALITY & RELIABILITY ENGINEERING', 'QRE'),
(419, 'RAILWAY ENGINEERING', 'RE'),
(420, 'REAL TIME EMBEDDED SYSTEMS', 'RTES'),
(421, 'REAL TIME SYSTEMS', 'RTS'),
(422, 'REMOTE SENSING TECHNIQUES & GIS', 'RS&GIS'),
(423, 'RENEWABLE ENERGY SOURCES', 'RES'),
(424, 'RESEARCH METHODOLOGY', 'RM'),
(425, 'RESOURCE MANAGEMENT TECHNIQUES', 'RMT'),
(426, 'RETAIL MANAGEMENT', 'RTM'),
(427, 'RF & MICROWAVE ENGINEERING', 'RFME'),
(428, 'ROBOT DESIGN & PROGRAMMING', 'RDP'),
(429, 'ROBOTICS', 'ROB'),
(430, 'SATELLITE COMMUNICATION', 'SC'),
(431, 'SECURITY ANALYSIS & PORTFOLIO MANAGEMENT', 'SAPM'),
(432, 'SECURITY SOLUTIONS IN VLSI', 'SSVLSI'),
(433, 'SELECTED TOPIC IN ASIC DESIGN', 'ASIC'),
(434, 'SEMINAR THEORY', 'SEM'),
(435, 'SERVICE ORIENTED ARCHITECTURE', 'SOA'),
(436, 'SERVICES MARKETING', 'SRM'),
(437, 'SIGNALS & SYSTEMS', 'S&S'),
(438, 'SMART STRUCTURES & SMART MATERIALS', 'SSSM'),
(439, 'SOCIAL NETWORK ANALYSIS', 'SNA'),
(440, 'SOFT COMPUTING TECHNIQUES', 'SCT'),
(441, 'SOFTWARE ARCHITECTURE', 'SA'),
(442, 'SOFTWARE DESIGN', 'SD'),
(443, 'SOFTWARE ENGINEERING & METHODLOGIES', 'SEM'),
(444, 'SOFTWARE ENGINEERING & QUALITY ASSURANCE', 'SEQA'),
(445, 'SOFTWARE PROCESS & PROJECT MANAGEMENT', 'SPPM'),
(446, 'SOFTWARE QUALITY ASSURANCE', 'SQA'),
(447, 'SOFTWARE QUALITY ASSURANCE & TESTING', 'SQAT'),
(448, 'SOFTWARE QUALITY MANAGEMENT', 'SQM'),
(449, 'SOFTWARE REQUIREMENTS ENGINEERING', 'SRE'),
(450, 'SOFTWARE TECHNOLOGY FOR EMBEDDED SYSTEMS', 'STES'),
(451, 'SOFTWARE TESTING', 'SWT'),
(452, 'SOLAR & ENERGY STORAGE SYSTEMS', 'SESS'),
(453, 'SOLID STATE AC DRIVES', 'SSACD'),
(454, 'SOLID STATE DC DRIVES', 'SSDCD'),
(455, 'SOLID STATE DEVICE MODELLING & SIMULATION', 'SSDMS'),
(456, 'SOLID STATE DEVICES & CIRCUITS', 'SSDC'),
(457, 'STATISTICS FOR MANAGEMENT', 'STAT'),
(458, 'STEEL STRUCTURES', 'STS'),
(459, 'STRATEGIC HUMAN RESOURCE MANAGEMENT', 'SHRM'),
(460, 'STRATEGIC MANAGEMENT', 'STM'),
(461, 'STRUCTURAL ANALYSIS-1', 'SA-1'),
(462, 'STRUCTURAL DYNAMICS', 'SDYN'),
(463, 'STRUCTURAL DYNAMICS & EARTHQUAKE ENGG', 'SDEE'),
(464, 'SURVEYING', 'SURG'),
(465, 'SURVEYING-1', 'SU-1'),
(466, 'SURVEYING-2', 'SU-2'),
(467, 'SYSTEM ON CHIP DESIGN', 'SOCD'),
(468, 'SYSTEM SOFTWARE', 'SS'),
(469, 'SYSTEM THEORY', 'STY'),
(470, 'TALL BUILDINGS', 'TB'),
(471, 'TCP / IP DESIGN & IMPLEMENTATION', 'TCPDI'),
(472, 'TCP/IP PROTOCOL SUITE', 'TCPPS'),
(473, 'TECHNICAL ENGLISH', 'TE'),
(474, 'TECHNICAL ENGLISH -1', 'TE-1'),
(475, 'TECHNICAL ENGLISH-2', 'TE-2'),
(476, 'TELECOMMUNICATION SWITCHING & NETWORKS', 'TSN'),
(477, 'TELECOMMUNICATION SYSTEMS', 'TCS'),
(478, 'TELEVISION & VIDEO ENGINEERING', 'TV'),
(479, 'THEORY OF COMPUTATION', 'TOC'),
(480, 'THEORY OF ELASTICITY & PLASTICITY', 'TEP'),
(481, 'THEROETICAL FOUNDATIONS OF COMPUTER SCIENCE', 'TFC'),
(482, 'TRANSFORMS & PARTIAL DIFF. EQU.', 'TPDE'),
(483, 'TRANSMISSION LINES & WAVEGUIDES', 'TLWG'),
(484, 'UNIX & NETWORK PROGRAMMING', 'UNP'),
(485, 'UNIX INTERNALS', 'UI'),
(486, 'USER INTERFACE DESIGN', 'UID'),
(487, 'VHDL', 'VHDL'),
(488, 'VISUAL PROGRAMMING', 'VP'),
(489, 'VLSI DESIGN TECHNIQUES', 'VLSIDT'),
(490, 'VLSI TECHNOLOGY', 'VLSIT'),
(491, 'WATER RESOURCE & IRRIGATION ENGG', 'WRIE'),
(492, 'WEB GRAPHICS', 'WB'),
(493, 'WEB PROGRAMMING', 'WP'),
(494, 'WEB TECHNOLOGY', 'WT'),
(495, 'WIND ENERGY CONVERSION SYSTEMS', 'WECS'),
(496, 'WIRELESS NETWORK SYSTEMS', 'WNS'),
(497, 'WRITTEN COMMUNICATION', 'WRC'),
(498, 'XML & WEBSERVICES', 'XML'),
(499, '.NET TECHNOLOGIES LAB', '.NET LAB'),
(500, 'ADVANCED DATA STRUCTURES LAB', 'ADS LAB'),
(501, 'ADVANCED DATABASES LAB', 'ADB LAB'),
(502, 'ADVANCED STRUCTURAL ENGINEERING LAB', 'ASE LAB'),
(503, 'ANALOG & DIGITAL CIRCUITS LAB', 'ADC LAB'),
(504, 'ANALOG & DIGITAL LAB', 'A&D LAB'),
(505, 'APPLIED HYDRAULIC ENGINEERING LAB', 'AHE LAB'),
(506, 'BASIC ELECTRICAL ELECTRONICS & INSTRUMENTATION ENGINEERING LAB', 'BEEI LAB'),
(507, 'C PROGRAMMING LAB', 'CPRL'),
(508, 'CASE STUDY - NETWORK DESIGN LAB', 'CS-ND LAB'),
(509, 'CASE STUDY-OPERATING SYSTEMS DESIGN', 'OSD LAB'),
(510, 'CASE TOOLS LAB', 'CT LAB'),
(511, 'CIRCUITS & DEVICES LAB', 'CD LAB'),
(512, 'COMMUNICATION LAB', 'CM LAB'),
(513, 'COMMUNICATION SKILL LAB', 'CS LAB'),
(514, 'COMMUNICATION SYSTEM LAB-1', 'CMS LAB-1'),
(515, 'COMPILER DESIGN LAB', 'PCD LAB'),
(516, 'COMPREHENSION LAB', 'CMP LAB'),
(517, 'COMPUTER AIDED BUILDING DRAWING LAB', 'CABD LAB'),
(518, 'COMPUTER AIDED DESIGN & DRAWING LAB', 'CADD LAB'),
(519, 'COMPUTER AIDED DRAFTING & MODELLING LAB', 'CADM LAB'),
(520, 'COMPUTER AIDED MACHINE DRAWING LAB', 'CAMD LAB'),
(521, 'COMPUTER AIDED SIMULATION & ANALYSIS LAB', 'CASA LAB'),
(522, 'COMPUTER GRAPHICS LAB', 'CG LAB'),
(523, 'COMPUTER INTEGRATED MANUFACTURING LAB', 'CIM LAB'),
(524, 'COMPUTER PRACTICE LAB-1', 'CP LAB-1'),
(525, 'COMPUTER PRACTICE LAB-2', 'CP LAB-2'),
(526, 'COMPUTER PROGRAMMING LAB', 'CP LAB'),
(527, 'COMPUTER PROGRAMMING LAB-2', 'CPG LAB-2'),
(528, 'CONCRETE LAB', 'CNC LAB'),
(529, 'CONSTRUCTION MATERIALS LAB', 'CNM LAB'),
(530, 'CONTROL & INSTRUMENTATION LAB', 'C&I LAB'),
(531, 'CONTROL SYSTEMS LAB', 'CTS LAB'),
(532, 'CREATIVITY & INNOVATION LAB', 'CR&I LAB'),
(533, 'DATA ANALYSIS & BUINESS MODELING LAB', 'DABM LAB'),
(534, 'DATA MINING LAB', 'DM LAB'),
(535, 'DATA STRUCTURES & ALGORITHMS LAB', 'DSA LAB'),
(536, 'DATA STRUCTURES & OBJECT ORIENTED PROGRAMMING LAB', 'DSOOP LAB'),
(537, 'DATA STRUCTURES LAB', 'DS LAB'),
(538, 'DESIGN & FABRICATION PROJECT', 'DFP LAB'),
(539, 'DESIGN PROJECT', 'DP'),
(540, 'DIGITAL COMMUNICATION LAB', 'DC LAB'),
(541, 'DIGITAL ELECTRONICS LAB', 'DE LAB'),
(542, 'DIGITAL LAB', 'DIG LAB'),
(543, 'DIGITAL SIGNAL PROCESSING LAB', 'DSP LAB'),
(544, 'DIGITAL SYSTEMS LAB', 'DISY LAB'),
(545, 'DYNAMICS LAB', 'DYN LAB'),
(546, 'DYNAMICS OF MACHINERY LAB', 'DOM LAB'),
(547, 'ELECTRIC CIRCUITS & DEVICES LAB', 'ECD LAB'),
(548, 'ELECTRIC CIRCUITS LAB', 'ELC LAB'),
(549, 'ELECTRICAL & ELECTRONICS LAB', 'EEE LAB'),
(550, 'ELECTRICAL CIRCUITS LAB', 'EC LAB'),
(551, 'ELECTRICAL ENGINEERING & CONTROL SYSTEM LAB', 'EECS LAB'),
(552, 'ELECTRICAL ENGINEERING LAB', 'EE LAB'),
(553, 'ELECTRICAL MACHINES LAB-1', 'EM LAB-1'),
(554, 'ELECTRON DEVICES & CIRCUITS LAB', 'EDC LAB'),
(555, 'ELECTRONIC CIRCUITS LAB-1', 'EC LAB-1'),
(556, 'ELECTRONIC SYSTEM DESIGN LAB', 'ESD LAB'),
(557, 'ELECTRONICS CIRCUITS & SIMULATION LAB-2', 'ECSIM LAB-2'),
(558, 'ELECTRONICS LAB', 'ELEC LAB'),
(559, 'EMBEDDED SYSTEMS LAB', 'ES LAB'),
(560, 'ENGINEERING METROLOGY & MEASUREMENTS LAB', 'EMM LAB'),
(561, 'ENGINEERING PRACTICES LAB(MECH)', 'EP LAB(mech)'),
(562, 'ENVIRONMENTAL &IRRIGATION ENGINEERING DESIGN & DRAWING', 'EID LAB'),
(563, 'FIELD SURVEY CAMP', 'SURVEY CAMP'),
(564, 'FLUID MECHANICS & MACHINERY LAB', 'FM LAB'),
(565, 'FUNDAMENTAL OF DATA STRUCTURE IN C LAB', 'FDSC LAB'),
(566, 'GRAPHICS & MULTIMEDIA LAB', 'G&M LAB'),
(567, 'GRID & CLOUD COMPUTING LAB', 'GCC LAB'),
(568, 'INTERNET PROGRAMMING LAB', 'IP LAB'),
(569, 'INTERPERSONAL SKILLS / LISTENING & SPEAKING', 'ISLS LAB'),
(570, 'JAVA PROGRAMMING LAB', 'JAVA LAB'),
(571, 'MANUFACTURING TECHNOLOGY LAB-1', 'MT LAB-1'),
(572, 'MEASUREMENTS & INSTRUMENTATION LAB', 'MI LAB'),
(573, 'MECHATRONICS LAB', 'MECHA LAB'),
(574, 'METROLOGY & MEASUREMENTS LAB', 'M&M LAB'),
(575, 'MICROPROCESSORS LAB', 'MP LAB'),
(576, 'MIDDLEWARE TECHNOLOGY LAB', 'MT LAB'),
(577, 'MOBILE COMPUTING LAB', 'MC LAB'),
(578, 'NETWORK DESIGN LAB', 'ND LAB'),
(579, 'NETWORK PROGRAMMING LAB', 'NWP LAB'),
(580, 'NETWORKS LAB', 'NW LAB'),
(581, 'OBJECT ORIENTED ANALYSIS & DESIGN LAB', 'OOAD LAB'),
(582, 'OBJECT ORIENTED PROGRAMMING LAB', 'OOPS LAB'),
(583, 'OOPS & DATA STRUCTURES LAB', 'OOPSDS LAB'),
(584, 'OPEN SOURCE LAB', 'OPS LAB'),
(585, 'OPTICAL & MICROWAVE LAB', 'OM LAB'),
(586, 'PHYSICS & CHEMISTRY LAB-1', 'PC LAB-1'),
(587, 'PHYSICS & CHEMISTRY LAB-2', 'PC LAB-2'),
(588, 'POWER ELECTRONIC CIRCUITS LAB', 'PEC LAB'),
(589, 'POWER ELECTRONICS LAB', 'PE LAB'),
(590, 'POWER SYSTEM SIMULATION LAB', 'PSS LAB'),
(591, 'PRACTICAL TRAINING', 'PRT'),
(592, 'PROBLEM SOLVING & PYTHON PROGRAMMING LAB', 'PSPP LAB-1'),
(593, 'PROFESSIONAL SKILL DEVELOPMENT LAB', 'PSD LAB'),
(594, 'PROGRAMMING & DATA STRUCTURES LAB', 'PDS LAB'),
(595, 'PROGRAMMING & DATA STRUCTURES LAB-2', 'PDS LAB-2'),
(596, 'SECURITY LAB', 'SECU LAB'),
(597, 'SEMINAR', 'SEMI'),
(598, 'SERVICE ORIENTED ARCHITECTURE LAB', 'SOA LAB'),
(599, 'SIMULATION & ANALYSIS LAB', 'SA LAB'),
(600, 'SOFTWARE DEVELOPMENT LAB', 'SD LAB'),
(601, 'SOFTWARE ENGINEERING LAB', 'SE LAB'),
(602, 'SOIL MECHANICS LAB', 'SOIL LAB'),
(603, 'SPOKEN & WRITTEN COMMUNICATION', 'SWC'),
(604, 'STRUCTURAL SEMINAR', 'STR SEM'),
(605, 'SURVEY CAMP', 'CAMP'),
(606, 'SURVEY LAB', 'SUR LAB'),
(607, 'SURVEYING PRACTICAL-1', 'SUR LAB-1'),
(608, 'SURVEYING PRACTICAL-2', 'SUR LAB-2'),
(609, 'SYSTEM SOFTWARE LAB', 'SS LAB'),
(610, 'THERMAL ENGINEERING-I LAB', 'TE LAB-1'),
(611, 'THERMAL ENGINEERING-II LAB', 'TE LAB-2'),
(612, 'TRANSPORATION ENGINEERING LAB', 'TE LAB'),
(613, 'VISUAL PROGRAMMING LAB', 'VP LAB'),
(614, 'VLSI LAB-1', 'VLSI LAB-1'),
(615, 'WEB PROGRAMMING LAB', 'WP LAB'),
(616, 'WEB TECHNOLOGY LAB', 'WT LAB'),
(617, 'MINI PROJECT WORK', 'MINI PROJ.'),
(618, 'PROJECT PHASE - I', 'PP-I'),
(619, 'SUMMER TRAINING', 'SUMT'),
(620, 'COUSELLING HOUR', 'CGH'),
(621, 'GENERAL SEMINAR', 'SEM'),
(622, 'HR GAMES', 'HR&G'),
(623, 'KNOWLEDGE DEVELOPMENT LAB', 'KD LAB'),
(624, 'LIBRARY', 'LIBRARY'),
(625, 'NET LAB', 'NET LAB'),
(626, 'PROJECT SEMINAR', 'PROJ-SEM'),
(627, 'TRAINING & PLACEMENT', 'T&P'),
(628, 'VALUE ADDED PROGRAM', 'VAP'),
(629, 'ECONOMIC ANALYSIS FOR BUSINESS', 'EAB'),
(630, 'PRINCIPLES OF MANAGEMENT', 'POM'),
(631, 'ACCOUNTING FOR MANAGEMENT', 'AOM'),
(632, 'LEGAL ASPECTS OF BUSINESS', 'LAB'),
(633, 'ORGANIZATIONAL BEHAVIOUR', 'OB'),
(634, 'STATISTICS FOR MANAGEMENT', 'SM'),
(635, 'TOTAL QUALITY MANAGEMENT', 'TQM'),
(636, 'SPOKEN AND WRITTEN COMMUNICATION  ', 'SWC'),
(637, 'APPLIED OPERATIONS RESEARCH', 'AOR'),
(638, 'BUSINESS RESEARCH METHODS', 'BSM'),
(639, 'FINANCIAL MANAGEMENT', 'FM '),
(640, 'HUMAN RESOURCE MANAGEMENT', 'HRM'),
(641, 'INFORMATION MANAGEMENT', 'IM'),
(642, 'OPERATIONS MANAGEMENT', 'OM '),
(643, 'MARKETING MANAGEMENT', 'MM'),
(644, 'DATA ANALYSIS AND BUSINESS MODELLING ', 'DABM '),
(645, 'INTERNATIONAL BUSINESS MANAGEMENT', 'IBM'),
(646, 'STRATEGIC MANAGEMENT', 'SM'),
(647, 'BRAND MANAGEMENT', 'BM'),
(648, 'SERVICES MARKETING', 'SM'),
(649, 'RETAIL MARKETING', 'RM'),
(650, 'SECURITY ANALYSIS AND PORTFOLIO MANAGEMENT', 'SAPM'),
(651, 'MERCHANT BANKING AND FINANCIAL SERVICES', 'MBFS'),
(652, 'BANKING FINANCIAL SERVICES MANAGEMENT', 'MFSM'),
(653, 'MANAGERIAL BEHAVIOUR AND EFFECTIVENESS', 'MBE'),
(654, 'INDUSTRIAL RELATIONS AND LABOUR WELFARE', 'IRLW'),
(655, 'STRATEGIC HUMAN RESOURCE MANAGEMENT', 'SHRM'),
(656, 'SUMMER TRAINING ', 'ST'),
(657, 'PROJECT WORK', 'PW'),
(658, 'ENGINEERING PRACTICES LAB(CIVIL)', 'EP LAB(CIVIL)'),
(659, 'ENGINEERING PRACTICES LAB(EEE)', 'EP LAB(EEE)'),
(660, 'ENGINEERING PRACTICES LAB(ECE)', 'EP LAB(ECE)');

-- --------------------------------------------------------

--
-- Table structure for table `subject_allocations`
--

CREATE TABLE `subject_allocations` (
  `id` int(11) NOT NULL,
  `class_id` int(11) NOT NULL,
  `subject_id` int(11) NOT NULL,
  `faculty_id` int(11) NOT NULL
) ENGINE=InnoDB DEFAULT CHARSET=latin1;

--
-- Dumping data for table `subject_allocations`
--

INSERT INTO `subject_allocations` (`id`, `class_id`, `subject_id`, `faculty_id`) VALUES
(1, 19, 86, 13),
(2, 19, 87, 95),
(3, 19, 88, 87),
(4, 19, 89, 93),
(5, 19, 90, 88),
(6, 19, 91, 9),
(7, 19, 92, 95),
(8, 19, 93, 94),
(9, 20, 32, 57),
(10, 20, 2, 106),
(11, 20, 95, 102),
(12, 20, 96, 91),
(13, 20, 97, 92),
(14, 20, 98, 89),
(15, 20, 99, 102),
(16, 20, 100, 91),
(17, 20, 18, 25),
(18, 21, 101, 90),
(19, 21, 102, 91),
(20, 21, 103, 89),
(21, 21, 104, 54),
(22, 31, 105, 95),
(23, 31, 106, 87),
(24, 31, 107, 94),
(25, 31, 108, 93),
(26, 31, 109, 90),
(27, 31, 110, 89),
(28, 31, 111, 91),
(29, 31, 31, 89),
(30, 16, 43, 14),
(31, 16, 59, 82),
(32, 16, 60, 81),
(33, 16, 61, 79),
(34, 16, 62, 80),
(35, 16, 63, 78),
(36, 16, 64, 82),
(37, 16, 65, 80),
(38, 16, 66, 76),
(39, 17, 67, 90),
(40, 17, 68, 75),
(41, 17, 69, 74),
(42, 17, 70, 76),
(43, 17, 71, 82),
(44, 17, 72, 77),
(45, 17, 73, 75),
(46, 17, 74, 90),
(47, 17, 75, 74),
(48, 18, 76, 73),
(49, 18, 77, 72),
(50, 18, 78, 76),
(51, 29, 79, 73),
(52, 29, 68, 75),
(53, 29, 81, 74),
(54, 29, 82, 72),
(55, 29, 83, 120),
(56, 29, 84, 79),
(57, 29, 85, 75),
(58, 22, 1, 12),
(59, 22, 2, 112),
(60, 22, 3, 110),
(61, 22, 4, 103),
(62, 22, 5, 108),
(63, 22, 6, 111),
(64, 22, 7, 24),
(65, 22, 8, 110),
(66, 22, 9, 108),
(67, 23, 10, 104),
(68, 23, 11, 102),
(69, 23, 12, 106),
(70, 23, 13, 107),
(71, 23, 14, 108),
(72, 23, 15, 92),
(73, 23, 16, 112),
(74, 23, 17, 106),
(75, 23, 18, 23),
(76, 24, 19, 112),
(77, 24, 20, 99),
(78, 24, 21, 100),
(79, 33, 24, 109),
(80, 33, 25, 100),
(81, 33, 26, 108),
(82, 33, 27, 110),
(83, 33, 28, 99),
(84, 33, 29, 98),
(85, 33, 30, 103),
(86, 33, 31, 104),
(87, 3, 112, 15),
(88, 3, 113, 48),
(89, 3, 114, 55),
(90, 3, 115, 60),
(91, 3, 116, 62),
(92, 3, 117, 49),
(93, 3, 118, 66),
(94, 3, 119, 62),
(95, 3, 7, 23),
(96, 4, 112, 16),
(97, 4, 113, 65),
(98, 4, 114, 56),
(99, 4, 115, 47),
(100, 4, 116, 46),
(101, 4, 117, 70),
(102, 4, 118, 65),
(103, 4, 119, 46),
(104, 4, 7, 24),
(105, 5, 112, 20),
(106, 5, 113, 54),
(107, 5, 114, 60),
(108, 5, 115, 61),
(109, 5, 116, 63),
(110, 5, 117, 69),
(111, 5, 118, 60),
(112, 5, 119, 63),
(113, 5, 7, 25),
(114, 6, 32, 55),
(115, 6, 120, 53),
(116, 6, 121, 52),
(117, 6, 122, 58),
(118, 6, 123, 46),
(119, 6, 124, 44),
(120, 6, 125, 55),
(121, 6, 126, 50),
(122, 6, 18, 25),
(123, 7, 32, 63),
(124, 7, 120, 68),
(125, 7, 121, 58),
(126, 7, 122, 71),
(127, 7, 123, 67),
(128, 7, 124, 65),
(129, 7, 125, 71),
(130, 7, 126, 68),
(131, 7, 18, 24),
(132, 8, 32, 66),
(133, 8, 120, 68),
(134, 8, 121, 64),
(135, 8, 122, 59),
(136, 8, 123, 70),
(137, 8, 124, 45),
(138, 8, 125, 69),
(139, 8, 126, 52),
(140, 8, 18, 25),
(141, 9, 128, 62),
(142, 9, 129, 56),
(143, 9, 130, 52),
(144, 10, 128, 64),
(145, 10, 129, 59),
(146, 10, 130, 69),
(147, 11, 128, 66),
(148, 11, 129, 67),
(149, 11, 130, 50),
(150, 25, 131, 47),
(151, 25, 132, 119),
(152, 25, 133, 45),
(153, 25, 134, 67),
(154, 25, 135, 61),
(155, 25, 136, 48),
(156, 25, 137, 66),
(157, 25, 66, 47),
(158, 14, 32, 38),
(159, 14, 33, 41),
(160, 14, 34, 43),
(161, 15, 32, 34),
(162, 15, 33, 30),
(163, 15, 34, 36),
(164, 13, 35, 40),
(165, 13, 36, 37),
(166, 13, 37, 39),
(167, 13, 38, 42),
(168, 13, 39, 34),
(169, 13, 40, 31),
(170, 13, 41, 40),
(171, 13, 42, 34),
(172, 12, 43, 12),
(173, 12, 44, 32),
(174, 12, 45, 36),
(175, 12, 46, 35),
(176, 12, 47, 40),
(177, 12, 48, 42),
(178, 12, 49, 37),
(179, 12, 50, 35),
(180, 12, 7, 23),
(181, 27, 51, 31),
(182, 27, 52, 37),
(183, 27, 53, 43),
(184, 27, 54, 39),
(185, 27, 55, 33),
(186, 27, 56, 32),
(187, 27, 57, 32),
(188, 35, 473, 24),
(189, 35, 273, 20),
(190, 35, 394, 4),
(191, 35, 91, 7),
(192, 35, 274, 32),
(193, 35, 184, 95),
(194, 35, 517, 43),
(195, 35, 561, 53),
(196, 35, 659, 81),
(197, 35, 660, 94),
(198, 36, 473, 25),
(199, 36, 273, 14),
(200, 36, 340, 5),
(201, 36, 91, 8),
(202, 36, 274, 51),
(203, 36, 186, 75),
(204, 36, 506, 73),
(205, 36, 561, 51),
(206, 36, 659, 79),
(207, 36, 660, 92),
(208, 37, 473, 23),
(209, 37, 273, 13),
(210, 37, 395, 4),
(211, 37, 91, 8),
(212, 37, 198, 78),
(213, 37, 182, 61),
(214, 37, 550, 78),
(215, 37, 561, 61),
(216, 37, 659, 81),
(217, 37, 660, 92),
(218, 38, 473, 24),
(219, 38, 273, 16),
(220, 38, 395, 5),
(221, 38, 186, 120),
(222, 38, 197, 81),
(223, 38, 258, 93),
(224, 38, 511, 93),
(225, 38, 561, 49),
(226, 38, 659, 81),
(227, 38, 660, 94),
(228, 39, 473, 23),
(229, 39, 273, 15),
(230, 39, 396, 2),
(231, 39, 91, 9),
(232, 39, 414, 109),
(233, 39, 187, 80),
(234, 39, 507, 109),
(235, 39, 561, 64),
(236, 39, 659, 79),
(237, 39, 660, 94),
(238, 1, 637, 20),
(239, 1, 638, 118),
(240, 1, 639, 115),
(241, 1, 640, 117),
(242, 1, 641, 116),
(243, 1, 642, 57),
(244, 1, 643, 118),
(245, 1, 644, 117),
(246, 9, 657, 56),
(247, 10, 657, 59),
(248, 11, 657, 58),
(249, 24, 657, 99),
(250, 34, 23, 98),
(251, 14, 657, 33),
(252, 15, 657, 36),
(253, 21, 657, 87),
(254, 32, 23, 87),
(255, 18, 657, 73),
(256, 29, 617, 74);

--
-- Indexes for dumped tables
--

--
-- Indexes for table `admin`
--
ALTER TABLE `admin`
  ADD PRIMARY KEY (`id`),
  ADD KEY `dept_id` (`dept_id`);

--
-- Indexes for table `classes`
--
ALTER TABLE `classes`
  ADD PRIMARY KEY (`id`),
  ADD KEY `classes_ibfk_1` (`department_id`);

--
-- Indexes for table `departments`
--
ALTER TABLE `departments`
  ADD PRIMARY KEY (`id`);

--
-- Indexes for table `developer`
--
ALTER TABLE `developer`
  ADD PRIMARY KEY (`id`);

--
-- Indexes for table `faculties`
--
ALTER TABLE `faculties`
  ADD PRIMARY KEY (`id`),
  ADD KEY `faculties_ibfk_1` (`department_id`);

--
-- Indexes for table `feedbacks`
--
ALTER TABLE `feedbacks`
  ADD PRIMARY KEY (`id`),
  ADD KEY `feedbacks_ibfk_1` (`sa_id`),
  ADD KEY `feedbacks_ibfk_2` (`student_id`),
  ADD KEY `feedbacks_ibfk_3` (`phase`);

--
-- Indexes for table `phase`
--
ALTER TABLE `phase`
  ADD PRIMARY KEY (`id`);

--
-- Indexes for table `principal`
--
ALTER TABLE `principal`
  ADD PRIMARY KEY (`id`);

--
-- Indexes for table `students`
--
ALTER TABLE `students`
  ADD PRIMARY KEY (`id`),
  ADD KEY `students_ibfk_1` (`class_id`);

--
-- Indexes for table `subjects`
--
ALTER TABLE `subjects`
  ADD PRIMARY KEY (`id`);

--
-- Indexes for table `subject_allocations`
--
ALTER TABLE `subject_allocations`
  ADD PRIMARY KEY (`id`),
  ADD KEY `subject_allocations_ibfk_1` (`class_id`),
  ADD KEY `subject_allocations_ibfk_2` (`faculty_id`),
  ADD KEY `subject_allocations_ibfk_3` (`subject_id`);

--
-- AUTO_INCREMENT for dumped tables
--

--
-- AUTO_INCREMENT for table `admin`
--
ALTER TABLE `admin`
  MODIFY `id` int(11) NOT NULL AUTO_INCREMENT, AUTO_INCREMENT=9;

--
-- AUTO_INCREMENT for table `classes`
--
ALTER TABLE `classes`
  MODIFY `id` int(11) NOT NULL AUTO_INCREMENT, AUTO_INCREMENT=40;

--
-- AUTO_INCREMENT for table `departments`
--
ALTER TABLE `departments`
  MODIFY `id` int(11) NOT NULL AUTO_INCREMENT, AUTO_INCREMENT=8;

--
-- AUTO_INCREMENT for table `developer`
--
ALTER TABLE `developer`
  MODIFY `id` int(11) NOT NULL AUTO_INCREMENT, AUTO_INCREMENT=3;

--
-- AUTO_INCREMENT for table `faculties`
--
ALTER TABLE `faculties`
  MODIFY `id` int(11) NOT NULL AUTO_INCREMENT, AUTO_INCREMENT=121;

--
-- AUTO_INCREMENT for table `feedbacks`
--
ALTER TABLE `feedbacks`
  MODIFY `id` int(11) NOT NULL AUTO_INCREMENT, AUTO_INCREMENT=4636;

--
-- AUTO_INCREMENT for table `phase`
--
ALTER TABLE `phase`
  MODIFY `id` int(1) NOT NULL AUTO_INCREMENT, AUTO_INCREMENT=3;

--
-- AUTO_INCREMENT for table `principal`
--
ALTER TABLE `principal`
  MODIFY `id` int(11) NOT NULL AUTO_INCREMENT, AUTO_INCREMENT=2;

--
-- AUTO_INCREMENT for table `students`
--
ALTER TABLE `students`
  MODIFY `id` int(11) NOT NULL AUTO_INCREMENT, AUTO_INCREMENT=1752;

--
-- AUTO_INCREMENT for table `subjects`
--
ALTER TABLE `subjects`
  MODIFY `id` int(11) NOT NULL AUTO_INCREMENT, AUTO_INCREMENT=661;

--
-- AUTO_INCREMENT for table `subject_allocations`
--
ALTER TABLE `subject_allocations`
  MODIFY `id` int(11) NOT NULL AUTO_INCREMENT, AUTO_INCREMENT=257;

--
-- Constraints for dumped tables
--

--
-- Constraints for table `admin`
--
ALTER TABLE `admin`
  ADD CONSTRAINT `admin_ibfk_1` FOREIGN KEY (`dept_id`) REFERENCES `departments` (`id`) ON DELETE CASCADE ON UPDATE CASCADE;

--
-- Constraints for table `classes`
--
ALTER TABLE `classes`
  ADD CONSTRAINT `classes_ibfk_1` FOREIGN KEY (`department_id`) REFERENCES `departments` (`id`) ON UPDATE CASCADE;

--
-- Constraints for table `faculties`
--
ALTER TABLE `faculties`
  ADD CONSTRAINT `faculties_ibfk_1` FOREIGN KEY (`department_id`) REFERENCES `departments` (`id`) ON UPDATE CASCADE;

--
-- Constraints for table `feedbacks`
--
ALTER TABLE `feedbacks`
  ADD CONSTRAINT `feedbacks_ibfk_1` FOREIGN KEY (`sa_id`) REFERENCES `subject_allocations` (`id`) ON UPDATE CASCADE,
  ADD CONSTRAINT `feedbacks_ibfk_2` FOREIGN KEY (`student_id`) REFERENCES `students` (`id`) ON UPDATE CASCADE,
  ADD CONSTRAINT `feedbacks_ibfk_3` FOREIGN KEY (`phase`) REFERENCES `phase` (`id`) ON UPDATE CASCADE;

--
-- Constraints for table `students`
--
ALTER TABLE `students`
  ADD CONSTRAINT `students_ibfk_1` FOREIGN KEY (`class_id`) REFERENCES `classes` (`id`) ON UPDATE CASCADE;

--
-- Constraints for table `subject_allocations`
--
ALTER TABLE `subject_allocations`
  ADD CONSTRAINT `subject_allocations_ibfk_1` FOREIGN KEY (`class_id`) REFERENCES `classes` (`id`) ON UPDATE CASCADE,
  ADD CONSTRAINT `subject_allocations_ibfk_2` FOREIGN KEY (`faculty_id`) REFERENCES `faculties` (`id`) ON UPDATE CASCADE,
  ADD CONSTRAINT `subject_allocations_ibfk_3` FOREIGN KEY (`subject_id`) REFERENCES `subjects` (`id`) ON UPDATE CASCADE;
COMMIT;

/*!40101 SET CHARACTER_SET_CLIENT=@OLD_CHARACTER_SET_CLIENT */;
/*!40101 SET CHARACTER_SET_RESULTS=@OLD_CHARACTER_SET_RESULTS */;
/*!40101 SET COLLATION_CONNECTION=@OLD_COLLATION_CONNECTION */;
